time|phrase|quote|title|author|ampm|score|keep
00:00|midnight|Towards midnight she began to wander in her speech; and after that it gradually set in that she said innumerable times in a low solemn voice, "What have I done!"|Great Expectations|Charles Dickens|explicit|5.5|
00:00|midnight|"I never felt so much like crying in my life," said Dolly, as he asked for a glass of brandy-and-water at about midnight.|The Way We Live Now|Anthony Trollope|explicit|5.5|
00:00|midnight|He drew out his watch, and exclaimed, 'Morbleu! nearly nine o'clock - why, I shall not get back to Beaucaire before midnight!|The Count of Monte Cristo|Alexandre Dumas|explicit|5.5|
00:00|twelve o'clock|We have said that at half-past twelve o'clock Madame Danglars had ordered her horses, and had left home in the carriage.|The Count of Monte Cristo|Alexandre Dumas|am-cue|5.5|
00:00|midnight|When Charles came home at midnight, she seemed to have just awakened, and as he made a noise undressing, she complained of a headache, then asked carelessly what had happened that evening.|Madame Bovary|Gustave Flaubert|explicit|5.5|
00:00|midnight|"Gentlemen, the dispositions for tomorrow - or rather for today, for it is past midnight - cannot now be altered," said he.|War and Peace|graf Leo Tolstoy|explicit|5.5|
00:00|midnight|I told him I should stay there till midnight, and I asked him to be sure to come at midnight to fetch me home.|The Brothers Karamazov|Fyodor Dostoyevsky|explicit|5.5|
00:00|midnight|At last he reached the point in his story when he learned that Grushenka had deceived him and had returned from Samsonov's as soon as he left her there, though she had said that she would stay there till midnight.|The Brothers Karamazov|Fyodor Dostoyevsky|explicit|5.5|
00:00|midnight|And, mother, the old dame said that this scarlet letter was the Black Man's mark on thee, and that it glows like a red flame when thou meetest him at midnight, here in the dark wood.|The Scarlet Letter|Nathaniel Hawthorne|explicit|5.5|
00:00|twelve o'clock|She was engaged to breakfast that morning with the Duchess of Beltshire, and at twelve o'clock she asked to be set ashore in the gig.|The House of Mirth|Edith Wharton|am-cue|5.5|
00:00|midnight|Kennicott had returned at midnight. At breakfast he said four several times that he had missed her every moment.|Main Street|Sinclair Lewis|explicit|5.5|
00:00|midnight|He knew the coast perfectly well, so about midnight, when he felt himself gently bumped on a weed-bed, he said, "Hm, tide's running strong tonight," and turning over under water opened his eyes slowly and stretched.|The Jungle Book|Rudyard Kipling|explicit|5.5|
00:00|twelve o'clock|The morning of the interesting day arrived, and Mrs. Weston's faithful pupil did not forget either at ten, or eleven, or twelve o'clock, that she was to think of her at four.|Emma|Jane Austen|am-cue|5.0|
00:00|midnight|A memorable storm of thunder and lightning broke with that sweep of water, and there was not a moment's interval in crash, and fire, and rain, until after the moon rose at midnight.|A Tale of Two Cities|Charles Dickens|explicit|5.0|
00:00|midnight|He left his two letters with a trusty porter, to be delivered half an hour before midnight, and no sooner; took horse for Dover; and began his journey.|A Tale of Two Cities|Charles Dickens|explicit|5.0|
00:00|midnight|Mr. Lorry waited until ten; but, Doctor Manette not returning, and he being unwilling to leave Lucie any longer, it was arranged that he should go back to her, and come to the banking-house again at midnight.|A Tale of Two Cities|Charles Dickens|explicit|5.0|
00:00|midnight|It was past midnight when I crossed London Bridge. Pursuing the narrow intricacies of the streets which at that time tended westward near the Middlesex shore of the river, my readiest access to the Temple was close by the river-side, through Whitefriars.|Great Expectations|Charles Dickens|explicit|5.0|
00:00|midnight|About midnight I got out of bed and went to Herbert, with the conviction that I had been asleep for four-and-twenty hours, and that Wednesday was past.|Great Expectations|Charles Dickens|explicit|5.0|
00:00|midnight|But, although it was nearly midnight when I came out of the yard in a chaise, followed by what I had in charge, there were many people waiting.|David Copperfield|Charles Dickens|explicit|5.0|
00:00|midnight|Thoroughly tired, I went to bed too, at midnight; passed the next day on the Dover coach; burst safe and sound into my aunt's old parlour while she was at tea (she wore spectacles now); and was received by her, and Mr. Dick, and dear old Peggotty, who acted as housekeeper, with open arms and tears of joy.|David Copperfield|Charles Dickens|explicit|5.0|
00:00|midnight|From early in the evening until nearly midnight, little groups of two and three presented themselves at the lodge-gate, and inquired, with anxious faces, whether any reprieve had been received.|Oliver Twist|Charles Dickens|explicit|5.0|
00:00|midnight|It was nearly midnight before we found an opportunity of going to bed, and even then we left Mrs. Jellyby among her papers drinking coffee and Miss Jellyby biting the feather of her pen.|Bleak House|Charles Dickens|explicit|5.0|
00:00|midnight|Now do they note down, in the watches of the night, how the neighbourhood of Chancery Lane was yesterday, at about midnight, thrown into a state of the most intense agitation and excitement by the following alarming and horrible discovery.|Bleak House|Charles Dickens|explicit|5.0|
00:00|midnight|She is not the first to speak, appearing indeed so unlikely to be so, though he stood there until midnight, that even he is driven upon breaking silence.|Bleak House|Charles Dickens|explicit|5.0|
00:00|midnight|He related how he had first met him; how he had eloped with Miss Wardle; how he had cheerfully resigned the lady for a pecuniary consideration; how he had entrapped himself into a lady's boarding-school at midnight; and how he (Mr. Pickwick) now felt it his duty to expose his assumption of his present name and rank.|The Pickwick Papers|Charles Dickens|explicit|5.0|
00:00|midnight|Thus they continued to ask each other who called so loud, over and over again; and when Smike had that by heart Nicholas went to another sentence, and then to two at a time, and then to three, and so on, until at midnight poor Smike found to his unspeakable joy that he really began to remember something about the text.|Nicholas Nickleby|Charles Dickens|explicit|5.0|
00:00|midnight|'Let the fellow talk, I have nothing serious to say to boys of his station; and his pretty sister shall save him a broken head, if he talks till midnight.'|Nicholas Nickleby|Charles Dickens|explicit|5.0|
00:00|midnight|As Nicholas had some distance to walk, it was considerably past midnight by the time he reached home, where he found his mother and Smike sitting up to receive him.|Nicholas Nickleby|Charles Dickens|explicit|5.0|
00:00|midnight|It was nearly midnight when they rushed out, wild, burning with wine, their blood boiling, and their brains on fire, to the gaming-table.|Nicholas Nickleby|Charles Dickens|explicit|5.0|
00:00|midnight|It was a long, long time, she tried to think, since she had entered his room at midnight, and he had led her back to the stair-foot!|Dombey and Son|Charles Dickens|explicit|5.0|
00:00|midnight|At dinner, he was envied and flattered as a being of might, was Treasuried, Barred, and Bishoped, as much as he would; and an hour after midnight came home alone, and being instantly put out again in his own hall, like a rushlight, by the chief butler, went sighing to bed.|Little Dorrit|Charles Dickens|explicit|5.0|
00:00|midnight|When it was almost midnight, and the prison had long been quiet, a cautious creak came up the stairs, and a cautious tap of a key was given at his door.|Little Dorrit|Charles Dickens|explicit|5.0|
00:00|midnight|The envelope was a very coarse one and was stamped with the Gravesend postmark and with the date of that very day, or rather of the day before, for it was considerably after midnight.|The Adventures of Sherlock Holmes|Arthur Conan Doyle|explicit|5.0|
00:00|midnight|On the other hand, the face and manner of my patron had made an unpleasant impression upon me, and I could not think that his explanation of the fuller's-earth was sufficient to explain the necessity for my coming at midnight, and his extreme anxiety lest I should tell anyone of my errand.|The Adventures of Sherlock Holmes|Arthur Conan Doyle|explicit|5.0|
00:00|midnight|In silence we again drove for an interminable distance with the windows raised, until at last, just after midnight, the carriage pulled up.|The Memoirs of Sherlock Holmes|Arthur Conan Doyle|explicit|5.0|
00:00|midnight|Finally, it was not until after midnight that the four travelers were released at the entrance to Lord John Roxton's chambers in the Albany, and that the exuberant crowd, having sung 'They are Jolly Good Fellows' in chorus, concluded their program with 'God Save the King.'|The Lost World|Arthur Conan Doyle|explicit|5.0|
00:00|midnight|It had occurred towards midnight of the twelfth; and the spectroscope, to which he had at once resorted, indicated a mass of flaming gas, chiefly hydrogen, moving with an enormous velocity towards this earth.|The war of the worlds|H. G. Wells|explicit|5.0|
00:00|struck midnight|A reddish flash at the edge, the slightest projection of the outline just as the chronometer struck midnight; and at that I told Ogilvy and he took my place.|The war of the worlds|H. G. Wells|explicit|5.0|
00:00|midnight|Hundreds of observers saw the flame that night and the night after about midnight, and again the night after; and so for ten nights, a flame each night.|The war of the worlds|H. G. Wells|explicit|5.0|
00:00|midnight|A few seconds after midnight the crowd in the Chertsey road, Woking, saw a star fall from heaven into the pine woods to the northwest.|The war of the worlds|H. G. Wells|explicit|5.0|
00:00|midnight|The night was warm and still, and a little oppressive; the sound of guns continued intermittently, and after midnight there seemed to be sheet lightning in the south.|The war of the worlds|H. G. Wells|explicit|5.0|
00:00|midnight|He went to bed a little after midnight, and was awakened from lurid dreams in the small hours of Monday by the sound of door knockers, feet running in the street, distant drumming, and a clamour of bells.|The war of the worlds|H. G. Wells|explicit|5.0|
00:00|midnight|By midnight the blazing trees along the slopes of Richmond Park and the glare of Kingston Hill threw their light upon a network of black smoke, blotting out the whole valley of the Thames and extending as far as the eye could reach.|The war of the worlds|H. G. Wells|explicit|5.0|
00:00|midnight|All the railway lines north of the Thames and the South-Eastern people at Cannon Street had been warned by midnight on Sunday, and trains were being filled.|The war of the worlds|H. G. Wells|explicit|5.0|
00:00|midnight|Towards midnight our talk of London died away, and we stood side by side leaning over the bulwarks and staring dreamily over the silent, starlit sea, each pursuing his own thoughts.|The island of Doctor Moreau|H. G. Wells|explicit|5.0|
00:00|midnight|At midnight, then, I have to ask you to be alone in your consulting room, to admit with your own hand into the house a man who will present himself in my name, and to place in his hands the drawer that you will have brought with you from my cabinet.|The strange case of Dr. Jekyll and Mr. Hyde|Robert Louis Stevenson|explicit|5.0|
00:00|midnight|In that case, dear Lanyon, do my errand when it shall be most convenient for you in the course of the day; and once more expect my messenger at midnight.|The strange case of Dr. Jekyll and Mr. Hyde|Robert Louis Stevenson|explicit|5.0|
00:00|midnight|This gave me a sort of shock, for I suppose the general superstition about midnight was increased by my recent experiences.|Dracula|Bram Stoker|explicit|5.0|
00:00|midnight|The wind fell away entirely during the evening, and at midnight there was a dead calm, a sultry heat, and that prevailing intensity which, on the approach of thunder, affects persons of a sensitive nature.|Dracula|Bram Stoker|explicit|5.0|
00:00|midnight|A little after midnight came a strange sound from over the sea, and high overhead the air began to carry a strange, faint, hollow booming.|Dracula|Bram Stoker|explicit|5.0|
00:00|midnight|This morning the man on duty reported to me that a little after midnight he was restless and kept saying his prayers somewhat loudly.|Dracula|Bram Stoker|explicit|5.0|
00:00|midnight|A being whom I myself had formed, and endued with life, had met me at midnight among the precipices of an inaccessible mountain.|Frankenstein; or, the modern prometheus|Mary Wollstonecraft Shelley|explicit|5.0|
00:00|midnight|Leaving Joseph to explain matters, I ran to the children's room: their door was ajar, I saw they had never lain down, though it was past midnight; but they were calmer, and did not need me to console them.|Wuthering Heights|Emily Brontë|explicit|5.0|
00:00|midnight|He saw I knew nought about it, and he told how a gentleman and lady had stopped to have a horse's shoe fastened at a blacksmith's shop, two miles out of Gimmerton, not very long after midnight! and how the blacksmith's lass had got up to spy who they were: she knew them both directly.|Wuthering Heights|Emily Brontë|explicit|5.0|
00:00|tolled midnight|The clocks struck and the bells tolled midnight; people were leaving fast: the fête was over; the lamps were fading.|Villette|Charlotte Brontë|explicit|5.0|
00:00|midnight|Most certainly also they did not picture "Meess Lucie" otherwise engaged; and here we all three were taking our "ébats" in the fête-blazing park at midnight!|Villette|Charlotte Brontë|explicit|5.0|
00:00|midnight|The advancing hours make it strong: by midnight, all sleepless watchers hear and fear a wild south-west storm.|Villette|Charlotte Brontë|explicit|5.0|
00:00|midnight|The coach was taking her to York, farther away from home; but she did not learn that until she was set down in the old city at midnight.|The Mill on the Floss|George Eliot|explicit|5.0|
00:00|midnight|It was past midnight, and the rain was beating heavily against the window, driven with fitful force by the rushing, loud-moaning wind.|The Mill on the Floss|George Eliot|explicit|5.0|
00:00|midnight|When Godfrey Cass returned from Mrs. Osgood's party at midnight, he was not much surprised to learn that Dunsey had not come home.|Silas Marner|George Eliot|explicit|5.0|
00:00|midnight|This was the view of the case that Godfrey managed to keep before him pretty closely till midnight, and he went to sleep thinking that he had done with inward debating.|Silas Marner|George Eliot|explicit|5.0|
00:00|midnight|Thus she proceeded mile after mile, ascending and descending till she came to Bulbarrow, and about midnight looked from that height into the abyss of chaotic shade which was all that revealed itself of the vale on whose further side she was born.|Tess of the d'Urbervilles: A Pure Woman|Thomas Hardy|explicit|5.0|
00:00|midnight|It was about midnight when they went along the deserted streets, lighted fitfully by the few lamps, keeping off the pavement that it might not echo their footsteps.|Tess of the d'Urbervilles: A Pure Woman|Thomas Hardy|explicit|5.0|
00:00|midnight|By reason of the density of the interwoven foliage it was gloomy there at cloudless noontide, twilight in the evening, dark as midnight at dusk, and black as the ninth plague of Egypt at midnight.|Far from the Madding Crowd|Thomas Hardy|explicit|5.0|
00:00|midnight|After midnight the voice of a clock seems to lose in breadth as much as in length, and to diminish its sonorousness to a thin falsetto.|Far from the Madding Crowd|Thomas Hardy|explicit|5.0|
00:00|midnight|Those who knew it well called it a path; and, while a mere visitor would have passed it unnoticed even by day, the regular haunters of the heath were at no loss for it at midnight.|The Return of the Native|Thomas Hardy|explicit|5.0|
00:00|midnight|Four hours after the present time, that is, at midnight, he was to be ready to drive her to Budmouth, as prearranged.|The Return of the Native|Thomas Hardy|explicit|5.0|
00:00|midnight|At length he turned to the lamp and looked at his watch. To his surprise it was nearly a quarter past midnight.|The Return of the Native|Thomas Hardy|explicit|5.0|
00:00|twelve o'clock|"We are going to this party at Ullathorne to-morrow morning, my dear; we must be there early, you know - by twelve o'clock I suppose."|Barchester Towers|Anthony Trollope|am-cue|5.0|
00:00|twelve o'clock|The three of them sat in consultation on this epistle for some ten or fifteen minutes, and then decided that Eleanor should write a line saying that she would see the signora the next morning at twelve o'clock.|Barchester Towers|Anthony Trollope|am-cue|5.0|
00:00|midnight|He was allowed to remain waiting for Ruby till midnight, and then, with a sorrowful heart, he took his departure.|The Way We Live Now|Anthony Trollope|explicit|5.0|
00:00|twelve o'clock|It was then settled that they should meet each other, and also meet Mr. Longestaffe senior, Bideawhile, and Melmotte, at twelve o'clock on Friday morning in Bruton Street.|The Way We Live Now|Anthony Trollope|am-cue|5.0|
00:00|midnight|The idea of this conversion set Rawdon into roars of laughter: you might have heard the explosion through the hotel at midnight, and the haw-haws of the great dragoon's voice.|Vanity Fair|William Makepeace Thackeray|explicit|5.0|
00:00|midnight|My mother and sister had spoken so many last words, and had begged me to wait another five minutes so many times, that it was nearly midnight when the servant locked the garden-gate behind me.|The Woman in White|Wilkie Collins|explicit|5.0|
00:00|midnight|What sort of a woman she was, and how she came to be out alone in the high-road, an hour after midnight, I altogether failed to guess.|The Woman in White|Wilkie Collins|explicit|5.0|
00:00|midnight|I am writing these lines in the solitude of my own room, long after midnight, having just come back from a stolen look at Laura in her pretty little white bed - the bed she has occupied since the days of her girlhood.|The Woman in White|Wilkie Collins|explicit|5.0|
00:00|midnight|Before midnight Sir Percival's strange temper broke out in the most violent and most alarming manner, and if the gardener had not been on the spot to pacify him on the instant, I am afraid to think what might have happened.|The Woman in White|Wilkie Collins|explicit|5.0|
00:00|midnight|Towards midnight, I went round the house to lock up, accompanied by my second in command (Samuel, the footman), as usual.|The Moonstone|Wilkie Collins|explicit|5.0|
00:00|midnight|Later still, at midnight, the police, having occasion to search the common lodging-house where they lived, had seen them all three again, and their little boy with them, as usual.|The Moonstone|Wilkie Collins|explicit|5.0|
00:00|midnight|The testimony of the inhabitants also declares, that Shore Lane, after midnight, is one of the quietest and loneliest streets in London.|The Moonstone|Wilkie Collins|explicit|5.0|
00:00|midnight|He breakfasted and dined at the club, at hours mathematically fixed, in the same room, at the same table, never taking his meals with other members, much less bringing a guest with him; and went home at exactly midnight, only to retire at once to bed.|Around the World in Eighty Days|Jules Verne|explicit|5.0|
00:00|midnight|Everything was regulated and foreseen that was to be done from half-past eleven a.m. till midnight, the hour at which the methodical gentleman retired.|Around the World in Eighty Days|Jules Verne|explicit|5.0|
00:00|midnight|Passepartout, who had conscientiously studied the programme of his duties, was more than surprised to see his master guilty of the inexactness of appearing at this unaccustomed hour; for, according to rule, he was not due in Saville Row until precisely midnight.|Around the World in Eighty Days|Jules Verne|explicit|5.0|
00:00|midnight|They waited till midnight; but no change took place among the guards, and it became apparent that their yielding to sleep could not be counted on.|Around the World in Eighty Days|Jules Verne|explicit|5.0|
00:00|midnight|Mr. Fogg and Aouda descended into the cabin at midnight, having been already preceded by Fix, who had lain down on one of the cots.|Around the World in Eighty Days|Jules Verne|explicit|5.0|
00:00|midnight|Towards midnight, however, it disappeared, or, to use a more appropriate term, it "died out" like a large glow-worm.|Twenty Thousand Leagues under the Sea|Jules Verne|explicit|5.0|
00:00|midnight|Towards midnight the sea suddenly resumed its usual colour; but behind us, even to the limits of the horizon, the sky reflected the whitened waves, and for a long time seemed impregnated with the vague glimmerings of an aurora borealis.|Twenty Thousand Leagues under the Sea|Jules Verne|explicit|5.0|
00:00|midnight|It was in an awful mood of mind, that despite my fatigue, before I descended into the crater which was to shelter us for the night, I paused to behold the sun rise at midnight on the very day of its lowest declension, and enjoyed the spectacle of its ghastly pale rays cast upon the isle which lay sleeping at our feet!|A Journey to the Centre of the Earth|Jules Verne|explicit|5.0|
00:00|midnight|At midnight, our work as miners was completely finished; the charge of fulminating cotton was thrust into the hollow, and the match, which we had made of considerable length, was ready.|A Journey to the Centre of the Earth|Jules Verne|explicit|5.0|
00:00|midnight|At midnight great cries and loud acclamations were heard. It was the king, who was passing through the streets which led from the Louvre to the Hôtel de Ville, and which were all illuminated with colored lanterns.|The three musketeers|Alexandre Dumas|explicit|5.0|
00:00|midnight|It was past midnight; the next thing was to find Planchet. D'Artagnan went successively into all the cabarets in which there was a light, but could not find Planchet in any of them.|The three musketeers|Alexandre Dumas|explicit|5.0|
00:00|midnight|It was a stormy and dark night; vast clouds covered the heavens, concealing the stars; the moon would not rise till midnight.|The three musketeers|Alexandre Dumas|explicit|5.0|
00:00|midnight|He got in it, and thoroughly wearied by so many emotions, arrived about midnight in the Rue Meslay, threw himself on his bed and slept soundly.|The Count of Monte Cristo|Alexandre Dumas|explicit|5.0|
00:00|midnight|The whole journey was performed with equal rapidity; the thirty-two horses, dispersed over seven stages, brought them to their destination in eight hours. At midnight they arrived at the gate of a beautiful park.|The Count of Monte Cristo|Alexandre Dumas|explicit|5.0|
00:00|midnight|In the meantime he had relapsed into his stupor; he was obliged to make a tolerably vigorous effort to recall what had been the subject of his thoughts before midnight had struck; he finally succeeded in doing this.|Les Misérables|Victor Hugo|explicit|5.0|
00:00|midnight|However, the man's examination and the depositions of the witnesses had been completed, but the lawyer's plea, and the speech of the public prosecutor were still to come; it could not be finished before midnight.|Les Misérables|Victor Hugo|explicit|5.0|
00:00|midnight|These men are terrible, when one encounters them, or catches a glimpse of them, towards midnight, on a deserted boulevard.|Les Misérables|Victor Hugo|explicit|5.0|
00:00|midnight|In the private rooms of restaurants, where one sups after midnight by the light of wax candles, laughed the motley crowd of men of letters and actresses.|Madame Bovary|Gustave Flaubert|explicit|5.0|
00:00|struck midnight|She knelt down by her father's grave, made the sign of the cross and began to pray. At that moment, it struck midnight.|The Phantom of the Opera|Gaston Leroux|explicit|5.0|
00:00|midnight|Numbers of artists had arranged to go, accompanied by a whole cohort of models and pupils, who, by midnight, began to create a tremendous din.|The Phantom of the Opera|Gaston Leroux|explicit|5.0|
00:00|midnight|Toward midnight, after he had left the countess' apartments, he was sitting upstairs in a shabby dressing gown, copying out the original transaction of the Scottish lodge of Freemasons at a table in his low room cloudy with tobacco smoke, when someone came in.|War and Peace|graf Leo Tolstoy|explicit|5.0|
00:00|midnight|In addition to the formal evening and dinner parties, a large company, chiefly of men, gathered there every day, supping at midnight and staying till three in the morning.|War and Peace|graf Leo Tolstoy|explicit|5.0|
00:00|midnight|At midnight dancing was still going on. Hélène, not having a suitable partner, herself offered to dance the mazurka with Borís.|War and Peace|graf Leo Tolstoy|explicit|5.0|
00:00|midnight|Toward midnight the voices began to subside, a cock crowed, the full moon began to show from behind the lime trees, a fresh white dewy mist began to rise, and stillness reigned over the village and the house.|War and Peace|graf Leo Tolstoy|explicit|5.0|
00:00|midnight|After supper he lay down on a sofa without undressing, and was awakened soon after midnight by a courier bringing him a letter from Kutúzov.|War and Peace|graf Leo Tolstoy|explicit|5.0|
00:00|midnight|Toward midnight Bolkhovítinov, having received the dispatch and verbal instructions, galloped off to the General Staff accompanied by a Cossack with spare horses.|War and Peace|graf Leo Tolstoy|explicit|5.0|
00:00|twelve o'clock|Going a long way round by Gazetny Place and Kislovka, he went back again to the hotel, and putting his watch before him, he sat down to wait for twelve o'clock.|Anna Karenina|graf Leo Tolstoy|am-cue|5.0|
00:00|midnight|Would you believe, Porfiry, as soon as our backs were turned, he dressed, though he could hardly stand, and gave us the slip and went off on a spree somewhere till midnight, delirious all the time!|Crime and Punishment|Fyodor Dostoyevsky|explicit|5.0|
00:00|midnight|The logical connection of the present with his immediate departure and the absolute necessity of visiting them for that purpose in pouring rain at midnight was not made clear.|Crime and Punishment|Fyodor Dostoyevsky|explicit|5.0|
00:00|midnight|Only remember you must go to Katerina Ivanovna to-day, if it has to be at midnight, with the money or without the money, and say, 'He sends his compliments to you.'|The Brothers Karamazov|Fyodor Dostoyevsky|explicit|5.0|
00:00|midnight|You look out for her,' says he, 'till midnight and later; and if she does come, you run up and knock at my door or at the window from the garden.|The Brothers Karamazov|Fyodor Dostoyevsky|explicit|5.0|
00:00|midnight|He was fretted, too, by all sorts of strange and almost surprising desires; for instance, after midnight he suddenly had an intense irresistible inclination to go down, open the door, go to the lodge and beat Smerdyakov.|The Brothers Karamazov|Fyodor Dostoyevsky|explicit|5.0|
00:00|midnight|Then Fyodor Pavlovitch in his jeering way would go telling the story all over the town, how a stranger, called Perhotin, had broken in upon him at midnight to ask if any one had killed him.|The Brothers Karamazov|Fyodor Dostoyevsky|explicit|5.0|
00:00|midnight|Attired in another man's dress suit and a stiff white tie which kept sawing at his neck and trying to slip away from the collar, he was sitting at midnight in the club drawing-room, and was saying with enthusiasm to Ekaterina Ivanovna.|The Lady with the Dog and Other Stories|Anton Pavlovich Chekhov|explicit|5.0|
00:00|midnight|Then they had tea in the study, and Zinaida Fyodorovna read aloud some letters. Soon after midnight they went to bed.|The Lady with the Dog and Other Stories|Anton Pavlovich Chekhov|explicit|5.0|
00:00|midnight|At midnight when the people on the floor overhead were moving their chairs and shouting hurrah to welcome the New Year, Zinaida Fyodorovna rang for me from the room next to the study.|The Lady with the Dog and Other Stories|Anton Pavlovich Chekhov|explicit|5.0|
00:00|midnight|Suppose now, he should tumble in upon me at midnight - how could I tell from what vile hole he had been coming?|Moby Dick; Or, The Whale|Herman Melville|explicit|5.0|
00:00|midnight|About midnight that steak was cut and cooked; and lighted by two lanterns of sperm oil, Stubb stoutly stood up to his spermaceti supper at the capstan-head, as if that capstan were a sideboard.|Moby Dick; Or, The Whale|Herman Melville|explicit|5.0|
00:00|midnight|By midnight the works were in full operation. We were clear from the carcase; sail had been made; the wind was freshening; the wild ocean darkness was intense.|Moby Dick; Or, The Whale|Herman Melville|explicit|5.0|
00:00|midnight|Yet, oh, the great sun is no fixture; and if, at midnight, we would fain snatch some sweet solace from him, we gaze for him in vain!|Moby Dick; Or, The Whale|Herman Melville|explicit|5.0|
00:00|midnight|I boarded her once at midnight somewhere off the Patagonian coast, and drank good flip down in the forecastle.|Moby Dick; Or, The Whale|Herman Melville|explicit|5.0|
00:00|midnight|The judge gave him some, and that evening he got drunk, and was around till after midnight with a couple of mighty hard-looking strangers, and then went off with them.|Adventures of Huckleberry Finn|Mark Twain|explicit|5.0|
00:00|midnight|The fifth night below St. Louis we had a big storm after midnight, with a power of thunder and lightning, and the rain poured down in a solid sheet.|Adventures of Huckleberry Finn|Mark Twain|explicit|5.0|
00:00|midnight|After midnight the people on shore went to bed, and then for two or three hours the shores was black - no more sparks in the cabin windows.|Adventures of Huckleberry Finn|Mark Twain|explicit|5.0|
00:00|midnight|When me and the king and the duke got home to the raft we all had a supper; and by-and-by, about midnight, they made Jim and me back her out and float her down the middle of the river, and fetch her in and hide her about two mile below town.|Adventures of Huckleberry Finn|Mark Twain|explicit|5.0|
00:00|midnight|They will sneak down from northards, along the fence, at midnight exact, with a false key, and go in the nigger's cabin to get him.|Adventures of Huckleberry Finn|Mark Twain|explicit|5.0|
00:00|midnight|About midnight Tom arrived with a boiled ham and a few trifles, and stopped in a dense undergrowth on a small bluff overlooking the meeting-place.|The Adventures of Tom Sawyer, Complete|Mark Twain|explicit|5.0|
00:00|midnight|About midnight Joe awoke, and called the boys. There was a brooding oppressiveness in the air that seemed to bode something.|The Adventures of Tom Sawyer, Complete|Mark Twain|explicit|5.0|
00:00|midnight|By midnight everybody was fagged out, and sore with laughing; and, as a rule, drunk: some weepingly, some affectionately, some hilariously, some quarrelsomely, some dead and under the table.|A Connecticut Yankee in King Arthur's Court|Mark Twain|explicit|5.0|
00:00|midnight|They got their supper and a nap, and about midnight we sallied out through a solitude so wholly vacant and complete that it quite overpassed the required conditions.|A Connecticut Yankee in King Arthur's Court|Mark Twain|explicit|5.0|
00:00|midnight|Before the noon mass was over, we were at the well again; for there was a deal to do yet, and I was determined to spring the miracle before midnight, for business reasons: for whereas a miracle worked for the Church on a week-day is worth a good deal, it is worth six times as much if you get it in on a Sunday.|A Connecticut Yankee in King Arthur's Court|Mark Twain|explicit|5.0|
00:00|midnight|So we had to stop at last and slump down in the snow where we were. The storm continued until toward midnight, then ceased.|A Connecticut Yankee in King Arthur's Court|Mark Twain|explicit|5.0|
00:00|midnight|About midnight I awoke, and saw that hag making curious passes in the air about The Boss's head and face, and wondered what it meant.|A Connecticut Yankee in King Arthur's Court|Mark Twain|explicit|5.0|
00:00|midnight|By midnight the revelry was at its height. Now came one of those picturesque spectacles so admired in that old day.|The Prince and the Pauper|Mark Twain|explicit|5.0|
00:00|midnight|At last, a while after midnight, a man attacked a woman and nearly killed her by beating her over the head with his manacles before the jailer could come to the rescue.|The Prince and the Pauper|Mark Twain|explicit|5.0|
00:00|midnight|At midnight of the 19th of February, Tom Canty was sinking to sleep in his rich bed in the palace, guarded by his loyal vassals, and surrounded by the pomps of royalty, a happy boy; for tomorrow was the day appointed for his solemn crowning as King of England.|The Prince and the Pauper|Mark Twain|explicit|5.0|
00:00|midnight|Old Matthew Maule, especially, was known to have as little hesitation or difficulty in rising out of his grave as an ordinary man in getting out of bed, and was as often seen at midnight as living people at noonday.|The House of the Seven Gables|Nathaniel Hawthorne|explicit|5.0|
00:00|midnight|Clifford would turn his face to the pillow, and cover his head beneath the bedclothes, like a startled child at midnight.|The House of the Seven Gables|Nathaniel Hawthorne|explicit|5.0|
00:00|midnight|What sense, meaning, or moral, for example, such as even ghost-stories should be susceptible of, can be traced in the ridiculous legend, that, at midnight, all the dead Pyncheons are bound to assemble in this parlor?|The House of the Seven Gables|Nathaniel Hawthorne|explicit|5.0|
00:00|midnight|He had by dint of cudgelling his brains just thought of the Southampton - St Malo service. The boat left about midnight.|The Secret Agent: A Simple Tale|Joseph Conrad|explicit|5.0|
00:00|midnight|A boat-load of Chinamen, bound, as likely as not, on some thieving expedition, fished out the officer of the King of Siam, and Jim turned up at about midnight on board my ship without a hat.|Lord Jim|Joseph Conrad|explicit|5.0|
00:00|midnight|The doctor had been in to say that some change, for better or worse, would probably take place about midnight, at which time he would return.|Little Women|Louisa May Alcott|explicit|5.0|
00:00|midnight|It was then past midnight. The cottages were all dark. A single faint light gleamed out from the hallway of the house.|The Awakening, and Selected Short Stories|Kate Chopin|explicit|5.0|
00:00|midnight|For nearly a quarter of a century, in another section of the city, Fleischmann, the baker, had given a loaf of bread to any one who would come for it to the side door of his restaurant at the corner of Broadway and Tenth Street, at midnight.|Sister Carrie: A Novel|Theodore Dreiser|explicit|5.0|
00:00|midnight|There in the stillness that settled over the flat in the half hour after midnight the two old people "kept company," enjoying after their fashion their little romance that had come so late into the lives of each.|McTeague: A Story of San Francisco|Frank Norris|explicit|5.0|
00:00|twelve o'clock|She spent the morning between nine and twelve o'clock down town, for the most part in the cheap department stores, doing the weekly shopping for herself and the family.|McTeague: A Story of San Francisco|Frank Norris|am-cue|5.0|
00:00|midnight|At length, long after midnight, the dentist started to go to bed, undressing himself with his eyes still fixed on the great tooth.|McTeague: A Story of San Francisco|Frank Norris|explicit|5.0|
00:00|midnight|The facts of the matter were that the German woman who lived below had been awakened some hours after midnight by the sounds of Trina's weeping.|McTeague: A Story of San Francisco|Frank Norris|explicit|5.0|
00:00|midnight|Until midnight the partners lay broad awake, rolled in their blankets under the open sky, talking and discussing and making plans.|McTeague: A Story of San Francisco|Frank Norris|explicit|5.0|
00:00|midnight|On Tuesday nights the Owl Club danced; then there was a little stir in the streets, and here and there one could see a lighted window until midnight.|My Ántonia|Willa Cather|explicit|5.0|
00:00|midnight|Again, he would sit until nearly midnight, talking about Latin and English poetry, or telling me about his long stay in Italy.|My Ántonia|Willa Cather|explicit|5.0|
00:00|midnight|After dinner he went to a play; and it was not until his return home, after midnight, that he drew Madame Olenska's missive out again and re-read it slowly a number of times.|The Age of Innocence|Edith Wharton|explicit|5.0|
00:00|midnight|It was now past midnight, and the throng on the stands was dispersing, while the long trails of red-lit boats scattered and faded beneath a sky repossessed by the tranquil splendour of the moon.|The House of Mirth|Edith Wharton|explicit|5.0|
00:00|midnight|The evening before, he had played poker at Vergil Gunch's till midnight, and after such holidays he was irritable before breakfast.|Babbitt|Sinclair Lewis|explicit|5.0|
00:00|midnight|If people had ever lived and loved here, read thrillers at midnight and lain in beautiful indolence on a Sunday morning, there were no signs of it.|Babbitt|Sinclair Lewis|explicit|5.0|
00:00|midnight|He awed Babbitt by confessing that he often sat up till midnight reading the figures and footnotes in Government reports, or skimming (with amusement at the author's mistakes) the latest volumes of chemistry, archaeology, and ichthyology.|Babbitt|Sinclair Lewis|explicit|5.0|
00:00|midnight|At midnight, as Paul and he blundered to their cottage over the pungent wet grass, and pine-roots confusing in the darkness, Babbitt rejoiced that he did not have to explain to his wife where he had been all evening.|Babbitt|Sinclair Lewis|explicit|5.0|
00:00|midnight|He did not deny that he had been a fool; he saw it almost as clearly as at midnight; but anything, he struggled, was better than going back to a life of barren heartiness.|Babbitt|Sinclair Lewis|explicit|5.0|
00:00|midnight|All week, from eight each morning till midnight, Carol fed them, bathed them, smoothed sheets, took temperatures.|Main Street|Sinclair Lewis|explicit|5.0|
00:00|twelve o'clock|I looked at my watch. It was twelve o'clock. My back was aching sorely, and I felt extremely tired and hungry.|The Sea-Wolf|Jack London|am-cue|5.0|
00:00|midnight|At midnight the café was crowded. By some chance the little table at which I sat had escaped the eye of incomers, and two vacant chairs at it extended their arms with venal hospitality to the influx of patrons.|The Four Million|O. Henry|explicit|5.0|
00:00|twelve o'clock|If it were your Harry, mother, or your Willie, that were going to be torn from you by a brutal trader, tomorrow morning, - if you had seen the man, and heard that the papers were signed and delivered, and you had only from twelve o'clock till morning to make good your escape, - how fast could you walk?|Uncle Tom's Cabin|Harriet Beecher Stowe|am-cue|5.0|
00:00|midnight|At midnight, Tom waked, with a sudden start. Something black passed quickly by him to the side of the boat, and he heard a splash in the water.|Uncle Tom's Cabin|Harriet Beecher Stowe|explicit|5.0|
00:00|twelve o'clock|Half-past twelve o'clock came; Turkey began to glow in the face, overturn his inkstand, and become generally obstreperous; Nippers abated down into quietude and courtesy; Ginger Nut munched his noon apple; and Bartleby remained standing at his window in one of his profoundest dead-wall reveries.|Bartleby, the Scrivener: A Story of Wall-Street|Herman Melville|am-cue|5.0|
00:00|midnight|Some time toward midnight Tom Buchanan and Mrs. Wilson stood face to face discussing, in impassioned voices, whether Mrs. Wilson had any right to mention Daisy's name.|The Great Gatsby|F. Scott Fitzgerald|explicit|5.0|
00:00|midnight|On weekends his Rolls-Royce became an omnibus, bearing parties to and from the city between nine in the morning and long past midnight, while his station wagon scampered like a brisk yellow bug to meet all trains.|The Great Gatsby|F. Scott Fitzgerald|explicit|5.0|
00:00|midnight|The first supper - there would be another one after midnight - was now being served, and Jordan invited me to join her own party, who were spread around a table on the other side of the garden.|The Great Gatsby|F. Scott Fitzgerald|explicit|5.0|
00:00|midnight|Until long after midnight a changing crowd lapped up against the front of the garage, while George Wilson rocked himself back and forth on the couch inside.|The Great Gatsby|F. Scott Fitzgerald|explicit|5.0|
00:00|midnight|Kerry wormed permission from the watchman to sleep on the platform and, having collected a huge pile of rugs from the booths to serve as mattresses and blankets, they talked until midnight, and then fell into a dreamless sleep, though Amory tried hard to stay awake and watch that marvellous moon settle on the sea.|This Side of Paradise|F. Scott Fitzgerald|explicit|5.0|
00:00|midnight|Mr. Rooney, pander to the dull, conducted the class and smoked innumerable Pall Malls as he drew diagrams and worked equations from six in the morning until midnight.|This Side of Paradise|F. Scott Fitzgerald|explicit|5.0|
00:00|midnight|Long after midnight the towers and spires of Princeton were visible, with here and there a late-burning light - and suddenly out of the clear darkness the sound of bells.|This Side of Paradise|F. Scott Fitzgerald|explicit|5.0|
00:00|midnight|About midnight he began to realize that he was hungry. He went down into Fifty-second Street, where it was so cold that he could scarcely see; the moisture froze on his lashes and in the corners of his lips.|The Beautiful and Damned|F. Scott Fitzgerald|explicit|5.0|
00:00|midnight|It was after midnight and pitch dark in their room. Gloria was dozing off and Anthony's even breathing beside her made her suppose that he was asleep, when suddenly she saw him raise himself on his elbow and stare at the window.|The Beautiful and Damned|F. Scott Fitzgerald|explicit|5.0|
00:00|midnight|She wanted not to talk but only to read "Penrod," stretched upon the lounge until at midnight she fell asleep.|The Beautiful and Damned|F. Scott Fitzgerald|explicit|5.0|
00:00|midnight|It will be quite dark in Neville's Court long before midnight, only the pillars opposite will always be white, and the fountains.|Jacob's Room|Virginia Woolf|explicit|5.0|
00:00|midnight|Until midnight or later there would be undergraduates in his room, sometimes as many as twelve, sometimes three or four; but nobody got up when they went or when they came; Sopwith went on talking.|Jacob's Room|Virginia Woolf|explicit|5.0|
00:00|midnight|Long ago great people lived here, and coming back from Court past midnight stood, huddling their satin skirts, under the carved door-posts while the footman roused himself from his mattress on the floor, hurriedly fastened the lower buttons of his waistcoat, and let them in.|Jacob's Room|Virginia Woolf|explicit|5.0|
00:00|midnight|Then we had to find the rule and the string again, and a new hole was made; and, about midnight, the picture would be up - very crooked and insecure, the wall for yards round looking as if it had been smoothed down with a rake, and everybody dead beat and wretched - except Uncle Podger.|Three men in a boat (to say nothing of the dog)|Jerome K. Jerome|explicit|5.0|
00:00|midnight|The Cistercian monks, whose abbey stood there in the thirteenth century, wore no clothes but rough tunics and cowls, and ate no flesh, nor fish, nor eggs. They lay upon straw, and they rose at midnight to mass.|Three men in a boat (to say nothing of the dog)|Jerome K. Jerome|explicit|5.0|
00:00|midnight|The case was becoming serious. it was now past midnight. The hotels at Skiplake and Henley would be crammed; and we could not go round, knocking up cottagers and householders in the middle of the night, to know if they let apartments!|Three men in a boat (to say nothing of the dog)|Jerome K. Jerome|explicit|5.0|
00:00|midnight|Helen, agreeing here, disagreeing there, would have talked till midnight, but Margaret, with her packing to do, focussed the conversation on Henry.|Howards End|E. M. Forster|explicit|5.0|
00:00|midnight|The house had enshadowed the tree at first, but as the moon rose higher the two disentangled, and were clear for a few moments at midnight.|Howards End|E. M. Forster|explicit|5.0|
00:00|midnight|One thing he could do was to go out and keep away till midnight; they could not go then; and he saw them calling at the house every hour to ask if he was in.|Of Human Bondage|W. Somerset Maugham|explicit|5.0|
00:00|midnight|He always felt horribly ill in the morning, but his absinthe at mid-day put him on his feet again, and by the time he came home, at midnight, he was able to talk with the brilliancy which had astonished Philip when first he made his acquaintance.|Of Human Bondage|W. Somerset Maugham|explicit|5.0|
00:00|midnight|At midnight he was so hungry that he could not go without food any more, so he went to a coffee stall at Hyde Park Corner and ate a couple of potatoes and had a cup of coffee.|Of Human Bondage|W. Somerset Maugham|explicit|5.0|
00:00|midnight|At midnight the people were turned out of the Harrington Arms at the end of the street, and soon after they all went to bed: Bell, who slept nearest the door, made his way across the room by jumping from bed to bed, and even when he got to his own would not stop talking.|Of Human Bondage|W. Somerset Maugham|explicit|5.0|
00:00|midnight|It was after midnight when they went into the Restaurant Sylvain; Gerald, having decided not to go to the hotel, had changed his mind and called there, and having called there, had remained a long time: this of course!|The Old Wives' Tale|Arnold Bennett|explicit|5.0|
00:00|midnight|Her mistress also usually retired about midnight, and during the final hour mistress and portress saw a good deal of each other.|The Old Wives' Tale|Arnold Bennett|explicit|5.0|
00:00|midnight|Mutlar then left, and I heard him and Lupin whispering in the hall something about the "Holloway Comedians," and to my disgust, although it was past midnight, Lupin put on his hat and coat, and went out with his new companion.|The Diary of a Nobody|George Grossmith|explicit|5.0|
00:00|midnight|His coming to my rooms at midnight, merely to tell me about his dinner, was in itself enough to excuse a suspicion which was certainly at variance with my knowledge of A.|The Amateur Cracksman|E. W. Hornung|explicit|5.0|
00:00|midnight|Yet a chance word will call them forth suddenly and they will rise up to confront him in the most various circumstances, a vision or a dream, or while timbrel and harp soothe his senses or amid the cool silver tranquility of the evening or at the feast, at midnight, when he is now filled with wine.|Ulysses|James Joyce|explicit|5.0|
00:00|midnight|I don't count upon seeing her to-night, myself; still if she would like me to come, or if you find a loophole, you've only to send me a line at Mme. de Saint-Euverte's up till midnight; after that I shall be here.|Swann's Way|Marcel Proust|explicit|5.0|
00:00|midnight|She would never think of starting on a journey if she had heard an owl hoot, or the death-watch in the wall, or if she had seen a cat at midnight, or if the furniture had creaked.|Swann's Way|Marcel Proust|explicit|5.0|
00:00|midnight|Huge gates, swung back during the day into the walls of the deep archways, close this court, after midnight, and one must enter then by ringing at certain small doors on the side.|The King in Yellow|Robert W. Chambers|explicit|5.0|
00:00|midnight|Two other very plausible explanations exist: First, the great flaming star, a foot broad, and a cubit high, which fell from heaven, as every one knows, upon the law courts, after midnight on the seventh of March; second, Théophile's quatrain, -|Notre-Dame de Paris|Victor Hugo|explicit|4.0|
00:00|midnight|'Why, what a sight for such bright eyes at midnight!' I replied.|David Copperfield|Charles Dickens|explicit|3.5|
00:00|midnight|But even here, opinion was divided; for some said Tom dug them up at midnight, and carried them to a place indicated to him by the widow.|The Old Curiosity Shop|Charles Dickens|explicit|3.5|
00:00|midnight|"To-morrow at midnight," said the first who appeared to be in authority.|A Study in Scarlet|Arthur Conan Doyle|explicit|3.5|
00:00|twelve o'clock|"Return ticket from Mackleton, in the north of England," said Holmes, drawing it from the watch-pocket. "It is not twelve o'clock yet.|The Return of Sherlock Holmes|Arthur Conan Doyle|am-cue|3.5|
00:00|midnight|He told me after he had taken the rooms that he would do so and asked me not to bar the door. I heard him come up the stair after midnight."|His last bow|Arthur Conan Doyle|explicit|3.5|
00:00|twelve o'clock|ONE morning, as Miss Matty and I sat at our work - it was before twelve o'clock, and Miss Matty had not changed the cap with yellow ribbons that had been Miss Jenkyns's best, and which Miss Matty was now wearing out in private, putting on the one made in imitation of Mrs Jamieson's at all times when she expected to be seen - Martha came up, and asked if Miss Betty Barker might speak to her mistress.|Cranford|Elizabeth Cleghorn Gaskell|am-cue|3.5|
00:00|midnight|And therefore when Ruby went to the theatre once and again, - by herself as far as Mrs. Pipkin knew, but probably in company with her lover, - and did not get home till past midnight, Mrs. Pipkin said very little about it, attributing such novel circumstances to the altered condition of her country.|The Way We Live Now|Anthony Trollope|explicit|3.5|
00:00|midnight|"My friend," said Andrea, "I have been dining at Saint-Jean-aux-Bois, and expected to catch the coach which passes by at midnight, but like a fool I have lost my way, and have been walking for the last four hours in the forest.|The Count of Monte Cristo|Alexandre Dumas|explicit|3.5|
00:00|midnight|At midnight the parents of the bride said good-bye to her and blessed her.|My Ántonia|Willa Cather|explicit|3.5|
00:00|midnight|After midnight he tapped on Charles's door. "I can't sleep," he said.|Howards End|E. M. Forster|explicit|3.5|
00:00|midnight|"My patient died, two hours before midnight - at a time, by my watch, answering almost to the minute when I had first seen her.|A Tale of Two Cities|Charles Dickens|explicit|3.0|
00:00|midnight|As I remember, it was almost midnight when we took our leave.|David Copperfield|Charles Dickens|explicit|3.0|
00:00|midnight|It was two or three hours past midnight when I got home. I found my aunt, in our house, sitting up for me.|David Copperfield|Charles Dickens|explicit|3.0|
00:00|midnight|Last night, Traddles, with this journey before her, it was almost midnight before she came home.|David Copperfield|Charles Dickens|explicit|3.0|
00:00|midnight|I put it on, I remember, for the first time, to attend the inquest on that reduced tradesman, who died in a doorway at midnight."|Oliver Twist|Charles Dickens|explicit|3.0|
00:00|midnight|People who passed the spot in the evening - sometimes at a late hour of the night - reported that they had heard the moans and sobs of a woman in distress, and the sound of blows; and more than once, when it was past midnight, the boy knocked softly at the door of a neighbour's house, whither he had been sent, to escape the drunken fury of his unnatural father.|The Pickwick Papers|Charles Dickens|explicit|3.0|
00:00|midnight|'You can easily have been kept away by business, and must not return till nearly midnight.'|Nicholas Nickleby|Charles Dickens|explicit|3.0|
00:00|midnight|Or is it,' he added, dropping his voice almost to a whisper, 'in consequence of the statue at Charing Cross having been lately seen, on the Stock Exchange at midnight, walking arm-in-arm with the Pump from Aldgate, in a riding-habit?'|Nicholas Nickleby|Charles Dickens|explicit|3.0|
00:00|midnight|It being now past midnight, the bird of prey went straight to roost.|Our Mutual Friend|Charles Dickens|explicit|3.0|
00:00|midnight|If it turns out that he warn't at the Six Jolly Fellowships that night at midnight, I'm a liar.'|Our Mutual Friend|Charles Dickens|explicit|3.0|
00:00|midnight|That could hardly be, she knew, until an hour past midnight; but in the country silence, which did anything but calm the trouble of her thoughts, time lagged wearily.|Hard Times|Charles Dickens|explicit|3.0|
00:00|midnight|Some simple eloquence distinctly heard, though only uttered in her eyes, unconscious that he read them as "By the death-beds I have tended, by the childhood I have suffered, by our meeting in this dreary house at midnight, by the cry wrung from me in the anguish of my heart, oh, father, turn to me and seek a refuge in my love before it is too late!" may have arrested them.|Dombey and Son|Charles Dickens|explicit|3.0|
00:00|midnight|In fine, the violoncello and the empty chair were the companions of his bachelorhood until nearly midnight; and when he took his supper, the violoncello set up on end in the sofa corner, big with the latent harmony of a whole foundry full of harmonious blacksmiths, seemed to ogle the empty chair out of its crooked eyes, with unutterable intelligence.|Dombey and Son|Charles Dickens|explicit|3.0|
00:00|midnight|'Further on, further on, darling, further away if we walk till midnight.'|The Old Curiosity Shop|Charles Dickens|explicit|3.0|
00:00|midnight|Thus he amused himself until nearly midnight, when he turned into his hammock with the utmost satisfaction.|The Old Curiosity Shop|Charles Dickens|explicit|3.0|
00:00|midnight|'I, eleven weeks, to-morrow night at midnight. You, nine weeks and three days, at five this afternoon.'|Little Dorrit|Charles Dickens|explicit|3.0|
00:00|midnight|And now tell me, Who am quite another person - who am nothing more than the friend who begged you to trust him - why you are out at midnight, and what it is that brings you so far through the streets at this late hour, my slight, delicate,' child was on his lips again, 'Little Dorrit!'|Little Dorrit|Charles Dickens|explicit|3.0|
00:00|midnight|Up to this time, Mr Pancks had transacted little or no business at his quarters in Pentonville, except in the sleeping line; but now that he had become a fortune-teller, he was often closeted after midnight with Mr Rugg in his little front-parlour office, and even after those untimely hours, burnt tallow in his bed-room.|Little Dorrit|Charles Dickens|explicit|3.0|
00:00|midnight|They remained in a dim room near, until it was almost midnight, quiet and sad together.|Little Dorrit|Charles Dickens|explicit|3.0|
00:00|midnight|Yet he never passed in at my door - never sat in colloquy with me until midnight.'|Little Dorrit|Charles Dickens|explicit|3.0|
00:00|midnight|I waited until midnight, but there was no sign of his return, so I retired to my room.|The Adventures of Sherlock Holmes|Arthur Conan Doyle|explicit|3.0|
00:00|midnight|It is a quarter of an hour's walk from there to Appledore Towers. We shall be at work before midnight.|The Return of Sherlock Holmes|Arthur Conan Doyle|explicit|3.0|
00:00|midnight|Therefore, it could only have come from a train, and that train, so far as we can trace it, must have passed about midnight on Monday."|His last bow|Arthur Conan Doyle|explicit|3.0|
00:00|midnight|The colonel of the regiment came to the Chobham bridge and was busy questioning the crowd at midnight.|The war of the worlds|H. G. Wells|explicit|3.0|
00:00|midnight|I hid from the night and the silence, until long after midnight, in a cabmen's shelter in Harrow Road.|The war of the worlds|H. G. Wells|explicit|3.0|
00:00|midnight|It is now ten; I must go home and read these documents in quiet; but I shall be back before midnight, when we shall send for the police."|The strange case of Dr. Jekyll and Mr. Hyde|Robert Louis Stevenson|explicit|3.0|
00:00|midnight|You should be back, if you set out at once on the receipt of this, long before midnight; but I will leave you that amount of margin, not only in the fear of one of those obstacles that can neither be prevented nor foreseen, but because an hour when your servants are in bed is to be preferred for what will then remain to do.|The strange case of Dr. Jekyll and Mr. Hyde|Robert Louis Stevenson|explicit|3.0|
00:00|midnight|About midnight, while we still sat up, the storm came rattling over the Heights in full fury.|Wuthering Heights|Emily Brontë|explicit|3.0|
00:00|midnight|He returned after midnight, and, instead of going to bed, shut himself into the room beneath.|Wuthering Heights|Emily Brontë|explicit|3.0|
00:00|midnight|It was yet night, but July nights are short: soon after midnight, dawn comes.|Jane Eyre: An Autobiography|Charlotte Brontë|explicit|3.0|
00:00|midnight|About midnight, the storm in one half-hour fell to a dead calm.|Villette|Charlotte Brontë|explicit|3.0|
00:00|midnight|Accordingly, in another quarter of an hour, a calm fell upon us all; and about midnight the voyage ended.|Villette|Charlotte Brontë|explicit|3.0|
00:00|midnight|She brought upon me a strange vision of Villette at midnight.|Villette|Charlotte Brontë|explicit|3.0|
00:00|midnight|There had been singing under the windows after midnight, - supernatural singing, Maggie always felt, in spite of Tom's contemptuous insistence that the singers were old Patch, the parish clerk, and the rest of the church choir; she trembled with awe when their carolling broke in upon her dreams, and the image of men in fustian clothes was always thrust away by the vision of angels resting on the parted cloud.|The Mill on the Floss|George Eliot|explicit|3.0|
00:00|midnight|All were in their beds now, for it was past midnight; all except some solitary watchers such as Maggie.|The Mill on the Floss|George Eliot|explicit|3.0|
00:00|midnight|It was nearly midnight on the eve of St. Thomas's, the shortest day in the year.|Far from the Madding Crowd|Thomas Hardy|explicit|3.0|
00:00|twelve o'clock|And as for hands - Margaret, how many times did you say you had washed your hands this morning before twelve o'clock?|North and South|Elizabeth Cleghorn Gaskell|am-cue|3.0|
00:00|midnight|Now, I believe, if a good customer chose to come at midnight, I should get up, and stand hat in hand to receive his orders."|North and South|Elizabeth Cleghorn Gaskell|explicit|3.0|
00:00|midnight|You tell me that you're not disgraced, and yet you are out at midnight with a young blackguard like that!|The Way We Live Now|Anthony Trollope|explicit|3.0|
00:00|midnight|Alas! we shall never hear the horn sing at midnight, or see the pike-gates fly open any more.|Vanity Fair|William Makepeace Thackeray|explicit|3.0|
00:00|midnight|There Miss Crawley lay for days - ever so many days - Mr. Bute reading books of devotion to her: for nights, long nights, during which she had to hear the watchman sing, the night-light sputter; visited at midnight, the last thing, by the stealthy apothecary; and then left to look at Mrs. Bute's twinkling eyes, or the flicks of yellow that the rushlight threw on the dreary darkened ceiling.|Vanity Fair|William Makepeace Thackeray|explicit|3.0|
00:00|midnight|Towards midnight the summer silence was broken by the shuddering of a low, melancholy wind among the trees.|The Woman in White|Wilkie Collins|explicit|3.0|
00:00|midnight|When the girl had come down to tea, and had been sent up, still out of sorts, to bed again, the two devils aforesaid had tried her door once more, and found it locked; had looked at the keyhole, and found it stopped up; had seen a light under the door at midnight, and had heard the crackling of a fire (a fire in a servant's bedroom in the month of June!) at four in the morning.|The Moonstone|Wilkie Collins|explicit|3.0|
00:00|midnight|"Not before midnight," I whispered back. "Say nothing, and sit still."|The Moonstone|Wilkie Collins|explicit|3.0|
00:00|midnight|The one hundred and twenty miles between these cities were accomplished in six hours, and towards midnight, while fast asleep, the travellers passed through Sacramento; so that they saw nothing of that important place, the seat of the State government, with its fine quays, its broad streets, its noble hotels, squares, and churches.|Around the World in Eighty Days|Jules Verne|explicit|3.0|
00:00|midnight|They arrived at Amiens at midnight, and alighted at the auberge of the Golden Lily.|The three musketeers|Alexandre Dumas|explicit|3.0|
00:00|midnight|"I passed the night on a chair, starting at the least noise, for toward midnight the lamp went out, and I was again in darkness.|The three musketeers|Alexandre Dumas|explicit|3.0|
00:00|midnight|At midnight the sentinel gave the alarm, and in an instant all were on the alert.|The Count of Monte Cristo|Alexandre Dumas|explicit|3.0|
00:00|midnight|I am almost ashamed to say that my gains amounted to 5,000 francs. We separated at midnight.|The Count of Monte Cristo|Alexandre Dumas|explicit|3.0|
00:00|midnight|Towards midnight he woke up with a start; in his sleep he had heard a noise above his head.|Les Misérables|Victor Hugo|explicit|3.0|
00:00|midnight|The half-hour after midnight had just struck when M. Madeleine quitted the Hall of Assizes in Arras.|Les Misérables|Victor Hugo|explicit|3.0|
00:00|midnight|Towards midnight, a man was prowling about, or rather, climbing in the direction of the hollow road of Ohain.|Les Misérables|Victor Hugo|explicit|3.0|
00:00|midnight|Where was he to get a rope at midnight, in the Rue Polonceau?|Les Misérables|Victor Hugo|explicit|3.0|
00:00|midnight|"About three-quarters of an hour before midnight; do not forget."|Les Misérables|Victor Hugo|explicit|3.0|
00:00|midnight|Be near the principal altar, with your iron bar, at eleven o'clock. The office begins at midnight.|Les Misérables|Victor Hugo|explicit|3.0|
00:00|midnight|He usually went away about midnight, and returned to Courfeyrac's lodgings.|Les Misérables|Victor Hugo|explicit|3.0|
00:00|midnight|He returned home on foot at midnight, in a driving rain-storm.|Les Misérables|Victor Hugo|explicit|3.0|
00:00|midnight|A little after midnight, the Gillenormand house became a temple.|Les Misérables|Victor Hugo|explicit|3.0|
00:00|midnight|Meanwhile, the windows of the Gondelaurier mansion remained lighted, even after midnight.|Notre-Dame de Paris|Victor Hugo|explicit|3.0|
00:00|midnight|Let us add that for the last few moments the captain had been reflecting on the profound darkness of the night, the supernatural ugliness, the sepulchral voice of the strange messenger; that it was past midnight; that the street was deserted, as on the evening when the surly monk had accosted him; and that his horse snorted as it looked at Quasimodo.|Notre-Dame de Paris|Victor Hugo|explicit|3.0|
00:00|midnight|They thought she was delirious; and she was by midnight. Brain-fever had set in.|Madame Bovary|Gustave Flaubert|explicit|3.0|
00:00|midnight|You must come and fetch me in my dressing-room at midnight exactly.|The Phantom of the Opera|Gaston Leroux|explicit|3.0|
00:00|midnight|He moved as if to rise. The generals bowed and retired. It was past midnight.|War and Peace|graf Leo Tolstoy|explicit|3.0|
00:00|midnight|Toward midnight she went to Natásha's room fingering the key in her pocket.|War and Peace|graf Leo Tolstoy|explicit|3.0|
00:00|midnight|He knew that when his master was at the Rostóvs' he stayed till midnight.|War and Peace|graf Leo Tolstoy|explicit|3.0|
00:00|midnight|It was already past midnight, the hour when Karatáev was usually free of his fever and particularly lively.|War and Peace|graf Leo Tolstoy|explicit|3.0|
00:00|midnight|About midnight they heard the sound of steps in the snow of the forest, and the crackling of dry branches.|War and Peace|graf Leo Tolstoy|explicit|3.0|
00:00|midnight|At midnight the patient lay without consciousness, and almost without pulse.|Anna Karenina|graf Leo Tolstoy|explicit|3.0|
00:00|midnight|Svidrigaïlov meanwhile, exactly at midnight, crossed the bridge on the way back to the mainland.|Crime and Punishment|Fyodor Dostoyevsky|explicit|3.0|
00:00|midnight|Why hasn't she come?' and so on up till midnight and even after midnight.|The Brothers Karamazov|Fyodor Dostoyevsky|explicit|3.0|
00:00|midnight|But at night, by his orders, I go away to the lodge so that I don't get to sleep till midnight, but am on the watch, getting up and walking about the yard, waiting for Agrafena Alexandrovna to come.|The Brothers Karamazov|Fyodor Dostoyevsky|explicit|3.0|
00:00|midnight|I was half an hour praying in tears, and it was late, about midnight.|The Brothers Karamazov|Fyodor Dostoyevsky|explicit|3.0|
00:00|midnight|"It is nearly midnight; we are going. Will he come with us, or is he to stay here?"|The Idiot|Fyodor Dostoyevsky|explicit|3.0|
00:00|midnight|Why, if I hadn't heard this report about you, I should never have come all this way into the park - at midnight, too!"|The Idiot|Fyodor Dostoyevsky|explicit|3.0|
00:00|midnight|There was no one, and, indeed, who would come here at midnight?|The Lady with the Dog and Other Stories|Anton Pavlovich Chekhov|explicit|3.0|
00:00|midnight|Kovrin sat with Tanya all the evening, and after midnight went out with her into the garden.|The Lady with the Dog and Other Stories|Anton Pavlovich Chekhov|explicit|3.0|
00:00|midnight|And have I not tallied the whale, Ahab would mutter to himself, as after poring over his charts till long after midnight he would throw himself back in reveries - tallied him, and shall he escape?|Moby Dick; Or, The Whale|Herman Melville|explicit|3.0|
00:00|midnight|Some hours after midnight, the Typhoon abated so much, that through the strenuous exertions of Starbuck and Stubb - one engaged forward and the other aft - the shivered remnants of the jib and fore and main-top-sails were cut adrift from the spars, and went eddying away to leeward, like the feathers of an albatross, which sometimes are cast to the winds when that storm-tossed bird is on the wing.|Moby Dick; Or, The Whale|Herman Melville|explicit|3.0|
00:00|midnight|He went up-town with the man I was telling you of, to get a boat and see if they could borrow another gun. They'll go over after midnight."|Adventures of Huckleberry Finn|Mark Twain|explicit|3.0|
00:00|midnight|After midnight he'll likely be asleep, and they can slip around through the woods and hunt up his camp fire all the better for the dark, if he's got one."|Adventures of Huckleberry Finn|Mark Twain|explicit|3.0|
00:00|midnight|I told him me and my brother was over on Spanish Island hunting yesterday afternoon, and camped on a piece of a raft we found, and about midnight he must a kicked his gun in his dreams, for it went off and shot him in the leg, and we wanted him to go over there and fix it and not say nothing about it, nor let anybody know, because we wanted to come home this evening and surprise the folks.|Adventures of Huckleberry Finn|Mark Twain|explicit|3.0|
00:00|midnight|How could their charms work till midnight? - and then it's Sunday.|The Adventures of Tom Sawyer, Complete|Mark Twain|explicit|3.0|
00:00|midnight|It's hid in mighty particular places, Huck - sometimes on islands, sometimes in rotten chests under the end of a limb of an old dead tree, just where the shadow falls at midnight; but mostly under the floor in ha'nted houses."|The Adventures of Tom Sawyer, Complete|Mark Twain|explicit|3.0|
00:00|midnight|An hour before midnight the tavern closed up and its lights (the only ones thereabouts) were put out.|The Adventures of Tom Sawyer, Complete|Mark Twain|explicit|3.0|
00:00|midnight|At midnight all was over, and we sat in the presence of four corpses.|A Connecticut Yankee in King Arthur's Court|Mark Twain|explicit|3.0|
00:00|midnight|Then I went out into the hills and uncovered and cut the secret wires which connected your bedroom with the wires that go to the dynamite deposits under all our vast factories, mills, workshops, magazines, etc., and about midnight I and my boys turned out and connected that wire with the cave, and nobody but you and I suspects where the other end of it goes to.|A Connecticut Yankee in King Arthur's Court|Mark Twain|explicit|3.0|
00:00|midnight|"It is long past midnight; it is not best that he should cry out, lest by accident someone be passing."|The Prince and the Pauper|Mark Twain|explicit|3.0|
00:00|midnight|They had been plucked at midnight, and the coldness of the moon had entered into them.|The Picture of Dorian Gray|Oscar Wilde|explicit|3.0|
00:00|midnight|It was when, at midnight, she had her hand on the schoolroom door to take leave.|The Turn of the Screw|Henry James|explicit|3.0|
00:00|midnight|"When I woke up shortly after midnight his warning came to my mind with its hint of danger that seemed, in the starred darkness, real enough to make me get up for the purpose of having a look round.|Heart of Darkness|Joseph Conrad|explicit|3.0|
00:00|midnight|That neat and nice young man concealed his astonishment at the early appearance of the Assistant Commissioner, whom he had been told to look out for some time about midnight.|The Secret Agent: A Simple Tale|Joseph Conrad|explicit|3.0|
00:00|midnight|He knew what the gangway man of the steamer had seen: "A lady in a black dress and a black veil, wandering at midnight alongside, on the quay.|The Secret Agent: A Simple Tale|Joseph Conrad|explicit|3.0|
00:00|midnight|'"It is difficult to see a hair at midnight," I put in, a little viciously I fear.|Lord Jim|Joseph Conrad|explicit|3.0|
00:00|striking midnight|The clocks were striking midnight and the rooms were very still as a figure glided quietly from bed to bed, smoothing a coverlet here, settling a pillow there, and pausing to look long and tenderly at each unconscious face, to kiss each with lips that mutely blessed, and to pray the fervent prayers which only mothers utter.|Little Women|Louisa May Alcott|explicit|3.0|
00:00|midnight|She watched his figure pass in and out of the strips of moonlight. It was past midnight.|The Awakening, and Selected Short Stories|Kate Chopin|explicit|3.0|
00:00|midnight|Much to her surprise she received a note from Arobin, written at midnight from the club.|The Awakening, and Selected Short Stories|Kate Chopin|explicit|3.0|
00:00|midnight|He went on brooding over his situation until midnight, when he repaired again to the Palmer House.|Sister Carrie: A Novel|Theodore Dreiser|explicit|3.0|
00:00|midnight|He blanched like one who has come to the edge of a cliff at midnight and is suddenly made aware.|The Red Badge of Courage: An Episode of the American Civil War|Stephen Crane|explicit|3.0|
00:00|midnight|Towards midnight on the day of the murder Zerkow's body had been found floating in the bay near Black Point.|McTeague: A Story of San Francisco|Frank Norris|explicit|3.0|
00:00|midnight|Sullenly, with his huge jaws gripping stolidly together, he pushed on. At midnight he stopped.|McTeague: A Story of San Francisco|Frank Norris|explicit|3.0|
00:00|midnight|I never missed a Saturday night dance. The tent was open until midnight then.|My Ántonia|Willa Cather|explicit|3.0|
00:00|midnight|When she was not going to a dance, she sewed until midnight.|My Ántonia|Willa Cather|explicit|3.0|
00:00|midnight|Alexandra had left Lincoln after midnight, and Carl had met her at the Hanover station early in the morning.|O Pioneers!|Willa Cather|explicit|3.0|
00:00|midnight|They slept all afternoon, and till midnight played stud-poker with the guides.|Babbitt|Sinclair Lewis|explicit|3.0|
00:00|midnight|He bought half a dozen of them at a religious book-shop and till after midnight he read them and admired.|Babbitt|Sinclair Lewis|explicit|3.0|
00:00|midnight|It was Bea's evening out - her evening for the Lutheran Dance. Carol was alone from three till midnight.|Main Street|Sinclair Lewis|explicit|3.0|
00:00|midnight|She helped in putting Hugh to bed, sputtering the while about his soft skin. Then they talked till midnight.|Main Street|Sinclair Lewis|explicit|3.0|
00:00|midnight|She was ignored by the males till midnight. Her husband called, "Suppose we could have some eats, Carrie?"|Main Street|Sinclair Lewis|explicit|3.0|
00:00|midnight|And sometimes I fell asleep there, in my chair, and didn't wake up till after midnight, and the house - - Oh, the devil!|Main Street|Sinclair Lewis|explicit|3.0|
00:00|midnight|At midnight the chill wind that blew drove him to shelter at the rear of the cabin.|White Fang|Jack London|explicit|3.0|
00:00|midnight|But at midnight, - strange, mystic hour! - when the veil between the frail present and the eternal future grows thin, - then came the messenger!|Uncle Tom's Cabin|Harriet Beecher Stowe|explicit|3.0|
00:00|midnight|Now the whole secret is out, and all is plain as the north star at midnight.|The Last of the Mohicans; A narrative of 1757|James Fenimore Cooper|explicit|3.0|
00:00|midnight|There was dancing now on the canvas in the garden; old men pushing young girls backward in eternal graceless circles, superior couples holding each other tortuously, fashionably, and keeping in the corners - and a great number of single girls dancing individually or relieving the orchestra for a moment of the burden of the banjo or the traps. By midnight the hilarity had increased.|The Great Gatsby|F. Scott Fitzgerald|explicit|3.0|
00:00|midnight|Out of a crevice of his mind crept the vague but inevitable spectre of the night before - but it proved in this case to be nothing but a seemingly interminable conversation with Richard Caramel, who had called on him at midnight; they had drunk four bottles of beer and munched dry crusts of bread while Anthony listened to a reading of the first part of "The Demon Lover."|The Beautiful and Damned|F. Scott Fitzgerald|explicit|3.0|
00:00|midnight|Still, officers often rode past the sentries after midnight....|The Beautiful and Damned|F. Scott Fitzgerald|explicit|3.0|
00:00|midnight|But about midnight there sometimes rises, like a veiled figure suddenly woken, a heavy wind; and this now flapping through Trinity lifted unseen leaves and blurred everything.|Jacob's Room|Virginia Woolf|explicit|3.0|
00:00|midnight|But at midnight when no one speaks or gallops, and the thorn tree is perfectly still, it would be foolish to vex the moor with questions - what? and why?|Jacob's Room|Virginia Woolf|explicit|3.0|
00:00|midnight|"There are two men standing outside this shop," went on the blacksmith with ponderous lucidity, "good tradesmen in Greenford whom you all know, who will swear that they saw me from before midnight till daybreak and long after in the committee room of our Revival Mission, which sits all night, we save souls so fast.|The innocence of Father Brown|G. K. Chesterton|explicit|3.0|
00:00|midnight|At the end of that trip we met together at midnight in a lonely field, under a blasted oak, and took an awful oath (we had been swearing for a whole week about the thing in an ordinary, middle-class way, but this was a swell affair) - an awful oath never to take paraffine oil with us in a boat again-except, of course, in case of sickness.|Three men in a boat (to say nothing of the dog)|Jerome K. Jerome|explicit|3.0|
00:00|midnight|Once, when he went back to his lodgings at midnight, he saw a woman standing at the area railings and suspecting who it was went to beg a shake-down in Ramsden's rooms; next day the landlady told him that Mildred had sat crying on the doorsteps for hours, and she had been obliged to tell her at last that if she did not go away she would send for a policeman.|Of Human Bondage|W. Somerset Maugham|explicit|3.0|
00:00|midnight|They sat on talking till nearly midnight, and Philip, who lived furthest off, was the first to go.|Of Human Bondage|W. Somerset Maugham|explicit|3.0|
00:00|midnight|And then the servant would retire to her seventh floor, and there would be silence until, now and then, faint creepings were heard at midnight or after.|The Old Wives' Tale|Arnold Bennett|explicit|3.0|
00:00|midnight|I felt very tired, and really wanted to go to bed. I reached the hotel at a quarter before midnight.|The Diary of a Nobody|George Grossmith|explicit|3.0|
00:00|midnight|It was long past midnight, and even the Prince of Wales was thinking of leaving the supper-table.|The Scarlet Pimpernel|Baroness Emmuska Orczy Orczy|explicit|3.0|
00:00|midnight|It was long past midnight when at last Marguerite retired to rest.|The Scarlet Pimpernel|Baroness Emmuska Orczy Orczy|explicit|3.0|
00:00|midnight|Jammed by the hour to slow music. That woman at midnight mass.|Ulysses|James Joyce|explicit|3.0|
00:00|midnight|It was after eleven when he reached her door, and as he made his apology for having been unable to come away earlier, she complained that it was indeed very late; the storm had made her unwell, her head ached, and she warned him that she would not let him stay longer than half an hour, that at midnight she would send him away; a little while later she felt tired and wished to sleep.|Swann's Way|Marcel Proust|explicit|3.0|
00:00|midnight|News was at Ziglaur by midnight, and by tomorrow should be at Kotgarh.|Kim|Rudyard Kipling|explicit|3.0|
00:00|midnight|I must have fallen asleep about midnight because I don't remember hearing the bells after that.|The King in Yellow|Robert W. Chambers|explicit|3.0|
00:00|midnight|It was dated at midnight of the preceding night and ran in this way:|The Adventures of Sherlock Holmes|Arthur Conan Doyle|explicit|2.0|
00:00|midnight|3 August. - At midnight I went to relieve the man at the wheel, and when I got to it found no one there.|Dracula|Bram Stoker|explicit|2.0|
00:30|12.30|The following morning, Mrs. Inglethorp stayed in bed to breakfast, as she was rather overtired; but she appeared in her briskest mood about 12.30, and swept Lawrence and myself off to a luncheon party.|The Mysterious Affair at Styles|Agatha Christie|am-cue|5.0|
00:53|seven minutes to one o'clock|But at seven minutes to one o'clock in the morning a deafening whistling was heard, like that produced by a body of water rushing with great violence.|Twenty Thousand Leagues under the Sea|Jules Verne|morning|5.0|
01:00|one o'clock in the morning|The "Henrietta" entered Queenstown Harbour at one o'clock in the morning, it then being high tide; and Phileas Fogg, after being grasped heartily by the hand by Captain Speedy, left that gentleman on the levelled hulk of his craft, which was still worth half what he had sold it for.|Around the World in Eighty Days|Jules Verne|morning|7.0|
01:00|one o'clock in the morning|It was one o'clock in the morning. Barrois, who wished to go to bed himself, observed that after such sad events everyone stood in need of rest.|The Count of Monte Cristo|Alexandre Dumas|morning|7.0|
01:00|one o'clock in the morning|Tea, play, and the conversation, which had become interesting during the discussion of such serious affairs, lasted till one o'clock in the morning.|The Count of Monte Cristo|Alexandre Dumas|morning|7.0|
01:00|one o'clock in the morning|Towards one o'clock in the morning, the night being very dark, he saw two shadows pass along the roof, in the rain and squalls, in front of the dormer-window which was opposite his cage.|Les Misérables|Victor Hugo|morning|7.0|
01:00|one o'clock in the morning|It was the crest of this ruin that Thénardier had succeeded in reaching, a little after one o'clock in the morning.|Les Misérables|Victor Hugo|morning|7.0|
01:00|one o'clock in the morning|I was so one-minded in my purpose that it never struck me there was anything improper in being, at one o'clock in the morning, in Florence's bedroom.|The Good Soldier|Ford Madox Ford|morning|7.0|
01:00|one o'clock in the morning|You talk as though we were sitting in a club; don't you know it's one o'clock in the morning, and the lights on, and a dead man down below?|The Amateur Cracksman|E. W. Hornung|morning|7.0|
01:00|one o'clock in the morning|On the third night, the moon was on the wane, and had begun to rise later; at one o'clock in the morning, possibly, she heard a loud burst of laughter and her father's voice calling her: -|Les Misérables|Victor Hugo|morning|6.0|
01:00|one o'clock in the morning|"Monsieur," said the clerk, "do not fail to be here ready to start at precisely one o'clock in the morning."|Les Misérables|Victor Hugo|morning|5.5|
01:00|one o'clock|I said I had not seen Raffles since one o'clock, telling the truth with unction while I could; even as we spoke there came a knock at the door; it was the telegram at last, and, after reading it himself, the Queenslander handed it to me.|The Amateur Cracksman|E. W. Hornung|am-cue|5.5|
01:00|one o'clock|At one o'clock, the boys, having previously had their appetites thoroughly taken away by stir-about and potatoes, sat down in the kitchen to some hard salt beef, of which Nicholas was graciously permitted to take his portion to his own solitary desk, to eat it there in peace.|Nicholas Nickleby|Charles Dickens|am-cue|5.0|
01:00|one o'clock|Though they took but a hasty breakfast, and no rest (which it would have been in vain to seek under such anxious circumstances), it was noon before they began to find the bills of Sleary's Horse-riding on barns and walls, and one o'clock when they stopped in the market-place.|Hard Times|Charles Dickens|am-cue|5.0|
01:00|one o'clock|She should therefore arrive some time in the morning; but as she cannot possibly get in before then, we are all about to retire early. We shall get up at one o'clock, so as to be ready.|Dracula|Bram Stoker|am-cue|5.0|
01:00|one o'clock|Not long after one o'clock there was a slight creak in the darkened farmhouse once the mansion of the d'Urbervilles.|Tess of the d'Urbervilles: A Pure Woman|Thomas Hardy|am-cue|5.0|
01:00|One o'clock|One o'clock has just struck. I am considering whether I had better wait here for the arrival of the messenger from London, or slip away quietly, and watch for him outside the lodge gate.|The Woman in White|Wilkie Collins|am-cue|5.0|
01:00|one o'clock in the morning|Near one o'clock in the morning, I was seized with dreadful fatigue.|Twenty Thousand Leagues under the Sea|Jules Verne|morning|5.0|
01:00|struck one|He remained in this situation, and would have so remained indefinitely, even until daybreak, had not the clock struck one - the half or quarter hour.|Les Misérables|Victor Hugo|am-cue|5.0|
01:00|one o'clock in the morning|"Would you believe it? Marius comes home nowadays at one o'clock in the morning."|Les Misérables|Victor Hugo|morning|5.0|
01:00|one o'clock in the morning|Towards one o'clock in the morning, the guests began to take their leave.|Notre-Dame de Paris|Victor Hugo|morning|5.0|
01:00|one o'clock in the morning|"What does all this mean, at after one o'clock in the morning?"|The Old Wives' Tale|Arnold Bennett|morning|5.0|
01:00|one o'clock in the morning|The man on the tower of Saint-Gervais has just cried half-past one o'clock in the morning."|Notre-Dame de Paris|Victor Hugo|morning|3.5|
01:00|one o'clock|But Colonel Crawley only took out a card and enjoined him particularly to send it in to Lord Steyne, and to mark the address written on it, and say that Colonel Crawley would be all day after one o'clock at the Regent Club in St. James's Street - not at home.|Vanity Fair|William Makepeace Thackeray|am-cue|3.0|
01:00|one o'clock|"I am going to madame's chamber - have the carriage ready at one o'clock."|The Count of Monte Cristo|Alexandre Dumas|am-cue|3.0|
01:00|one o'clock|What had happened between one o'clock and dawn of that fearful night Trina never remembered.|McTeague: A Story of San Francisco|Frank Norris|am-cue|3.0|
01:00|one o'clock|My maid came up this morning to do some shopping for me, and was to go on to Bellomont at one o'clock, and my aunt's house is closed, and I don't know a soul in town."|The House of Mirth|Edith Wharton|am-cue|3.0|
01:00|one o'clock in the morning|And at one o'clock in the morning of the 4th of August I was standing in Florence's bedroom.|The Good Soldier|Ford Madox Ford|morning|3.0|
01:15|a quarter after one|At a quarter after one in the morning he came out of the place.|Sister Carrie: A Novel|Theodore Dreiser|morning|5.0|
01:20|twenty minutes past one|I wrote a postscript to that effect, begging that the messenger might be despatched with the reply by the eleven o'clock morning train, which would bring him to our station at twenty minutes past one, and so enable him to reach Blackwater Park by two o'clock at the latest.|The Woman in White|Wilkie Collins|am-cue|5.0|
01:30|one-thirty|There's Vanovitch at two on Wednesday, and Loughhead's wife Thursday morning, and Heise's little girl Thursday afternoon at one-thirty; Mrs. Watson on Friday, and Vanovitch again Saturday morning early - at seven.|McTeague: A Story of San Francisco|Frank Norris|am-cue|5.0|
01:59|one of two|As true as there is a heaven above us, this is my case. I am one of two brothers.|Bleak House|Charles Dickens|am-cue|3.0|
01:59|one of two|How there had been a final interview with the head of the Circumlocution Office that very morning, and how the Brazen Head had spoken, and had been, upon the whole, and under all the circumstances, and looking at it from the various points of view, of opinion that one of two courses was to be pursued in respect of the business: that was to say, either to leave it alone for evermore, or to begin it all over again.|Little Dorrit|Charles Dickens|am-cue|3.0|
01:59|one of two|"I am never up to my elbows, Miss, in making a pudding but one of two things happens - either my nose must needs begin tickling, and I can't live without scratching it, or somebody knocks at the door.|Far from the Madding Crowd|Thomas Hardy|am-cue|3.0|
01:59|One of two|One of two things will happen, he will either be sober, or he will not be sober.|Les Misérables|Victor Hugo|am-cue|3.0|
01:59|one of two|You are faced by one of two things," and the skin over his left temple puckered, "either you will not reach your regiment before peace is concluded, or you will share defeat and disgrace with Kutúzov's whole army."|War and Peace|graf Leo Tolstoy|am-cue|3.0|
01:59|one of two|My father was one of two brothers, sons of a small yeoman farmer in Devonshire.|Poirot Investigates|Agatha Christie|am-cue|3.0|
02:00|two o'clock in the morning|Herbert said he thought it would be kind to do so; therefore I invited him, and he went to Barnard's with us, wrapped up to the eyes, and we did our best for him, and he sat until two o'clock in the morning, reviewing his success and developing his plans.|Great Expectations|Charles Dickens|morning|7.5|
02:00|two o'clock in the morning|Toward two o'clock in the morning somebody endeavored to open the door; but as Planchet awoke in an instant and cried, "Who goes there?" somebody replied that he was mistaken, and went away.|The three musketeers|Alexandre Dumas|morning|7.5|
02:00|two o'clock in the morning|When you have parted with a man at two o'clock in the morning, on terms of the utmost good-fellowship, and he meets you again, at half-past nine, and greets you as a serpent, it is not unreasonable to conclude that something of an unpleasant nature has occurred meanwhile.|The Pickwick Papers|Charles Dickens|morning|7.0|
02:00|two o'clock in the morning|While untying the knot round the hook, it seemed to me that I repeatedly caught the beat of horses' feet galloping at some distance; but there were such a number of things to occupy my reflections that I hardly gave the circumstance a thought: though it was a strange sound, in that place, at two o'clock in the morning.|Wuthering Heights|Emily Brontë|morning|7.0|
02:00|two o'clock in the morning|Towards two o'clock in the morning, the burning light reappeared, not less intense, about five miles to windward of the Abraham Lincoln.|Twenty Thousand Leagues under the Sea|Jules Verne|morning|7.0|
02:00|two o'clock in the morning|D'Artagnan drew up his request, and M. de Tréville, on receiving it, assured him that by two o'clock in the morning the four leaves of absence should be at the respective domiciles of the travelers.|The three musketeers|Alexandre Dumas|morning|7.0|
02:00|two o'clock in the morning|Four shallops came off with very little noise alongside the lugger, which, no doubt, in acknowledgement of the compliment, lowered her own shallop into the sea, and the five boats worked so well that by two o'clock in the morning all the cargo was out of La Jeune Amélie and on terra firma.|The Count of Monte Cristo|Alexandre Dumas|morning|7.0|
02:00|two o'clock in the morning|At two o'clock in the morning, the sentinel, who was an old soldier, was relieved, and replaced by a conscript.|Les Misérables|Victor Hugo|morning|7.0|
02:00|two o'clock in the morning|At two o'clock in the morning he returned to Courfeyrac's quarters and flung himself, without undressing, on his mattress.|Les Misérables|Victor Hugo|morning|7.0|
02:00|two o'clock in the morning|Yes, every one had seen Red Death; but Raoul could not find him; and, at two o'clock in the morning, he turned down the passage, behind the scenes, that led to Christine Daae's dressing-room.|The Phantom of the Opera|Gaston Leroux|morning|7.0|
02:00|two o'clock in the morning|Next day Chichikov dined and spent the evening at the house of the Chief of Police - a residence where, three hours after dinner, every one sat down to whist, and remained so seated until two o'clock in the morning.|Dead Souls|Nikolai Vasilevich Gogol|morning|7.0|
02:00|two o'clock|Steelkilt calculated his time, and found that his next trick at the helm would come round at two o'clock, in the morning of the third day from that in which he had been betrayed.|Moby Dick; Or, The Whale|Herman Melville|morning|7.0|
02:00|two o'clock in the morning|Once or twice, through the chinks of her door, Sophia had seen a light at two o'clock in the morning, just before the dawn.|The Old Wives' Tale|Arnold Bennett|morning|7.0|
02:00|two o'clock|'The register of the distinguished visitors in Ba - ath will be at the Pump Room this morning at two o'clock,' replied the M.C.|The Pickwick Papers|Charles Dickens|am-cue|5.5|
02:00|two o'clock in the morning|When two o'clock in the morning struck, she declared herself vanquished, and said to her husband, "I'm going to bed.|Les Misérables|Victor Hugo|morning|5.5|
02:00|two o'clock in the morning|And it was said that a belated citizen had come upon Potter washing himself in the "branch" about one or two o'clock in the morning, and that Potter had at once sneaked off - suspicious circumstances, especially the washing which was not a habit with Potter.|The Adventures of Tom Sawyer, Complete|Mark Twain|morning|5.5|
02:00|two o'clock in the morning|'Ain't it enough to be swindled out of one's rent, and money lent out of pocket besides, and abused and insulted by your friends that dares to call themselves men, without having the house turned out of the window, and noise enough made to bring the fire-engines here, at two o'clock in the morning? - Turn them wretches away.'|The Pickwick Papers|Charles Dickens|morning|5.0|
02:00|two o'clock|Now, my uncle was never a fast thinker, and if he had thought all these things, I am quite certain it would have taken him till full half-past two o'clock at the very least.|The Pickwick Papers|Charles Dickens|am-cue|5.0|
02:00|struck two|The clock struck two, and the clock struck three, and the clock struck four, and she remained there, with a woman's patience and her own purpose.|Our Mutual Friend|Charles Dickens|am-cue|5.0|
02:00|two o'clock in the morning|'Half-past two o'clock in the morning,' muttered Jeremiah. 'Where's your hat?|Little Dorrit|Charles Dickens|morning|5.0|
02:00|two o'clock|The baking-dish was served up in a penitential manner on a shrunken cloth at an end of the dining-table, at two o'clock, when he dined with Mr Flintwinch, the new partner.|Little Dorrit|Charles Dickens|am-cue|5.0|
02:00|two o'clock|I do hope the dear fellow will take care of himself, and that nothing will occur to upset him. It is two o'clock, and the doctor will be here soon now.|Dracula|Bram Stoker|am-cue|5.0|
02:00|two o'clock|While he stood the dawn grew visible in the northeast quarter of the heavens, which, the clouds having cleared off, was bright with a soft sheen at this midsummer time, though it was only between one and two o'clock.|The Return of the Native|Thomas Hardy|am-cue|5.0|
02:00|two o'clock in the morning|At two o'clock in the morning, our four adventurers left Paris by the Barrière St. Denis.|The three musketeers|Alexandre Dumas|morning|5.0|
02:00|struck two|As the Cathedral clock struck two in the morning, Jean Valjean awoke.|Les Misérables|Victor Hugo|morning|5.0|
02:00|two o'clock|The battle would have been won and ended at two o'clock, three hours before the change of fortune in favor of the Prussians.|Les Misérables|Victor Hugo|am-cue|5.0|
02:00|two o'clock in the morning|The night wind had risen, which indicated that it must be between one and two o'clock in the morning.|Les Misérables|Victor Hugo|morning|5.0|
02:00|two o'clock|On his return, Nozdrev invited his companions to inspect his establishment - even though as early as two o'clock he had to announce that nothing more was to be seen.|Dead Souls|Nikolai Vasilevich Gogol|am-cue|5.0|
02:00|two o'clock in the morning|It must have been then two o'clock in the morning - a likely time for anybody to hawk fish about!|Lord Jim|Joseph Conrad|morning|5.0|
02:00|two o'clock|At two o'clock Sam and Andy brought the horses up to the posts, apparently greatly refreshed and invigorated by the scamper of the morning.|Uncle Tom's Cabin|Harriet Beecher Stowe|am-cue|5.0|
02:00|two o'clock|Of all the mere feats of cracksmanship which I have seen Raffles perform, at once the most delicate and most difficult was that which he accomplished between one and two o'clock on the Tuesday morning, aboard the North German steamer Uhlan, lying at anchor in Genoa harbor.|The Amateur Cracksman|E. W. Hornung|am-cue|5.0|
02:00|two o'clock|As I did not care, however, to get to Highgate before one or two o'clock in the day, and as we had another little excommunication case in court that morning, which was called The office of the judge promoted by Tipkins against Bullock for his soul's correction, I passed an hour or two in attendance on it with Mr. Spenlow very agreeably.|David Copperfield|Charles Dickens|am-cue|3.0|
02:00|striking two|'Gentlemen, my uncle used to say that he thought all this at the time, but I rather suspect he learned it out of some book afterwards, for he distinctly stated that he fell into a kind of doze, as he sat on the old axle-tree looking at the decayed mail coaches, and that he was suddenly awakened by some deep church bell striking two.|The Pickwick Papers|Charles Dickens|am-cue|3.0|
02:00|struck two|'Be this as it may, a church bell struck two. My uncle woke, rubbed his eyes, and jumped up in astonishment.|The Pickwick Papers|Charles Dickens|am-cue|3.0|
02:00|two o'clock|"Then we meet again at two o'clock. Au revoir, and good-morning!"|The Hound of the Baskervilles|Arthur Conan Doyle|am-cue|3.0|
02:00|Two o'clock|Two o'clock came; and they still sate there with closed doors.|North and South|Elizabeth Cleghorn Gaskell|am-cue|3.0|
02:00|two o'clock|They went on till two o'clock; their hearts were with the column as it marched farther and farther away.|Vanity Fair|William Makepeace Thackeray|am-cue|3.0|
02:00|two o'clock|At two o'clock I descended again to the breakfast-room, a little anxiously.|The Woman in White|Wilkie Collins|am-cue|3.0|
02:00|Two o'clock|Two o'clock A.M. - The experiment has been tried. With what result, I am now to describe.|The Moonstone|Wilkie Collins|am-cue|3.0|
02:00|two o'clock|At two o'clock I shall have the honor of expecting you at the hôtel of Monsieur de Tréville.|The three musketeers|Alexandre Dumas|am-cue|3.0|
02:00|two o'clock|"You came to me last week, in the night, at two o'clock, the day I was with you in the morning!|The Idiot|Fyodor Dostoyevsky|morning|3.0|
02:00|two o'clock in the morning|'Ow'd you like to sit behind this 'oss up to two o'clock in the morning p'raps?"|The Secret Agent: A Simple Tale|Joseph Conrad|morning|3.0|
02:30|half past two|At half past two in the morning Morcerf was conducted to his apartments, where a bath and supper were prepared.|The Count of Monte Cristo|Alexandre Dumas|morning|7.0|
02:30|2.30 A.M|I had pen, ink, and paper in my room on the first floor And even while I was speaking I was impatient to begin the letter - day, month, year, 2.30 A.M. . . . for the sake of our old friendship I ask you to put some work in the way of Mr. James So-and-so, in whom, &c., &c. . . .|Lord Jim|Joseph Conrad|explicit|5.0|
02:35|2:35|You can get away, if you are in a hurry, by the 10:30 train, which will bring you to Paddington by 2:35.|Dracula|Bram Stoker|am-cue|3.0|
02:45|a quarter before three|On these occasions, Mrs MacStinger was knocked up by the policeman at a quarter before three in the morning, and rarely succumbed before twelve o'clock next night.|Dombey and Son|Charles Dickens|morning|7.0|
03:00|struck three|The jackal then invigorated himself with a bumper for his throttle, and a fresh application to his head, and applied himself to the collection of a second meal; this was administered to the lion in the same manner, and was not disposed of until the clocks struck three in the morning.|A Tale of Two Cities|Charles Dickens|morning|7.0|
03:00|three o'clock in the morning|Here he paid a heavy price for his escort, and hence he started with it on the wet, wet roads at three o'clock in the morning.|A Tale of Two Cities|Charles Dickens|morning|7.0|
03:00|three o'clock in the morning|It was three o'clock in the morning when the houses outside London did at last begin to exclude the country and to close us in with streets.|Bleak House|Charles Dickens|morning|7.0|
03:00|three o'clock in the morning|No man could get a breakfast at the Beargarden, but suppers at three o'clock in the morning were quite within the rule.|The Way We Live Now|Anthony Trollope|morning|7.0|
03:00|three o'clock|He began it daily at his club at three o'clock, and continued playing till two in the morning with an interval of a couple of hours for his dinner.|The Way We Live Now|Anthony Trollope|morning|7.0|
03:00|three o'clock in the morning|At three o'clock in the morning of the 26th of November the Nautilus crossed the tropic of Cancer at 172° long.|Twenty Thousand Leagues under the Sea|Jules Verne|morning|7.0|
03:00|three o'clock in the morning|D'Artagnan ran home immediately, and although it was three o'clock in the morning and he had some of the worst quarters of Paris to traverse, he met with no misadventure.|The three musketeers|Alexandre Dumas|morning|7.0|
03:00|three o'clock in the morning|"Well, don't be alarmed if I return at one, two or three o'clock in the morning; indeed, do not be alarmed if I do not come at all."|The three musketeers|Alexandre Dumas|morning|7.0|
03:00|three o'clock in the morning|During the night, between the 4th and 5th of September, Madame Morrel remained listening for every sound, and, until three o'clock in the morning, she heard her husband pacing the room in great agitation.|The Count of Monte Cristo|Alexandre Dumas|morning|7.0|
03:00|Three o'clock in the morning|Three o'clock in the morning had just struck, and he had been walking thus for five hours, almost uninterruptedly, when he at length allowed himself to drop into his chair.|Les Misérables|Victor Hugo|morning|7.0|
03:00|three o'clock in the morning|At half-past three o'clock in the morning, he lost one illusion; officers who had been despatched to reconnoitre announced to him that the enemy was not making any movement.|Les Misérables|Victor Hugo|morning|7.0|
03:00|three o'clock in the morning|He was so much interested in that task that he was unable to sleep, and in spite of his cold which had grown worse from the dampness of the evening, he went into the large division of the tent at three o'clock in the morning, loudly blowing his nose.|War and Peace|graf Leo Tolstoy|morning|7.0|
03:00|three o'clock in the morning|It was three o'clock in the morning. The footmen came in with sad and stern faces to change the candles, but no one noticed them.|War and Peace|graf Leo Tolstoy|morning|7.0|
03:00|three o'clock in the morning|But, contrary to his usual habit, he did not go to bed, he walked up and down his study till three o'clock in the morning.|Anna Karenina|graf Leo Tolstoy|morning|7.0|
03:00|three o'clock in the morning|One thing he did with more sincerity confess to was that living so long in Moscow, a life of nothing but conversation, eating and drinking, he was degenerating. They talked till three o'clock in the morning.|Anna Karenina|graf Leo Tolstoy|morning|7.0|
03:00|three o'clock in the morning|I enjoyed a discussion over him till three o'clock in the morning, with Lebedeff; and then... then - I swear by all I hold sacred that I am telling you the truth - then I wished to develop my soul in this frank and heartfelt confession to you.|The Idiot|Fyodor Dostoyevsky|morning|7.0|
03:00|three o'clock in the morning|In the evening she would go out somewhere, and rang at two or three o'clock in the morning, and I had to open the door to her and listen to remarks about my cough.|The Lady with the Dog and Other Stories|Anton Pavlovich Chekhov|morning|7.0|
03:00|three o'clock in the morning|He had been on his feet a good part of a day and a night (for it was now two or three o'clock in the morning), and had eaten nothing meantime.|The Prince and the Pauper|Mark Twain|morning|7.0|
03:00|Three O'Clock in the Morning|Her glance left me and sought the lighted top of the steps, where "Three O'Clock in the Morning," a neat, sad little waltz of that year, was drifting out the open door.|The Great Gatsby|F. Scott Fitzgerald|morning|7.0|
03:00|Three o'Clock|Take me in at the cathedral, at Three o'Clock, or as near it as you can, and I am sure it will be better than our going from here.|A Tale of Two Cities|Charles Dickens|am-cue|5.0|
03:00|three o'clock in the morning|It's three o'clock in the morning, and I've got all my faculties as well as ever I had in my life.|Middlemarch|George Eliot|morning|5.0|
03:00|three o'clock|Lady De Courcy was a wise woman, and therefore, having treated Miss Thorne very badly by staying away till three o'clock, she assumed the offensive and attacked Mr. Thorne's roads.|Barchester Towers|Anthony Trollope|am-cue|5.0|
03:00|three o'clock in the morning|At three o'clock in the morning, Sir Felix had lost over a hundred pounds in ready money.|The Way We Live Now|Anthony Trollope|morning|5.0|
03:00|three o'clock|It was three o'clock before they left the card table, at which time Melmotte was lying dead upon the floor in Mr. Longestaffe's house.|The Way We Live Now|Anthony Trollope|am-cue|5.0|
03:00|three o'clock|We used to keep such hours! Twelve, one, two, three o'clock was nothing to us.|Nicholas Nickleby|Charles Dickens|am-cue|3.0|
03:00|three o'clock|At three o'clock precisely I was at Baker Street, but Holmes had not yet returned.|The Adventures of Sherlock Holmes|Arthur Conan Doyle|am-cue|3.0|
03:00|three o'clock|As for Maggie, she was peculiarly depressed this morning; she had been called up, after brief rest, at three o'clock, and had that strange dreamy weariness which comes from watching in a sick-room through the chill hours of early twilight and breaking day, - in which the outside day-light life seems to have no importance, and to be a mere margin to the hours in the darkened chamber.|The Mill on the Floss|George Eliot|am-cue|3.0|
03:00|three o'clock|The vehicle dried it in twelve hours - that is to say, dried it by three o'clock on Thursday morning.|The Moonstone|Wilkie Collins|am-cue|3.0|
03:00|three o'clock|That somebody (putting together Penelope's evidence and Mr. Franklin's evidence) must have been in the room, and done the mischief, between midnight and three o'clock on the Thursday morning.|The Moonstone|Wilkie Collins|am-cue|3.0|
03:00|three o'clock|Arrived here only yesterday morning, and married today at three o'clock!|The Count of Monte Cristo|Alexandre Dumas|am-cue|3.0|
03:00|three o'clock|Only at three o'clock were they sufficiently reconciled to be able to go to sleep.|Anna Karenina|graf Leo Tolstoy|am-cue|3.0|
03:00|Three o'clock|Three o'clock. They are gone! I am blind with crying - I can write no more - -|The Woman in White|Wilkie Collins|am-cue|2.0|
03:59|one to four|"Certainly," said I, carried away by the Captain's reasoning; "if the surface of the sea is solidified by the ice, the lower depths are free by the Providential law which has placed the maximum of density of the waters of the ocean one degree higher than freezing-point; and, if I am not mistaken, the portion of this iceberg which is above the water is as one to four to that which is below."|Twenty Thousand Leagues under the Sea|Jules Verne|am-cue|3.5|
04:00|four o'clock in the morning|A very few words, here and there, were then enough for him; and thus we came, at between three and four o'clock in the morning, into Islington.|Bleak House|Charles Dickens|morning|7.0|
04:00|four o'clock in the morning|His custom was to work from four o'clock in the morning till noon; then, when the heat of the day was at its highest, to go home and sleep for an hour or two; afterwards coming out again and working till dusk at nine.|The Return of the Native|Thomas Hardy|morning|7.0|
04:00|four o'clock in the morning|The young man, who was of himself so unwelcome, who had come there on a project which he, Roger, utterly disapproved, - who had now knocked him and his household up at four o'clock in the morning, - had uttered no word of apology.|The Way We Live Now|Anthony Trollope|morning|7.0|
04:00|four o'clock in the morning|They who were knowing in such matters had declared that the people would not be able to get themselves out of the room till three or four o'clock in the morning, and that the carriages would not get themselves out of the Square till breakfast time.|The Way We Live Now|Anthony Trollope|morning|7.0|
04:00|four o'clock in the morning|Toward four o'clock in the morning the doctor arrived; but since the time Milady stabbed herself, however short, the wound had closed.|The three musketeers|Alexandre Dumas|morning|7.0|
04:00|four o'clock in the morning|Fyodor Pavlovitch used to go to bed very late, at three or four o'clock in the morning, and would wander about the room at night or sit in an arm-chair, thinking.|The Brothers Karamazov|Fyodor Dostoyevsky|morning|7.0|
04:00|four o'clock in the morning|"I know that you say your prayers, and that you go to church, and that you observe both Matins and Vespers, and that, though averse to early rising, you leave your bed at four o'clock in the morning before the household fires have been lit."|Dead Souls|Nikolai Vasilevich Gogol|morning|7.0|
04:00|four o'clock in the morning|Let us go backward a few hours, and place ourselves in Westminster Abbey, at four o'clock in the morning of this memorable Coronation Day.|The Prince and the Pauper|Mark Twain|morning|7.0|
04:00|four o'clock in the morning|Of course, this conduct made the force only more distrustful of him than ever, and they would come and rout him out and ask him what he was doing there; and when he answered, "Nothing," he had merely come out for a stroll (it was then four o'clock in the morning), they looked as though they did not believe him, and two plain-clothes constables came home with him to see if he really did live where he had said he did.|Three men in a boat (to say nothing of the dog)|Jerome K. Jerome|morning|5.5|
04:00|four o'clock|In Mr Dombey's house, at this same time, there is great stir and bustle, more especially among the women: not one of whom has had a wink of sleep since four o'clock, and all of whom were fully dressed before six.|Dombey and Son|Charles Dickens|am-cue|5.0|
04:00|four o'clock in the morning|Consigning his heavier burden to the care of Tom Scott when he reached the street, taking a dram from the bottle for his own encouragement, and giving the boy a rap on the head with it as a small taste for himself, Quilp very deliberately led the way to the wharf, and reached it at between three and four o'clock in the morning.|The Old Curiosity Shop|Charles Dickens|morning|5.0|
04:00|four o'clock|There was a feeble dawn in the room when Hetty awoke, a little after four o'clock, with a sense of dull misery, the cause of which broke upon her gradually as she began to discern the objects round her in the dim light.|Adam Bede|George Eliot|am-cue|5.0|
04:00|four o'clock|Matthew Moon, Joseph Poorgrass, and other carters and waggoners followed at his heels, with great lanterns dangling from their hands, which showed that they had just come from the cart-horse stables, where they had been busily engaged since four o'clock that morning.|Far from the Madding Crowd|Thomas Hardy|am-cue|5.0|
04:00|four o'clock|Therefore she was full of a wild joy, half joy half fear, when she got her letter; and, therefore, punctually at four o'clock on that Sunday she was ensconced among the Sheepstone Birches, so that she might see without much danger of being seen.|The Way We Live Now|Anthony Trollope|am-cue|5.0|
04:00|four o'clock|Melmotte, who knew but little about it, went down to the House at four o'clock, somewhat cowed by want of companionship, but carrying out his resolution that he would be stopped by no phantom fears, - that he would lose nothing by want of personal pluck.|The Way We Live Now|Anthony Trollope|am-cue|5.0|
04:00|four o'clock|To prove the excellent Hardwigg's impatience, I solemnly declare that when the flowers in the drawing-room pots began to grow, he rose every morning at four o'clock to make them grow quicker by pulling the leaves!|A Journey to the Centre of the Earth|Jules Verne|am-cue|5.0|
04:00|four o'clock in the morning|At four o'clock in the morning they heard a terrible riot in the stables.|The three musketeers|Alexandre Dumas|morning|5.0|
04:00|four o'clock in the morning|The four walls of the living redoubt lay prone, and hardly was there discernible, here and there, even a quiver in the bodies; it was thus that the French legions, greater than the Roman legions, expired on Mont-Saint-Jean, on the soil watered with rain and blood, amid the gloomy grain, on the spot where nowadays Joseph, who drives the post-wagon from Nivelles, passes whistling, and cheerfully whipping up his horse at four o'clock in the morning.|Les Misérables|Victor Hugo|morning|5.0|
04:00|four o'clock in the morning|The busy and heedless passer-by disappeared. Many streets were empty at four o'clock in the morning.|Les Misérables|Victor Hugo|morning|5.0|
04:00|four o'clock in the morning|Towards four o'clock in the morning, Charles, well wrapped up in his cloak, set out for the Bertaux.|Madame Bovary|Gustave Flaubert|morning|5.0|
04:00|four o'clock|Only after four o'clock, almost at sunrise, all the officials, the police captain, the prosecutor, the investigating lawyer, drove up in two carriages, each drawn by three horses.|The Brothers Karamazov|Fyodor Dostoyevsky|am-cue|5.0|
04:00|four o'clock|The boats had ceased running hours ago, but he told himself that by waiting till four o'clock he could get across the bay on the tug that took over the morning papers.|McTeague: A Story of San Francisco|Frank Norris|am-cue|5.0|
04:00|four o'clock|When old Ivar climbed down from his loft at four o'clock the next morning, he came upon Emil's mare, jaded and lather-stained, her bridle broken, chewing the scattered tufts of hay outside the stable door.|O Pioneers!|Willa Cather|am-cue|5.0|
04:00|four o'clock in the morning|"It was four o'clock in the morning then, and if we'd of raised the blinds we'd of seen daylight."|The Great Gatsby|F. Scott Fitzgerald|morning|5.0|
04:00|four o'clock|It was four o'clock on a fine day early in April, and was Fanny the one to spend four o'clock on a fine day indoors?|Jacob's Room|Virginia Woolf|am-cue|5.0|
04:00|four o'clock|All this is visible to you by the light of an oil lamp hanging from the ceiling, and by that of an excellent fire, near which I sit in my cloak and bonnet; my muff and umbrella lie on the table, and I am warming away the numbness and chill contracted by sixteen hours' exposure to the rawness of an October day: I left Lowton at four o'clock A.M., and the Millcote town clock is now just striking eight.|Jane Eyre: An Autobiography|Charlotte Brontë|am-cue|3.0|
04:00|four o'clock|At four o'clock that Sunday morning she came downstairs and stepped out into the starlight.|Tess of the d'Urbervilles: A Pure Woman|Thomas Hardy|am-cue|3.0|
04:00|four o'clock|He staggered out of the club yesterday morning at four o'clock as drunk as Cloe.|The Way We Live Now|Anthony Trollope|am-cue|3.0|
04:00|four o'clock|At four o'clock, on such a roseate summer's morning as even made Great Gaunt Street look cheerful, the faithful Tinker, having wakened her bedfellow, and bid her prepare for departure, unbarred and unbolted the great hall door (the clanging and clapping whereof startled the sleeping echoes in the street), and taking her way into Oxford Street, summoned a coach from a stand there.|Vanity Fair|William Makepeace Thackeray|am-cue|3.0|
04:00|four o'clock|The next morning at four o'clock I was awakened by the steward whom Captain Nemo had placed at my service.|Twenty Thousand Leagues under the Sea|Jules Verne|am-cue|3.0|
04:00|four o'clock|I get up every day at four o'clock; I shave with cold water (and am never cold).|Madame Bovary|Gustave Flaubert|am-cue|3.0|
04:00|four o'clock in the morning|"You may well look! Till three and four o'clock in the morning.|The Secret Agent: A Simple Tale|Joseph Conrad|morning|3.0|
04:00|four o'clock|Towards four o'clock the sky in front of him began to flush pink and golden.|McTeague: A Story of San Francisco|Frank Norris|am-cue|3.0|
04:00|four o'clock|The first morning of her regency, Miss Ophelia was up at four o'clock; and having attended to all the adjustments of her own chamber, as she had done ever since she came there, to the great amazement of the chambermaid, she prepared for a vigorous onslaught on the cupboards and closets of the establishment of which she had the keys.|Uncle Tom's Cabin|Harriet Beecher Stowe|am-cue|3.0|
04:00|four o'clock|At four o'clock, the weather being more magnificent than ever, Madame Foucault said:|The Old Wives' Tale|Arnold Bennett|am-cue|2.5|
04:40|twenty to five|At the sound of their steps a young woman of twenty to five-and-twenty, dressed in a silk morning gown, and busily engaged in plucking the dead leaves off a noisette rose-tree, raised her head.|The Count of Monte Cristo|Alexandre Dumas|am-cue|5.0|
04:46|4.46 a.m|A timepiece of striated Connemara marble, stopped at the hour of 4.46 a.m. on the 21 March 1896, matrimonial gift of Matthew Dillon: a dwarf tree of glacial arborescence under a transparent bellshade, matrimonial gift of Luke and Caroline Doyle: an embalmed owl, matrimonial gift of Alderman John Hooper.|Ulysses|James Joyce|explicit|5.0|
05:00|five o'clock in the morning|"Now let us talk," said Jacob, as he walked down Haverstock Hill between four and five o'clock in the morning of November the sixth arm-in-arm with Timmy Durrant, "about something sensible."|Jacob's Room|Virginia Woolf|morning|7.5|
05:00|five o'clock in the morning|At half-past five o'clock in the morning, when Mrs Tulliver was already rising, he alarmed her by starting up with a sort of smothered shout, and looking round in a bewildered way at the walls of the bedroom.|The Mill on the Floss|George Eliot|morning|7.0|
05:00|five o'clock in the morning|He was pressed to come again soon, but not to stay longer, for at this busy time sensible people would not run the risk of being sleepy at five o'clock in the morning.|Adam Bede|George Eliot|morning|7.0|
05:00|five o'clock in the morning|At five o'clock in the morning I was awakened from the only real half hour's sleep of the night by the loud neighing of horses under my window.|A Journey to the Centre of the Earth|Jules Verne|morning|7.0|
05:00|five o'clock in the morning|Planchet mounted by the window and installed himself across the doorway, while Grimaud went and shut himself up in the stable, undertaking that by five o'clock in the morning he and the four horses should be ready.|The three musketeers|Alexandre Dumas|morning|7.0|
05:00|five o'clock in the morning|On the preceding day, Favourite, the only one who knew how to write, had written the following to Tholomyès in the name of the four: "It is a good hour to emerge from happiness." That is why they rose at five o'clock in the morning.|Les Misérables|Victor Hugo|morning|7.0|
05:00|five o'clock in the morning|This was the state which the shepherd idyl, begun at five o'clock in the morning, had reached at half-past four in the afternoon.|Les Misérables|Victor Hugo|morning|7.0|
05:00|five o'clock in the morning|I meant to shoot myself not far from here, beyond the village, and I'd planned to do it at five o'clock in the morning.|The Brothers Karamazov|Fyodor Dostoyevsky|morning|7.0|
05:00|five o'clock in the morning|At five o'clock in the morning he was asleep - it was October, and at five in the morning it was cold and dark.|The Idiot|Fyodor Dostoyevsky|morning|7.0|
05:00|five o'clock|They had been up since five o'clock that morning, as the reader will remember; but bah! there is no such thing as fatigue on Sunday, said Favourite; on Sunday fatigue does not work.|Les Misérables|Victor Hugo|am-cue|5.5|
05:00|five o'clock|I am always disengaged after four or five o'clock, and I have time early in the morning.|David Copperfield|Charles Dickens|morning|5.0|
05:00|five o'clock|We had only one check to our pleasure, and that happened a little while before I took my leave, when, Miss Mills chancing to make some allusion to tomorrow morning, I unluckily let out that, being obliged to exert myself now, I got up at five o'clock.|David Copperfield|Charles Dickens|am-cue|5.0|
05:00|five o'clock|I went down again next morning to see that they were away. They had departed, in a boat, as early as five o'clock.|David Copperfield|Charles Dickens|am-cue|5.0|
05:00|five o'clock|His name was entered at the Horse Guards as an applicant for an ensign's commission; the purchase-money was deposited at an agent's; and Richard, in his usual characteristic way, plunged into a violent course of military study and got up at five o'clock every morning to practise the broadsword exercise.|Bleak House|Charles Dickens|am-cue|5.0|
05:00|five o'clock|"Should I be too early to see your master, Mr. Silas Brown, if I were to call at five o'clock to-morrow morning?"|The Memoirs of Sherlock Holmes|Arthur Conan Doyle|am-cue|5.0|
05:00|five o'clock|On the first of May, we had all - i.e. the twenty boarders and the four teachers - notice to rise at five o'clock of the morning, to be dressed and ready by six, to put ourselves under the command of M. le Professeur Emanuel, who was to head our march forth from Villette, for it was on this day he proposed to fulfil his promise of taking us to breakfast in the country.|Villette|Charlotte Brontë|morning|5.0|
05:00|five o'clock in the morning|What keeps them dancing till five o'clock in the morning through a whole mortal season?|Vanity Fair|William Makepeace Thackeray|morning|5.0|
05:00|five o'clock in the morning|Next day, at five o'clock in the morning, the post chaise was at the door.|A Journey to the Centre of the Earth|Jules Verne|morning|5.0|
05:00|five o'clock in the morning|We had consumed our last ounce of food, and it was five o'clock in the morning!|A Journey to the Centre of the Earth|Jules Verne|morning|5.0|
05:00|five o'clock in the morning|As the night before, D'Artagnan did not return home till five o'clock in the morning.|The three musketeers|Alexandre Dumas|morning|5.0|
05:00|five o'clock in the morning|It was just five o'clock in the morning when a slight noise like a stifled sigh reached his ear.|The Count of Monte Cristo|Alexandre Dumas|morning|5.0|
05:00|five o'clock in the morning|The night was cold and still; the family had all retired to rest but Villefort, who alone remained up, and worked till five o'clock in the morning, reviewing the last interrogatories made the night before by the examining magistrates, compiling the depositions of the witnesses, and putting the finishing stroke to the deed of accusation, which was one of the most energetic and best conceived of any he had yet delivered.|The Count of Monte Cristo|Alexandre Dumas|morning|5.0|
05:00|five o'clock in the morning|"Monsieur le Maire, it is just five o'clock in the morning."|Les Misérables|Victor Hugo|morning|5.0|
05:00|five o'clock in the morning|Police agents, making their way suddenly and unexpectedly at five o'clock in the morning, into the dwelling of a certain Pardon, who was afterwards a member of the Barricade-Merry section and got himself killed in the insurrection of April, 1834, found him standing near his bed, and holding in his hand some cartridges which he was in the act of preparing.|Les Misérables|Victor Hugo|morning|5.0|
05:00|five o'clock|The next morning, he ran off to Mamma Valerius, who told him that Christine had gone away for two days. She had left at five o'clock the day before.|The Phantom of the Opera|Gaston Leroux|am-cue|5.0|
05:00|five o'clock in the morning|It was then five o'clock in the morning, and it was no accident either.|The Secret Agent: A Simple Tale|Joseph Conrad|morning|5.0|
05:00|five o'clock|At five o'clock on a magnificent May morning the "pardners" jogged out of Keeler, driving the burro before them.|McTeague: A Story of San Francisco|Frank Norris|am-cue|5.0|
05:00|five o'clock|Haven't I seen his mother out in the morning at five o'clock with her ladle and her big bucket on wheels, putting liquid manure on the cabbages?|O Pioneers!|Willa Cather|am-cue|5.0|
05:00|five o'clock|Philip was put on the job regularly, but he could not accustom himself to the publicity; and he dreaded Friday morning, on which the window was dressed, with a terror that made him awake at five o'clock and lie sleepless with sickness in his heart.|Of Human Bondage|W. Somerset Maugham|am-cue|5.0|
05:00|five o'clock in the morning|"The last time I saw that girl she was coming out of the bedroom of a young man called Jimmy at five o'clock in the morning.|The Good Soldier|Ford Madox Ford|morning|5.0|
05:00|five o'clock in the morning|Anyhow, I am convinced that the sight of Mr Bagshawe and the thought that Mr Bagshawe - for she knew that unpleasant and toadlike personality - the thought that Mr Bagshawe would almost certainly reveal to me that he had caught her coming out of Jimmy's bedroom at five o'clock in the morning on the 4th of August, 1900 - that was the determining influence in her suicide.|The Good Soldier|Ford Madox Ford|morning|5.0|
05:00|five o'clock|Yet, in Mrs. Inglethorp's case, the symptoms do not manifest themselves until five o'clock the next morning: nine hours!|The Mysterious Affair at Styles|Agatha Christie|am-cue|5.0|
05:00|five o'clock|"I am going to have a bobbing party," it said, "on Thursday, December the seventeenth, at five o'clock, and I would like it very much if you could come.|This Side of Paradise|F. Scott Fitzgerald|am-cue|3.5|
05:00|struck five|But now - in short, she made herself as miserable as possible for about half an hour, went down when the clock struck five, with a broken heart, and could scarcely give an intelligible answer to Eleanor's inquiry if she was well.|Northanger Abbey|Jane Austen|am-cue|3.0|
05:00|five o'clock in the morning|"I am not going to guess, at five o'clock in the morning, with my brains frying and sputtering in my head.|A Tale of Two Cities|Charles Dickens|morning|3.0|
05:00|five o'clock|At five o'clock he was punctually there again, and sent up word of his arrival.|Adam Bede|George Eliot|am-cue|3.0|
05:00|five o'clock|It was now five o'clock, and the dawn was promising to break in hues of drab and ash.|Far from the Madding Crowd|Thomas Hardy|am-cue|3.0|
05:00|five o'clock|Land was not signalled until five o'clock on the morning of the 6th; the steamer was due on the 5th.|Around the World in Eighty Days|Jules Verne|am-cue|3.0|
05:00|five o'clock|Because I had condemned myself to die at five o'clock this morning, here, at dawn.|The Brothers Karamazov|Fyodor Dostoyevsky|am-cue|3.0|
05:00|five o'clock|Come and see me some afternoon in Curzon Street. I am nearly always at home at five o'clock.|The Picture of Dorian Gray|Oscar Wilde|am-cue|3.0|
05:00|five o'clock|Old Miss Baker found her thus towards five o'clock the next morning.|McTeague: A Story of San Francisco|Frank Norris|am-cue|3.0|
05:28|5.28|"Just a line to say I am coming down to Bursley on Wednesday, on business with Peels. I shall get to Knype at 5.28, and take the Loop.|The Old Wives' Tale|Arnold Bennett|am-cue|3.0|
05:30|five-thirty|"I do like Tom Jones," said Fanny, at five-thirty that same day early in April when Jacob took out his pipe in the arm-chair opposite.|Jacob's Room|Virginia Woolf|am-cue|5.5|
05:30|5.30 a.m|The public-houses were open, several of them specializing in hot rum at 5.30 a.m.|The Old Wives' Tale|Arnold Bennett|explicit|3.0|
06:00|six o'clock in the morning|As early as six o'clock in the morning, sallow faces peeping through its barred windows had descried other faces within, bending over measures of wine.|A Tale of Two Cities|Charles Dickens|morning|7.0|
06:00|six o'clock in the morning|Amelia wiped them away, and smilingly kissed him, and tied the old man's neckcloth in a smart bow, and put his brooch into his best shirt frill, in which, in his Sunday suit of mourning, he sat from six o'clock in the morning awaiting the arrival of his son.|Vanity Fair|William Makepeace Thackeray|morning|7.0|
06:00|six o'clock in the morning|At six o'clock in the morning, when the eager and enthusiastic Professor gave the signal to embark, the victuals, the luggage, all our instruments, our weapons, and a goodly supply of sweet water, which we had collected from springs in the rocks, were placed on the raft.|A Journey to the Centre of the Earth|Jules Verne|morning|7.0|
06:00|six o'clock in the morning|The court of his hôtel, situated in the Rue du Vieux-Colombier, resembled a camp from by six o'clock in the morning in summer and eight o'clock in winter.|The three musketeers|Alexandre Dumas|morning|7.0|
06:00|six o'clock in the morning|"Well, if you are cold, Planchet, you can go into one of those cabarets that you see yonder, and be in waiting for me at the door by six o'clock in the morning."|The three musketeers|Alexandre Dumas|morning|7.0|
06:00|six o'clock in the morning|It was six o'clock in the morning, the dawn was just breaking, and its feeble ray came into the dungeon, and paled the ineffectual light of the lamp.|The Count of Monte Cristo|Alexandre Dumas|morning|7.0|
06:00|six o'clock in the morning|The sentinel who was relieved at six o'clock in the morning, remembered perfectly that, just as he was taking his post a few minutes past four, a young man arrived on horseback, with a little boy before him.|The Count of Monte Cristo|Alexandre Dumas|morning|7.0|
06:00|six o'clock in the morning|A little before six o'clock in the morning he had arrived at M. sur M., and his first care had been to post a letter to M. Laffitte, then to enter the infirmary and see Fantine.|Les Misérables|Victor Hugo|morning|7.0|
06:00|six o'clock in the morning|Suppose the soil dry, and the artillery capable of moving, the action would have begun at six o'clock in the morning.|Les Misérables|Victor Hugo|morning|7.0|
06:00|six o'clock in the morning|At six o'clock in the morning a regiment "which had been labored with," would turn; at noon, the insurrection of all Paris; at sunset, revolution.|Les Misérables|Victor Hugo|morning|7.0|
06:00|six o'clock in the morning|The other slightly disagreeable fact was that the new head of his department, like all new heads, had the reputation already of a terrible person, who got up at six o'clock in the morning, worked like a horse, and insisted on his subordinates working in the same way.|Anna Karenina|graf Leo Tolstoy|morning|7.0|
06:00|six o'clock in the morning|Sir Percy owned considerable property in the North, certainly, and he had often before gone there alone and stayed away a week at a time; but it seemed so very strange that circumstances should have arisen between five and six o'clock in the morning that compelled him to start in this extreme hurry.|The Scarlet Pimpernel|Baroness Emmuska Orczy Orczy|morning|7.0|
06:00|six o'clock in the morning|"They attend matins with me (very prettily done) at half-past six o'clock in the morning all the year round, including of course the depth of winter," said Mrs. Pardiggle rapidly, "and they are with me during the revolving duties of the day.|Bleak House|Charles Dickens|morning|5.5|
06:00|six o'clock|At six o'clock next morning, Mr. Bumble: having exchanged his cocked hat for a round one, and encased his person in a blue great-coat with a cape to it: took his place on the outside of the coach, accompanied by the criminals whose settlement was disputed; with whom, in due course of time, he arrived in London.|Oliver Twist|Charles Dickens|am-cue|5.0|
06:00|six o'clock|In the morning, Oliver would be a-foot by six o'clock, roaming the fields, and plundering the hedges, far and wide, for nosegays of wild flowers, with which he would return laden, home; and which it took great care and consideration to arrange, to the best advantage, for the embellishment of the breakfast-table.|Oliver Twist|Charles Dickens|am-cue|5.0|
06:00|six o'clock|I am to relieve them in a quarter of an hour, and I am entering this on Lucy's phonograph. Until six o'clock they are to try to rest.|Dracula|Bram Stoker|am-cue|5.0|
06:00|six o'clock|The engagement had been formed in Stephen's presence, and he had heard Lucy promise to dine early and call at six o'clock for Miss Torry, who brought Mrs Kenn's request.|The Mill on the Floss|George Eliot|am-cue|5.0|
06:00|six o'clock|By six o'clock they were all at breakfast with Lisbeth in a kitchen as clean as she could have made it herself.|Adam Bede|George Eliot|am-cue|5.0|
06:00|six o'clock|Thus it occurred that, having arrived and opened the lower rooms before six o'clock, she ascended to the bedchambers, and was about to turn the handle of the one wherein they lay.|Tess of the d'Urbervilles: A Pure Woman|Thomas Hardy|am-cue|5.0|
06:00|six o'clock|Yes, this morning at six o'clock they went up the country to do the job, and neither vell nor mark have been seen of 'em since, though I reckon that this afternoon has brought 'em home again man and woman - wife, that is.|The Return of the Native|Thomas Hardy|am-cue|5.0|
06:00|six o'clock|Between six o'clock and seven Miss Halcombe had come to say good-bye, and had given her two letters, one for me, and one for a gentleman in London.|The Woman in White|Wilkie Collins|am-cue|5.0|
06:00|six o'clock in the morning|At six o'clock in the morning of the 8th January I went up on to the platform.|Twenty Thousand Leagues under the Sea|Jules Verne|morning|5.0|
06:00|six o'clock in the morning|The next day was Tuesday, the 30th of June - and at six o'clock in the morning we resumed our journey.|A Journey to the Centre of the Earth|Jules Verne|morning|5.0|
06:00|six o'clock in the morning|As to their Majesties, they did not return to the Louvre till six o'clock in the morning.|The three musketeers|Alexandre Dumas|morning|5.0|
06:00|six o'clock in the morning|D'Artagnan had appointed six o'clock in the morning for his lackey, and wherever he might be, he was right.|The three musketeers|Alexandre Dumas|morning|5.0|
06:00|six o'clock|At precisely six o'clock the clatter of horses' hoofs was heard at the entrance door; it was our captain of Spahis, who had arrived on Médéah.|The Count of Monte Cristo|Alexandre Dumas|am-cue|5.0|
06:00|six o'clock in the morning|She was obliged to be there at six o'clock in the morning - long before daylight in winter.|Les Misérables|Victor Hugo|morning|5.0|
06:00|six o'clock|Early in the morning, at six o'clock, he went off to work on the river bank, where they used to pound alabaster and where there was a kiln for baking it in a shed.|Crime and Punishment|Fyodor Dostoyevsky|am-cue|5.0|
06:00|six o'clock|But his only attendant was a deaf and rheumatic old crone who went to bed at six o'clock every evening and got up at six in the morning.|The Brothers Karamazov|Fyodor Dostoyevsky|morning|5.0|
06:00|six o'clock|She gained some inkling of the character of Hanson's life when, half asleep, she looked out into the dining-room at six o'clock and saw him silently finishing his breakfast.|Sister Carrie: A Novel|Theodore Dreiser|am-cue|5.0|
06:00|six o'clock|Daylight was yet three hours away, though it was already six o'clock; and in the darkness Henry went about preparing breakfast, while Bill rolled the blankets and made the sled ready for lashing.|White Fang|Jack London|am-cue|5.0|
06:00|6:00 a.m|Rise from bed 6:00 a.m. Dumbell exercise and wall-scaling 6:15-6:30 " Study electricity, etc. 7:15-8:15 " Work 8:30-4:30 p.m.|The Great Gatsby|F. Scott Fitzgerald|explicit|5.0|
06:00|six o'clock|At six o'clock every morning, summer and winter, Jacqueline entered her mistress's bedroom to release the dog for a moment's airing under her own supervision.|The Old Wives' Tale|Arnold Bennett|am-cue|5.0|
06:00|six o'clock|Being a man who rose early and had plenty of time he did not, as some miners do, drag his wife out of bed at six o'clock.|Sons and Lovers|D. H. Lawrence|am-cue|5.0|
06:00|six o'clock|There I breakfasted off a whisky-and-soda and some biscuits from the cupboard. By this time it was getting on for six o'clock.|The Thirty-Nine Steps|John Buchan|am-cue|5.0|
06:00|six o'clock|The servant informed Sister Simplice in a very low tone, that the mayor had set out that morning before six o'clock, in a little tilbury harnessed to a white horse, cold as the weather was; that he had gone alone, without even a driver; that no one knew what road he had taken; that people said he had been seen to turn into the road to Arras; that others asserted that they had met him on the road to Paris.|Les Misérables|Victor Hugo|am-cue|3.5|
06:00|six o'clock|"He got home at six o'clock on Monday morning, and he seemed to sleep all day; then in the night we heard him talking, and this morning he asked for you.|Sons and Lovers|D. H. Lawrence|am-cue|3.5|
06:00|six o'clock|They got down. On the great station clock it said six o'clock.|Women in Love|D. H. Lawrence|am-cue|3.5|
06:00|struck six|I seemed to have been dozing a whole night when the clocks struck six.|Great Expectations|Charles Dickens|am-cue|3.0|
06:00|six o'clock|I forget, too, at what hour the gates were opened in the morning, admitting of my going in; but I know that I was often up at six o'clock, and that my favourite lounging-place in the interval was old London Bridge, where I was wont to sit in one of the stone recesses, watching the people going by, or to look over the balustrades at the sun shining in the water, and lighting up the golden flame on the top of the Monument.|David Copperfield|Charles Dickens|am-cue|3.0|
06:00|struck six|Captain Cuttle, though no sluggard, did not turn out so early on the morning after he had seen Sol Gills, through the shop-window, writing in the parlour, with the Midshipman upon the counter, and Rob the Grinder making up his bed below it, but that the clocks struck six as he raised himself on his elbow, and took a survey of his little chamber.|Dombey and Son|Charles Dickens|am-cue|3.0|
06:00|six o'clock|You can get up at six o'clock to go out hunting; I cannot understand why you find it so difficult to get up on other mornings."|Middlemarch|George Eliot|am-cue|3.0|
06:00|six o'clock|She could not say that he had stumbled into the house drunk at six o'clock.|The Way We Live Now|Anthony Trollope|am-cue|3.0|
06:00|six o'clock|The next morning, Saturday, at six o'clock, we started again.|A Journey to the Centre of the Earth|Jules Verne|am-cue|3.0|
06:00|six o'clock|At six o'clock on Sunday morning the boys met at the church.|O Pioneers!|Willa Cather|am-cue|3.0|
06:00|six o'clock|"I saw him alive at six o'clock this morning," stammered Wilfred Bohun.|The innocence of Father Brown|G. K. Chesterton|am-cue|3.0|
06:00|six o'clock|Quite early, before six o'clock, she heard him whistling away to himself downstairs.|Sons and Lovers|D. H. Lawrence|am-cue|3.0|
06:30|half past six|He had ordered his three Musketeers and their companion to be with him at half past six in the morning.|The three musketeers|Alexandre Dumas|morning|5.0|
06:30|six-thirty|The next day subdued and plausible workmen of all sorts awoke the house with knocking at six-thirty precisely, and the two doorways were slowly bricked up.|The Old Wives' Tale|Arnold Bennett|am-cue|5.0|
06:46|6:46|M., on 1st May, arriving at Vienna early next morning; should have arrived at 6:46, but train was an hour late.|Dracula|Bram Stoker|am-cue|5.0|
07:00|seven o'clock in the morning|The captain replied by ordering the necessary maneuvers, and toward seven o'clock in the morning the little vessel cast anchor in the bay that had been named.|The three musketeers|Alexandre Dumas|morning|7.5|
07:00|seven o'clock in the morning|One dirty-faced man, I think he was a boot-maker, used to edge himself into the passage as early as seven o'clock in the morning, and call up the stairs to Mr. Micawber - 'Come!|David Copperfield|Charles Dickens|morning|7.0|
07:00|seven o'clock in the morning|You wait here, in company with me, to see my agent, who is coming at seven o'clock in the morning to regulate my affairs.|The Woman in White|Wilkie Collins|morning|7.0|
07:00|seven o'clock in the morning|At seven o'clock in the morning he arose and called Planchet, who at the second summons opened the door, his countenance not yet quite freed from the anxiety of the preceding night.|The three musketeers|Alexandre Dumas|morning|7.0|
07:00|seven o'clock in the morning|From seven o'clock in the morning a crowd was stationed at the iron gates, and an hour before the trial commenced the hall was full of the privileged.|The Count of Monte Cristo|Alexandre Dumas|morning|7.0|
07:00|seven o'clock in the morning|When the old woman came to do the work, at seven o'clock in the morning, Jean Valjean cast a penetrating glance on her, but he did not question her.|Les Misérables|Victor Hugo|morning|7.0|
07:00|seven o'clock|The Doctor was quite happy in the prospect of our going to work together on that wonderful performance, and we settled to begin next morning at seven o'clock.|David Copperfield|Charles Dickens|am-cue|5.0|
07:00|Seven o'clock|Seven o'clock had hardly ceased striking on the following morning, when Mr. Pickwick's comprehensive mind was aroused from the state of unconsciousness, in which slumber had plunged it, by a loud knocking at his chamber door.|The Pickwick Papers|Charles Dickens|am-cue|5.0|
07:00|Seven o'clock in the morning|However, we'll have that all settled tomorrow. Good-night, Nickleby. Seven o'clock in the morning, mind.'|Nicholas Nickleby|Charles Dickens|morning|5.0|
07:00|seven o'clock|Dombey's company at an early party on Wednesday Evening the Seventeenth Instant; and that the hour was half-past seven o'clock; and that the object was Quadrilles.|Dombey and Son|Charles Dickens|am-cue|5.0|
07:00|seven o'clock|One morning, at a little before seven o'clock, I was awakened by the maid tapping at the door to announce that two men had come from Paddington and were waiting in the consulting-room.|The Adventures of Sherlock Holmes|Arthur Conan Doyle|am-cue|5.0|
07:00|seven o'clock in the morning|It was seven o'clock in the morning, and daylight began to appear.|The three musketeers|Alexandre Dumas|morning|5.0|
07:00|seven o'clock in the morning|Planchet took the crossroad, and by seven o'clock in the morning he was at Armentières.|The three musketeers|Alexandre Dumas|morning|5.0|
07:00|seven o'clock|"If by six in the morning the four thousand piastres are not in my hands, by seven o'clock the Count Albert will have ceased to live."|The Count of Monte Cristo|Alexandre Dumas|am-cue|5.0|
07:00|seven o'clock|Morrel took leave of him at the door, renewing his promise to be with him the next morning at seven o'clock, and to bring Emmanuel.|The Count of Monte Cristo|Alexandre Dumas|am-cue|5.0|
07:00|seven o'clock|"Shot himself this morning, at seven o'clock. A respected, eminent old man of seventy; and exactly point for point as she described it; a sum of money, a considerable sum of government money, missing!"|The Idiot|Fyodor Dostoyevsky|am-cue|5.0|
07:00|seven o'clock|The girls generally rose at about nine in the morning in the country; Aglaya, of late, had been in the habit of getting up rather earlier and having a walk in the garden, but not at seven o'clock; about eight or a little later was her usual time.|The Idiot|Fyodor Dostoyevsky|am-cue|5.0|
07:00|seven o'clock|We met at the green bench this morning, punctually at seven o'clock, - according to an agreement made by Aglaya Ivanovna with myself yesterday.|The Idiot|Fyodor Dostoyevsky|am-cue|5.0|
07:00|seven o'clock|Trina was house-cleaning that week and had a presentiment of a hard day's work ahead of her, while McTeague remembered a seven o'clock appointment with a little German shoemaker.|McTeague: A Story of San Francisco|Frank Norris|am-cue|5.0|
07:00|seven o'clock|At seven o'clock the family heard him buy threepennyworth of hot-cross buns; he talked with gusto to the little girl who brought them, calling her "my darling".|Sons and Lovers|D. H. Lawrence|am-cue|5.0|
07:00|seven o'clock|It was a very rainy and stormy morning when K., in a foul temper at the thought of the day ahead of him, arrived early at seven o'clock in the office so that he could at least do some work before his visitor would prevent him.|The Trial|Franz Kafka|am-cue|5.0|
07:00|seven o'clock|"Come," said the count, smiling with his own peculiar smile, "not so bad for a man who is to be shot at seven o'clock tomorrow morning."|The Count of Monte Cristo|Alexandre Dumas|guess|4.5|
07:00|seven o'clock|He called for me at seven o'clock, and, before anyone had arrived, asked one of the door-keepers to place me in a box.|The Count of Monte Cristo|Alexandre Dumas|guess|4.5|
07:00|seven o'clock|He made it as stiff as he could and said merely that he was sorry she was in difficulties and would come to the address she had given at seven o'clock that evening.|Of Human Bondage|W. Somerset Maugham|guess|4.5|
07:00|struck seven|The remark may possibly apply to injuries received in other kinds of violent excitement: certain it is, that although Nicholas experienced some pain on first awakening next morning, he sprung out of bed as the clock struck seven, with very little difficulty, and was soon as much on the alert as if nothing had occurred.|Nicholas Nickleby|Charles Dickens|guess|4.0|
07:00|seven o'clock|Mr Toots also showed him, by holding up a companion sheet of paper, that Doctor and Mrs Blimber requested the pleasure of Mr Toots's company at an early party on Wednesday Evening the Seventeenth Instant, when the hour was half-past seven o'clock, and when the object was Quadrilles.|Dombey and Son|Charles Dickens|guess|4.0|
07:00|seven o'clock|"Well, then, in the first place I shall want a fast police-boat - a steam launch - to be at the Westminster Stairs at seven o'clock."|The Sign of the Four|Arthur Conan Doyle|guess|4.0|
07:00|seven o'clock|It was seven o'clock when I awoke, and I set off at once for Phelps's room, to find him haggard and spent after a sleepless night.|The Memoirs of Sherlock Holmes|Arthur Conan Doyle|guess|4.0|
07:00|seven o'clock|Graham, in sending tickets, had enjoined attention to costume as a compliment due to royalty: he also recommended punctual readiness by seven o'clock.|Villette|Charlotte Brontë|guess|4.0|
07:00|seven o'clock|He then sent for the coachman, and I heard something about the carriage and the horses, and London, and seven o'clock to-morrow morning, that startled and disturbed me not a little.|The Tenant of Wildfell Hall|Anne Brontë|guess|4.0|
07:00|seven o'clock|It was seven o'clock, and by this time she was not very far from Raveloe, but she was not familiar enough with those monotonous lanes to know how near she was to her journey's end.|Silas Marner|George Eliot|guess|4.0|
07:00|Seven o'clock|Seven o'clock, the hour of the rehearsal, came round, and in a short time Eustacia could hear voices in the fuelhouse.|The Return of the Native|Thomas Hardy|guess|4.0|
07:00|Seven o'clock|Seven o'clock. - We have been all over the refurnished rooms and staircases again; and we have had a pleasant stroll in the shrubbery, which was Mr. Blake's favourite walk when he was here last.|The Moonstone|Wilkie Collins|guess|4.0|
07:00|struck seven|The clock struck seven, and the party offered to suspend the game so that Mr. Fogg might make his preparations for departure.|Around the World in Eighty Days|Jules Verne|guess|4.0|
07:00|seven o'clock|At seven o'clock the day was sufficiently advanced, but a very thick sea fog obscured our view, and the best spy-glasses could not pierce it.|Twenty Thousand Leagues under the Sea|Jules Verne|guess|4.0|
07:00|seven o'clock|We then took our tickets, and exactly at seven o'clock were seated opposite each other in a firstclass railway carriage.|A Journey to the Centre of the Earth|Jules Verne|guess|4.0|
07:00|seven o'clock|"Between six and seven o'clock the road of Chaillot is quite deserted; you might as well go and ride in the forest of Bondy."|The three musketeers|Alexandre Dumas|guess|4.0|
07:00|seven o'clock|When seven o'clock came, Dantès' agony really began. His hand placed upon his heart was unable to redress its throbbings, while, with the other he wiped the perspiration from his temples.|The Count of Monte Cristo|Alexandre Dumas|guess|4.0|
07:00|Seven o'clock|Seven o'clock had just struck, and M. Bertuccio, according to the command which had been given him, had two hours before left for Auteuil, when a cab stopped at the door, and after depositing its occupant at the gate, immediately hurried away, as if ashamed of its employment.|The Count of Monte Cristo|Alexandre Dumas|guess|4.0|
07:00|seven o'clock|When it rained, an old woman, the portress, took pity on him; she took him into her den, where there was a pallet, a spinning-wheel, and two wooden chairs, and the little one slumbered in a corner, pressing himself close to the cat that he might suffer less from cold. At seven o'clock the school opened, and he entered.|Les Misérables|Victor Hugo|guess|4.0|
07:00|Seven o'clock|"Now," pursued the inspector, "there is not a minute more to be lost by any one. What time is it? Half-past two. Seven o'clock is the hour?"|Les Misérables|Victor Hugo|guess|4.0|
07:00|seven o'clock|At seven o'clock there was a noise of people polishing the floors, and bells ringing in some servants' department, and Levin felt that he was beginning to get frozen.|Anna Karenina|graf Leo Tolstoy|guess|4.0|
07:00|seven o'clock|He had learnt, he had suddenly quite unexpectedly learnt, that the next day at seven o'clock Lizaveta, the old woman's sister and only companion, would be away from home and that therefore at seven o'clock precisely the old woman would be left alone.|Crime and Punishment|Fyodor Dostoyevsky|guess|4.0|
07:00|seven o'clock|Of course I refuse to believe that Evgenie Pavlovitch could have known beforehand of the catastrophe; that is, that at such and such a day at seven o'clock, and all that; but he might well have had a presentiment of the truth.|The Idiot|Fyodor Dostoyevsky|guess|4.0|
07:00|seven o'clock|He was terrified at the thought that he could not prove the use he made of his time ever since seven o'clock, for he had been skulking about Brett Street.|The Secret Agent: A Simple Tale|Joseph Conrad|guess|4.0|
07:00|seven o'clock|At seven o'clock, the four members ascended to the clubroom, tied their badges round their heads, and took their seats with great solemnity.|Little Women|Louisa May Alcott|guess|4.0|
07:00|seven o'clock|By seven o'clock the orchestra has arrived, no thin five-piece affair, but a whole pitful of oboes and trombones and saxophones and viols and cornets and piccolos, and low and high drums.|The Great Gatsby|F. Scott Fitzgerald|guess|4.0|
07:00|seven o'clock|Constance and Cyril arrived at the Tiger shortly after seven o'clock, and were directed to a room furnished and arranged as for a small public meeting of philanthropists.|The Old Wives' Tale|Arnold Bennett|guess|4.0|
07:00|seven o'clock|At seven o'clock they started, Dartie offering to bet the driver half-a-crown he didn't do it in the three-quarters of an hour.|The Forsyte saga, Volume 1|John Galsworthy|guess|4.0|
07:00|seven o'clock|It was seven o'clock of a very warm evening in the Seeonee hills when Father Wolf woke up from his day's rest, scratched himself, yawned, and spread out his paws one after the other to get rid of the sleepy feeling in their tips.|The Jungle Book|Rudyard Kipling|guess|4.0|
07:00|seven o'clock|'I know of her, and about her,' she replied, 'from Omer and Joram. I was there at seven o'clock this morning.|David Copperfield|Charles Dickens|am-cue|3.5|
07:00|seven o'clock|"On Tuesday morning at seven o'clock be on board," said M. Bjarne, handing us our receipts.|A Journey to the Centre of the Earth|Jules Verne|am-cue|3.5|
07:00|Seven o'clock in the morning|"Well, young man," said he, "we appear to pass rather gay nights! Seven o'clock in the morning!|The three musketeers|Alexandre Dumas|morning|3.5|
07:00|seven o'clock|Charles is out shooting. I have not seen him since seven o'clock.|Persuasion|Jane Austen|am-cue|3.0|
07:00|seven o'clock|It was as late as seven o'clock when he awoke refreshed, and went out into the streets again.|A Tale of Two Cities|Charles Dickens|am-cue|3.0|
07:00|seven o'clock|I also went to the coach-office and took my place for seven o'clock on Saturday morning.|Great Expectations|Charles Dickens|am-cue|3.0|
07:00|seven o'clock|I proposed to walk with him in the park at seven o'clock, and this was arranged.|Bleak House|Charles Dickens|am-cue|3.0|
07:00|seven o'clock|Nobody had; and as the proposition was warmly seconded by Perker, who considered it extremely probable that if Mr. Pickwick saw a little change and gaiety he would be inclined to think better of his determination, and worse of a debtor's prison, it was carried unanimously; and Sam was at once despatched to the White Horse Cellar, to take five places by the half-past seven o'clock coach, next morning.|The Pickwick Papers|Charles Dickens|am-cue|3.0|
07:00|seven o'clock|I found it out from the lad they sent to Treddleston for the doctor, before seven o'clock this morning.|Adam Bede|George Eliot|am-cue|3.0|
07:00|seven o'clock|At seven o'clock he was waked by the touch of her hand on his shoulder, and a gentle whisper.|Anna Karenina|graf Leo Tolstoy|am-cue|3.0|
07:00|seven o'clock|The prince noticed the fact and was furious. He came and woke me at seven o'clock one morning.|The Idiot|Fyodor Dostoyevsky|am-cue|3.0|
07:00|seven o'clock|Sometimes of a morning early, at seven o'clock, when all the rest are still asleep, I come out and sit there alone."|The Idiot|Fyodor Dostoyevsky|am-cue|3.0|
07:00|seven o'clock|Next, she learned from the maid that Aglaya had gone into the park before seven o'clock.|The Idiot|Fyodor Dostoyevsky|am-cue|3.0|
07:00|seven o'clock|I set the breakfast-table in the cabin, and at seven o'clock waited on the hunters and officers.|The Sea-Wolf|Jack London|am-cue|3.0|
07:00|seven o'clock|Yes, it was seven o'clock, and it was coming a little bit light.|Sons and Lovers|D. H. Lawrence|am-cue|3.0|
07:00|seven o'clock|But Cousin Feenix, getting up at half-past seven o'clock or so, is quite another thing from Cousin Feenix got up; and very dim, indeed, he looks, while being shaved at Long's Hotel, in Bond Street.|Dombey and Son|Charles Dickens|guess|2.0|
07:00|seven o'clock|At seven o'clock he came, and inquired if Miss Linton had risen.|Wuthering Heights|Emily Brontë|guess|2.0|
07:00|seven o'clock|I cannot think why old Jonathan has not come with them. Why, it is seven o'clock?|Tess of the d'Urbervilles: A Pure Woman|Thomas Hardy|guess|2.0|
07:00|seven o'clock|Between six and seven o'clock she came, but did not approach the wing they were in.|Tess of the d'Urbervilles: A Pure Woman|Thomas Hardy|guess|2.0|
07:00|seven o'clock|What guest at Dives's table can pass the familiar house without a sigh? - the familiar house of which the lights used to shine so cheerfully at seven o'clock, of which the hall-doors opened so readily, of which the obsequious servants, as you passed up the comfortable stair, sounded your name from landing to landing, until it reached the apartment where jolly old Dives welcomed his friends!|Vanity Fair|William Makepeace Thackeray|guess|2.0|
07:00|seven o'clock|They made a halt at seven o'clock, the young woman being still in a state of complete prostration.|Around the World in Eighty Days|Jules Verne|guess|2.0|
07:00|seven o'clock|Phileas Fogg and the squad had gone southward; in the south all was still vacancy. It was then seven o'clock.|Around the World in Eighty Days|Jules Verne|guess|2.0|
07:00|seven o'clock|"One is for seven o'clock, and the other for eight; there will be time for both."|The three musketeers|Alexandre Dumas|guess|2.0|
07:00|seven o'clock|It was therefore near seven o'clock; but Edmond's anxiety had put all thoughts of time out of his head.|The Count of Monte Cristo|Alexandre Dumas|guess|2.0|
07:00|seven o'clock|"Yes; I had been told that I should see you today at seven o'clock."|The Count of Monte Cristo|Alexandre Dumas|guess|2.0|
07:00|seven o'clock|But when he beheld the wealthy manufacturer Madeleine going to low mass at seven o'clock, he perceived in him a possible candidate, and resolved to outdo him; he took a Jesuit confessor, and went to high mass and to vespers.|Les Misérables|Victor Hugo|guess|2.0|
07:00|Seven o'clock|"Seven o'clock, sir; we shall reach Arras at eight; we have but three leagues still to go."|Les Misérables|Victor Hugo|guess|2.0|
07:00|seven o'clock|I heard the eight singers of the King of Sicily intone the first verse of seven o'clock mass in the Sainte-Chapelle."|Notre-Dame de Paris|Victor Hugo|guess|2.0|
07:00|struck seven|Djali struck seven blows. At that moment, the clock of the Pillar House rang out seven.|Notre-Dame de Paris|Victor Hugo|guess|2.0|
07:00|seven o'clock|Do try to walk straight, master bachelor; you know that I must leave you. Here it is seven o'clock.|Notre-Dame de Paris|Victor Hugo|guess|2.0|
07:00|struck seven|The goat looked at it with an intelligent eye, raised its gilded hoof, and struck seven blows.|Notre-Dame de Paris|Victor Hugo|guess|2.0|
07:00|seven o'clock|It was, in fact, seven o'clock. A movement of terror ran through the crowd.|Notre-Dame de Paris|Victor Hugo|guess|2.0|
07:00|seven o'clock|Stepan Arkadyevitch was not dining at home, but he promised to come and see his sister off at seven o'clock.|Anna Karenina|graf Leo Tolstoy|guess|2.0|
07:00|seven o'clock|Ferdishenko slept at Lebedeff's, too; but he went away at seven o'clock.|The Idiot|Fyodor Dostoyevsky|guess|2.0|
07:00|seven o'clock|At seven o'clock the first break in the drowsy monotony occurs; for on the stroke of this hour the first peeress enters the transept, clothed like Solomon for splendour, and is conducted to her appointed place by an official clad in satins and velvets, whilst a duplicate of him gathers up the lady's long train, follows after, and, when the lady is seated, arranges the train across her lap for her.|The Prince and the Pauper|Mark Twain|guess|2.0|
07:00|seven o'clock|It was seven o'clock when we got into the coupé with him and started for Long Island.|The Great Gatsby|F. Scott Fitzgerald|guess|2.0|
07:00|seven o'clock|"But my uncle has got to drive me to the station with this old plug at seven o'clock."|This Side of Paradise|F. Scott Fitzgerald|guess|2.0|
07:00|seven o'clock|By seven o'clock the two were in good condition. They caught the 7.30 train home.|Sons and Lovers|D. H. Lawrence|guess|2.0|
07:00|seven o'clock|There was a scent of cooked pastry. He was due at seven o'clock, but he would be late.|Sons and Lovers|D. H. Lawrence|guess|2.0|
07:00|seven o'clock|She glanced at his watch; it was seven o'clock. He was still completely asleep.|Women in Love|D. H. Lawrence|guess|2.0|
07:00|struck seven|However, he was down as the clock struck seven; he must have dressed very quickly.|The Diary of a Nobody|George Grossmith|guess|2.0|
07:00|seven o'clock|It was barely seven o'clock when he heard the tramp of footsteps outside in the passage.|The Secret Adversary|Agatha Christie|guess|2.0|
07:00|seven o'clock|It was past seven o'clock when a small boy told them that "t' Moat House" was just past the next corner.|The Secret Adversary|Agatha Christie|guess|2.0|
07:05|five minutes past seven|"Let us go," said he; "it is five minutes past seven, and the appointment was for eight o'clock."|The Count of Monte Cristo|Alexandre Dumas|guess|2.5|
07:10|ten minutes past seven|Glancing out of the corner of his eye into a shop, he saw by a clock on the wall that it was ten minutes past seven.|Crime and Punishment|Fyodor Dostoyevsky|guess|4.0|
07:15|Seven-fifteen|Then Kennicott was grumbling, "Seven-fifteen! Aren't you ever going to get up for breakfast?" and he was not a hero-scientist but a rather irritable and commonplace man who needed a shave.|Main Street|Sinclair Lewis|am-cue|5.0|
07:15|a quarter past seven|He only knew that he began to distinguish things clearly from the moment when Aglaya suddenly appeared, and he jumped up from the sofa and went to meet her. It was just a quarter past seven then.|The Idiot|Fyodor Dostoyevsky|guess|4.0|
07:15|a quarter past seven|Beneath this royal group, a vast gilt clock, flanked by pendants of the same period, gave the right time - a quarter past seven.|The Old Wives' Tale|Arnold Bennett|guess|4.0|
07:15|seven-fifteen|"I'm meeting my father in Nottingham at seven-fifteen," he said.|Sons and Lovers|D. H. Lawrence|guess|2.5|
07:15|seven-fifteen|"Then, between seven-fifteen and eight o'clock, the cocoa was standing on the table in the left wing?"|The Mysterious Affair at Styles|Agatha Christie|guess|2.0|
07:20|7:20|Eight, was it not?" he asked eagerly. "Well, it is 7:20 now.|His last bow|Arthur Conan Doyle|guess|2.5|
07:23|twenty-three minutes past seven|"At twenty-three minutes past seven," replied Gauthier Ralph; "and the next does not arrive till ten minutes after twelve."|Around the World in Eighty Days|Jules Verne|guess|4.5|
07:25|twenty-five minutes past seven|Having won twenty guineas at whist, and taken leave of his friends, Phileas Fogg, at twenty-five minutes past seven, left the Reform Club.|Around the World in Eighty Days|Jules Verne|guess|4.0|
07:25|twenty-five minutes past seven|At twenty-five minutes past seven she turned out the electric light in her little hall, and wrapped in her opera cloak with the chinchilla collar, came out into the corridor, pausing a moment to make sure she had her latch-key.|The Forsyte saga, Volume 1|John Galsworthy|guess|4.0|
07:30|7:30|I had to hurry breakfast, for the train started a little before eight, or rather it ought to have done so, for after rushing to the station at 7:30 I had to sit in the carriage for more than an hour before we began to move.|Dracula|Bram Stoker|am-cue|5.0|
07:30|seven-thirty|She arose at six a.m., in the dark, and by seven-thirty M. Niepce and his friend had been served with breakfast, and much general work was already done.|The Old Wives' Tale|Arnold Bennett|am-cue|5.0|
07:30|half past seven|"Which you please, monsieur!" said the light-horseman, drawing from his fob a very handsome watch, studded with diamonds; "half past seven."|The three musketeers|Alexandre Dumas|guess|4.5|
07:30|7:30|A reference to the timetable showed that the 8:15 was the first train which it was possible for West to take after he had left the lady about 7:30.|His last bow|Arthur Conan Doyle|guess|4.0|
07:30|7:30|At 7:30 the couple in the next room began to quarrel: the man in the room above sought for A on his flute; the gas went a little lower; three coal wagons started to unload - the only sound of which the phonograph is jealous; cats on the back fences slowly retreated toward Mukden.|The Four Million|O. Henry|guess|4.0|
07:30|half past seven|At half past seven, when they had completed the six rounds, Anthony found that his intentions were giving audience to his desires.|The Beautiful and Damned|F. Scott Fitzgerald|guess|4.0|
07:30|half past seven|Here, in complete isolation and a dim light, he lived his own life till half past seven, by which hour he knew Soames must certainly have left the club.|The Forsyte saga, Volume 1|John Galsworthy|guess|4.0|
07:30|seven-thirty|By Jove! my dear fellow, it is nearly nine, and the landlady babbled of green peas at seven-thirty.|The Return of Sherlock Holmes|Arthur Conan Doyle|guess|2.0|
07:30|Half past seven|Half past seven had sounded. The carriage had been twenty minutes behind the time appointed.|The three musketeers|Alexandre Dumas|guess|2.0|
07:30|7.30|Paddock used to arrive punctually at 7.30 and let himself in with a latch-key.|The Thirty-Nine Steps|John Buchan|guess|2.0|
07:35|Thirty-five minutes after seven|"Thirty-five minutes after seven," said Athos, "by which you perceive I am five minutes faster than you."|The three musketeers|Alexandre Dumas|am-cue|3.5|
07:35|twenty-five to eight|But even so it was twenty-five to eight as we passed Big Ben, and eight struck as we tore down the Brixton Road.|His last bow|Arthur Conan Doyle|guess|2.0|
07:40|twenty to eight|He was there by twenty to eight and watched the incoming trains.|Of Human Bondage|W. Somerset Maugham|am-cue|3.0|
07:40|twenty to eight|They whispered together a minute, then he went downstairs to get breakfast. It was twenty to eight.|Sons and Lovers|D. H. Lawrence|am-cue|3.0|
07:45|a quarter to eight|He was awaked at seven by the loud ringing of a bell, and by a quarter to eight they were all dressed and hurrying downstairs in their stockinged feet to pick out their boots.|Of Human Bondage|W. Somerset Maugham|am-cue|5.0|
07:45|a quarter to eight|She had reached the calmness of not caring whether her guests liked the party or not, and a state of satisfied suspense in regard to Bea's technique in serving, before Kennicott cried from the bay-window in the living-room, "Here comes somebody!" and Mr. and Mrs. Luke Dawson faltered in, at a quarter to eight.|Main Street|Sinclair Lewis|guess|4.5|
07:45|a quarter to eight|The general public, however, which most unreasonably entertained a grievance at having been excluded, stormed the doors at a quarter to eight, after a prolonged melee in which several people were injured, including Inspector Scoble of H.|The Lost World|Arthur Conan Doyle|guess|4.0|
07:45|fifteen minutes to eight|Contrary to his habit of being late, Pierre on that day arrived at the Bergs' house, not at ten but at fifteen minutes to eight.|War and Peace|graf Leo Tolstoy|guess|4.0|
07:45|a quarter to eight|As for Koch, he spent half an hour at the silversmith's below, before he went up to the old woman and he left him at exactly a quarter to eight.|Crime and Punishment|Fyodor Dostoyevsky|guess|4.0|
07:45|a quarter to eight|It wanted a quarter to eight when they reached Cadogan Place.|Nicholas Nickleby|Charles Dickens|am-cue|3.0|
07:45|7.45|They would go down in hansoms and meet at the Crown and Sceptre at 7.45.|The Forsyte saga, Volume 1|John Galsworthy|guess|2.0|
07:45|quarter to eight|"Yes; but he could be in - at the station - at quarter to eight."|Sons and Lovers|D. H. Lawrence|guess|2.0|
07:50|ten minutes to eight|At ten minutes to eight Beauchamp arrived; he had seen Château-Renaud, who had promised to be in the orchestra before the curtain was raised.|The Count of Monte Cristo|Alexandre Dumas|guess|4.0|
07:55|five minutes before eight|At five minutes before eight her hand was on the Patriarchal knocker, which was quite as high as she could reach.|Little Dorrit|Charles Dickens|guess|4.0|
07:55|five minutes before eight|At five minutes before eight, Passepartout, hatless, shoeless, and having in the squabble lost his package of shirts and shoes, rushed breathlessly into the station.|Around the World in Eighty Days|Jules Verne|guess|4.0|
08:00|eight o'clock in the morning|It was decided that Planchet should set out the next day, at eight o'clock in the morning, in order, as he had said, that he might during the night learn the letter by heart.|The three musketeers|Alexandre Dumas|morning|7.5|
08:00|eight o'clock in the morning|It was now near eight o'clock in the morning, for my candle had expired in the midst of my perusal, leaving me no alternative but to get another, at the expense of alarming the house, or to go to bed, and wait the return of daylight.|The Tenant of Wildfell Hall|Anne Brontë|morning|7.0|
08:00|eight o'clock in the morning|It was eight o'clock in the morning. At half-past eight we were equipped for this new excursion, and provided with two contrivances for light and breathing.|Twenty Thousand Leagues under the Sea|Jules Verne|morning|7.0|
08:00|eight o'clock in the morning|Three days after the quarrel, Prince Stepan Arkadyevitch Oblonsky - Stiva, as he was called in the fashionable world - woke up at his usual hour, that is, at eight o'clock in the morning, not in his wife's bedroom, but on the leather-covered sofa in his study.|Anna Karenina|graf Leo Tolstoy|morning|7.0|
08:00|eight o'clock in the morning|He had stood through the litany, the evening service and the midnight service, and the next day he got up earlier than usual, and without having tea went at eight o'clock in the morning to the church for the morning service and the confession.|Anna Karenina|graf Leo Tolstoy|morning|7.0|
08:00|eight o'clock in the morning|The next day, at eight o'clock in the morning, Anna got out of a hired sledge and rang at the front entrance of her former home.|Anna Karenina|graf Leo Tolstoy|morning|7.0|
08:00|eight o'clock in the morning|At eight o'clock in the morning the day clerk arrived and Ikey started hurriedly for Mrs. Riddle's to learn the outcome.|The Four Million|O. Henry|morning|7.0|
08:00|eight o'clock|Catherine came to me, one morning, at eight o'clock, and said she was that day an Arabian merchant, going to cross the Desert with his caravan; and I must give her plenty of provision for herself and beasts: a horse, and three camels, personated by a large hound and a couple of pointers.|Wuthering Heights|Emily Brontë|am-cue|5.5|
08:00|eight o'clock|"Yes, - I left London this morning at eight o'clock, and the only ten minutes I have spent out of my chaise since that time procured me a nuncheon at Marlborough."|Sense and Sensibility|Jane Austen|am-cue|5.0|
08:00|eight o'clock|We have arrngd for your being forded, carriage free, pr eight o'clock coach from Reading, on Monday morning next, to White Horse Cellar, Piccadilly, London, where one of our clks will be in waiting to convey you to our offe as above.|Bleak House|Charles Dickens|am-cue|5.0|
08:00|eight o'clock|'Dear, dear; to think that I should be late on this particular morning, of all others, after being ready for three weeks by half-past eight o'clock, and not a soul coming near the place!'|Nicholas Nickleby|Charles Dickens|am-cue|5.0|
08:00|eight o'clock in the morning|At eight o'clock in the morning Mr. Sleary and the dog reappeared: both in high spirits.|Hard Times|Charles Dickens|morning|5.0|
08:00|eight o'clock in the morning|The landlady informed me that he had left the house shortly after eight o'clock in the morning.|The Adventures of Sherlock Holmes|Arthur Conan Doyle|morning|5.0|
08:00|eight o'clock|This morning I began very early, and at eight o'clock I reached Halliday's Private Hotel, in Little George Street.|A Study in Scarlet|Arthur Conan Doyle|am-cue|5.0|
08:00|eight o'clock in the morning|The woman in the shop answered me without hesitation that it was to be at eight o'clock in the morning.|His last bow|Arthur Conan Doyle|morning|5.0|
08:00|eight o'clock|At eight o'clock the next morning daybreak found four young men who had just risen from a card-table at the Beargarden.|The Way We Live Now|Anthony Trollope|am-cue|5.0|
08:00|eight o'clock in the morning|At eight o'clock in the morning there came a sort of settling, though no money then passed.|The Way We Live Now|Anthony Trollope|morning|5.0|
08:00|eight o'clock in the morning|Good heavens, mother, do you think that a man is in a condition to talk about such stuff as that at eight o'clock in the morning, when he has been up all night?"|The Way We Live Now|Anthony Trollope|morning|5.0|
08:00|struck eight|The clock had struck eight, and I was just going out to chain up the dogs again, when I heard a sudden whisking of petticoats on the stairs behind me.|The Moonstone|Wilkie Collins|am-cue|5.0|
08:00|eight o'clock in the morning|At noon we were no further advanced than at eight o'clock in the morning.|Twenty Thousand Leagues under the Sea|Jules Verne|morning|5.0|
08:00|eight o'clock|I laid myself down with the full intention of waking after a few hours' sleep; but it was eight o'clock the next day when I entered the saloon.|Twenty Thousand Leagues under the Sea|Jules Verne|am-cue|5.0|
08:00|eight o'clock in the morning|We resumed our march on Thursday at eight o'clock in the morning.|A Journey to the Centre of the Earth|Jules Verne|morning|5.0|
08:00|eight o'clock in the morning|Towards eight o'clock in the morning a new incident startled us.|A Journey to the Centre of the Earth|Jules Verne|morning|5.0|
08:00|eight o'clock in the morning|By eight o'clock in the morning he was at the apartment of Athos.|The three musketeers|Alexandre Dumas|morning|5.0|
08:00|eight o'clock in the morning|At eight o'clock in the morning Morrel entered their chamber.|The Count of Monte Cristo|Alexandre Dumas|morning|5.0|
08:00|Eight o'clock|Eight o'clock found Franz up and dressed, while Albert, who had not the same motives for early rising, was still soundly asleep.|The Count of Monte Cristo|Alexandre Dumas|am-cue|5.0|
08:00|eight o'clock in the morning|At eight o'clock in the morning Albert had arrived at Beauchamp's door.|The Count of Monte Cristo|Alexandre Dumas|morning|5.0|
08:00|eight o'clock in the morning|They had immediately to begin examining the witnesses. It was by now eight o'clock in the morning.|The Brothers Karamazov|Fyodor Dostoyevsky|morning|5.0|
08:00|eight o'clock|"I am sorry, it's ... it's time for me to go," he muttered, not raising his eyes. "Maman, it's eight o'clock!"|The Lady with the Dog and Other Stories|Anton Pavlovich Chekhov|am-cue|5.0|
08:00|eight o'clock|Stern duty, a pure desire for the prosperity of the shop, had kept them at hard labour since before eight o'clock that morning!|The Old Wives' Tale|Arnold Bennett|am-cue|5.0|
08:00|eight o'clock|When eight o'clock struck and she gave the formal order for dust-sheets, the shop being empty, they never supposed that she was dreaming about posts and plotting how to get hold of the morning's letters before Mr. Povey.|The Old Wives' Tale|Arnold Bennett|am-cue|5.0|
08:00|eight o'clock|I dressed early in case people should arrive punctually at eight o'clock, and was much vexed to find my new dress-trousers much too short.|The Diary of a Nobody|George Grossmith|am-cue|5.0|
08:00|eight o'clock|"Pistols, then, at eight o'clock, in the Bois de Vincennes," said Beauchamp, quite disconcerted, not knowing if he was dealing with an arrogant braggadocio or a supernatural being.|The Count of Monte Cristo|Alexandre Dumas|guess|4.5|
08:00|eight o'clock|'The day before yesterday, just after eight o'clock' - mark the day and the hour! - 'a journeyman house-painter, Nikolay, who had been in to see me already that day, brought me this box of gold ear-rings and stones, and asked me to give him two roubles for them.|Crime and Punishment|Fyodor Dostoyevsky|guess|4.5|
08:00|eight o'clock in the morning|It was dated from Rosings, at eight o'clock in the morning, and was as follows: -|Pride and Prejudice|Jane Austen|morning|4.0|
08:00|eight o'clock|"I remember last Christmas at a little hop at the park, he danced from eight o'clock till four, without once sitting down."|Sense and Sensibility|Jane Austen|guess|4.0|
08:00|eight o'clock|The housemaid's folding back her window-shutters at eight o'clock the next day was the sound which first roused Catherine; and she opened her eyes, wondering that they could ever have been closed, on objects of cheerfulness; her fire was already burning, and a bright morning had succeeded the tempest of the night.|Northanger Abbey|Jane Austen|guess|4.0|
08:00|eight o'clock|The Castle battlements arose upon my view at eight o'clock. The little servant happening to be entering the fortress with two hot rolls, I passed through the postern and crossed the drawbridge in her company, and so came without announcement into the presence of Wemmick as he was making tea for himself and the Aged.|Great Expectations|Charles Dickens|guess|4.0|
08:00|Eight o'clock|Eight o'clock had struck before I got into the air, that was scented, not disagreeably, by the chips and shavings of the long-shore boat-builders, and mast, oar, and block makers.|Great Expectations|Charles Dickens|guess|4.0|
08:00|eight o'clock|He maintained all his delightful qualities to the last, until we started forth, at eight o'clock, for Mr. Peggotty's boat.|David Copperfield|Charles Dickens|guess|4.0|
08:00|eight o'clock|Oliver reached the stile at which the by-path terminated; and once more gained the high-road. It was eight o'clock now.|Oliver Twist|Charles Dickens|guess|4.0|
08:00|eight o'clock|To afford him an early opportunity for the execution of this design, it was arranged that he should call at the hotel at eight o'clock that evening, and that in the meantime Mrs. Maylie should be cautiously informed of all that had occurred.|Oliver Twist|Charles Dickens|guess|4.0|
08:00|eight o'clock|By the time he reached its secluded groves, however, eight o'clock had struck, and the unbroken stream of gentlemen in muddy high-lows, soiled white hats, and rusty apparel, who were pouring towards the different avenues of egress, warned him that the majority of the offices had closed for that day.|The Pickwick Papers|Charles Dickens|guess|4.0|
08:00|eight o'clock|The morning which broke upon Mr. Pickwick's sight at eight o'clock, was not at all calculated to elevate his spirits, or to lessen the depression which the unlooked-for result of his embassy inspired.|The Pickwick Papers|Charles Dickens|guess|4.0|
08:00|eight o'clock|I go back at eight o'clock tomorrow morning, and have got only three - three oughts is an ought - three twos is six - sixty pound.|Nicholas Nickleby|Charles Dickens|guess|4.0|
08:00|eight o'clock|Thus it was that between seven and eight o'clock one evening, he and Kate found themselves in the Saracen's Head booking-office, securing a place to Greta Bridge by the next morning's coach.|Nicholas Nickleby|Charles Dickens|guess|4.0|
08:00|eight o'clock|At eight o'clock or so, the gong sounded again for prayers in the dining-room, where the butler afterwards presided over a side-table, on which bread and cheese and beer were spread for such young gentlemen as desired to partake of those refreshments.|Dombey and Son|Charles Dickens|guess|4.0|
08:00|eight o'clock|We ordered her funeral to be carried out by Stimson and Co., of the Kennington Road, who will bury her at eight o'clock to-morrow morning.|His last bow|Arthur Conan Doyle|guess|4.0|
08:00|eight o'clock|By eight o'clock a number of boys and unemployed men had already started for the common to see the "dead men from Mars."|The war of the worlds|H. G. Wells|guess|4.0|
08:00|eight o'clock|Will you, therefore, instead of lunching with us, please come to breakfast at eight o'clock, if this be not too early for you?|Dracula|Bram Stoker|guess|4.0|
08:00|struck eight|I sat and thought a doleful time: the clock struck eight, and nine, and still my companion paced to and fro, his head bent on his breast, and perfectly silent, unless a groan or a bitter ejaculation forced itself out at intervals.|Wuthering Heights|Emily Brontë|guess|4.0|
08:00|eight o'clock|She did not exist: she would not be born till to-morrow, some time after eight o'clock A.M.; and I would wait to be assured she had come into the world alive before I assigned to her all that property.|Jane Eyre: An Autobiography|Charlotte Brontë|guess|4.0|
08:00|eight o'clock|The great dance was not to begin until eight o'clock, but for any lads and lasses who liked to dance on the shady grass before then, there was music always at hand - for was not the band of the Benefit Club capable of playing excellent jigs, reels, and hornpipes?|Adam Bede|George Eliot|guess|4.0|
08:00|eight o'clock|The execution had been fixed for eight o'clock on a Saturday morning about a fortnight after the sentence was passed, and up to Friday afternoon no answer had been received.|Far from the Madding Crowd|Thomas Hardy|guess|4.0|
08:00|eight o'clock|"We thought of meeting here, miss, if you have nothing to say against it. At eight o'clock, so as to get there by nine."|The Return of the Native|Thomas Hardy|guess|4.0|
08:00|eight o'clock|At eight o'clock, the hour at which Eustacia had promised to signal Wildeve if ever she signalled at all, she looked around the premises to learn if the coast was clear, went to the furze-rick, and pulled thence a long-stemmed bough of that fuel.|The Return of the Native|Thomas Hardy|guess|4.0|
08:00|eight o'clock|Having seen Eustacia's signal from the hill at eight o'clock, Wildeve immediately prepared to assist her in her flight, and, as he hoped, accompany her.|The Return of the Native|Thomas Hardy|guess|4.0|
08:00|eight o'clock|By eight o'clock Passepartout had packed the modest carpet-bag, containing the wardrobes of his master and himself; then, still troubled in mind, he carefully shut the door of his room, and descended to Mr. Fogg.|Around the World in Eighty Days|Jules Verne|guess|4.0|
08:00|eight o'clock|The train stopped, at eight o'clock, in the midst of a glade some fifteen miles beyond Rothal, where there were several bungalows, and workmen's cabins.|Around the World in Eighty Days|Jules Verne|guess|4.0|
08:00|eight o'clock|It was then eight o'clock; at half-past nine, it being then high tide, the "Carnatic" would leave the harbour.|Around the World in Eighty Days|Jules Verne|guess|4.0|
08:00|eight o'clock|It was eight o'clock when the train passed through the defiles of the Humboldt Range, and half-past nine when it penetrated Utah, the region of the Great Salt Lake, the singular colony of the Mormons.|Around the World in Eighty Days|Jules Verne|guess|4.0|
08:00|eight o'clock|At eight o'clock the sledge was ready to start. The passengers took their places on it, and wrapped themselves up closely in their travelling-cloaks.|Around the World in Eighty Days|Jules Verne|guess|4.0|
08:00|eight o'clock|She lived in the Place Royale - then the fashionable quarter - at Number 6, and he undertook to call and take D'Artagnan with him in order to introduce him. D'Artagnan appointed eight o'clock at Athos's residence.|The three musketeers|Alexandre Dumas|guess|4.0|
08:00|striking eight|Consequently, Morrel, having left the Rue Meslay at half-past eight by his timepiece, entered the clover-field while the clock of Saint-Philippe-du-Roule was striking eight.|The Count of Monte Cristo|Alexandre Dumas|guess|4.0|
08:00|eight o'clock|At eight o'clock he was still at work, writing with a good deal of inconvenience upon little squares of paper, with a big book open on his knees, when Madame Magloire entered, according to her wont, to get the silver-ware from the cupboard near his bed.|Les Misérables|Victor Hugo|guess|4.0|
08:00|eight o'clock|Besides, imagining that she was refusing from delicacy, he insisted the more; so that by dint of worrying her she at last made up her mind, and the next day at eight o'clock they set out in the "Hirondelle."|Madame Bovary|Gustave Flaubert|guess|4.0|
08:00|eight o'clock|She turned her head from side to side with a gentle movement full of agony, while constantly opening her mouth as if something very heavy were weighing upon her tongue. At eight o'clock the vomiting began again.|Madame Bovary|Gustave Flaubert|guess|4.0|
08:00|eight o'clock|Whether all the enemy forces were, as we supposed, six miles away, or whether they were near by in that sea of mist, no one knew till after eight o'clock.|War and Peace|graf Leo Tolstoy|guess|4.0|
08:00|eight o'clock|At eight o'clock Kutúzov rode to Pratzen at the head of the fourth column, Milorádovich's, the one that was to take the place of Przebyszéwski's and Langeron's columns which had already gone down into the valley.|War and Peace|graf Leo Tolstoy|guess|4.0|
08:00|eight o'clock|These sounds made his spirits rise, but at the same time he was afraid that he would be blamed for not having executed sooner the important order entrusted to him. It was already past eight o'clock.|War and Peace|graf Leo Tolstoy|guess|4.0|
08:00|eight o'clock|She says that it would be best, at least, not that it would be best, but that it's absolutely necessary that Rodya should make a point of being here at eight o'clock and that they must meet....|Crime and Punishment|Fyodor Dostoyevsky|guess|4.0|
08:00|eight o'clock|I believe it was just eight o'clock when the President returned to his seat and our prosecutor, Ippolit Kirillovitch, began his speech.|The Brothers Karamazov|Fyodor Dostoyevsky|guess|4.0|
08:00|eight o'clock|At eight o'clock he went to the house. His whole figure was expressive of determination: what would be, would be!|The Lady with the Dog and Other Stories|Anton Pavlovich Chekhov|guess|4.0|
08:00|eight o'clock|"And you, sir; we have been looking for you since eight o'clock," but with so little colour and in such a feeble voice that it was positively painful.|Sister Carrie: A Novel|Theodore Dreiser|guess|4.0|
08:00|eight o'clock|She looked at her watch - it was eight o'clock. She had been pleased for a part of the day - the early afternoon - in walking along that Broadway of Harlem, One Hundred and Twenty-fifth Street, with her nostrils alert to many odors, and her mind excited by the extraordinary beauty of some Italian children.|The Beautiful and Damned|F. Scott Fitzgerald|guess|4.0|
08:00|eight o'clock|She came every day to the studio at eight o'clock, and was ready to start working when the model was in position; she worked steadily, talking to no one, struggling hour after hour with difficulties she could not overcome, and remained till the clock struck twelve.|Of Human Bondage|W. Somerset Maugham|guess|4.0|
08:00|eight o'clock|Thus towards eight o'clock, when Sophia had eaten a little under Mr. Boldero's superintendence, and the pawnshop was shut up, the motor-car started again for Bursley, Lily Holl being beside her lover and Sophia alone in the body of the car.|The Old Wives' Tale|Arnold Bennett|guess|4.0|
08:00|eight o'clock|He loved the evenings, after eight o'clock, when the light was put out, and he could watch the fire-flames spring over the darkness of the walls and ceiling; could watch huge shadows waving and tossing, till the room seemed full of men who battled silently.|Sons and Lovers|D. H. Lawrence|guess|4.0|
08:00|eight o'clock|At eight o'clock he climbed the dismal stairs of Jordan's Surgical Appliance Factory, and stood helplessly against the first great parcel-rack, waiting for somebody to pick him up.|Sons and Lovers|D. H. Lawrence|guess|4.0|
08:00|eight o'clock|So they all sat down on a great flat grey stone that had pushed itself up out of the grass; it was one of many that lay about on the hillside, and when Mother came out to look for them at eight o'clock, she found them deeply asleep in a contented, sun-warmed bunch.|The Railway Children|E. Nesbit|guess|4.0|
08:00|eight o'clock|And at eight o'clock this morning' - that was the third day, you understand - 'I saw Nikolay coming in, not sober, though not to say very drunk - he could understand what was said to him.|Crime and Punishment|Fyodor Dostoyevsky|am-cue|3.5|
08:00|eight o'clock|"I will ask you, too, to be with us at eight o'clock," she said, addressing Razumihin.|Crime and Punishment|Fyodor Dostoyevsky|am-cue|3.5|
08:00|Eight o'clock|The clock on the power-house of the Sutter Street cable struck eight. "Eight o'clock already," she exclaimed.|McTeague: A Story of San Francisco|Frank Norris|am-cue|3.5|
08:00|eight o'clock|My resolution was soon made, and at eight o'clock this morning I was in my carriage.|Sense and Sensibility|Jane Austen|am-cue|3.0|
08:00|eight o'clock|'I sent Jenkins to old Nickleby before eight o'clock this morning.|Nicholas Nickleby|Charles Dickens|am-cue|3.0|
08:00|eight o'clock|Over against a London house, a corner house not far from Cavendish Square, a man with a wooden leg had sat for some years, with his remaining foot in a basket in cold weather, picking up a living on this wise: - Every morning at eight o'clock, he stumped to the corner, carrying a chair, a clothes-horse, a pair of trestles, a board, a basket, and an umbrella, all strapped together.|Our Mutual Friend|Charles Dickens|am-cue|3.0|
08:00|eight o'clock|I left the house a little after eight o'clock this morning in the character of a groom out of work.|The Adventures of Sherlock Holmes|Arthur Conan Doyle|am-cue|3.0|
08:00|eight o'clock|"When I discovered my loss, Mr. Holmes, which was at eight o'clock this morning, I at once informed the Prime Minister.|The Return of Sherlock Holmes|Arthur Conan Doyle|am-cue|3.0|
08:00|eight o'clock|I found the date was indeed today, and looking at the timepiece, saw the hour was almost eight o'clock.|The Time Machine|H. G. Wells|am-cue|3.0|
08:00|eight o'clock|Let all be put down exactly. Van Helsing and I arrived at Hillingham at eight o'clock.|Dracula|Bram Stoker|am-cue|3.0|
08:00|eight o'clock|"Gone with Mrs. Clements. They both left the farm at eight o'clock this morning."|The Woman in White|Wilkie Collins|am-cue|3.0|
08:00|struck eight|Suddenly the clock struck eight. The first beat of the hammer on the bell awoke me from my dreams.|Twenty Thousand Leagues under the Sea|Jules Verne|am-cue|3.0|
08:00|eight o'clock|At eight o'clock the next morning, a faint kind of dawn of day awoke us.|A Journey to the Centre of the Earth|Jules Verne|am-cue|3.0|
08:00|eight o'clock|I remember one Shrove-Tuesday when she went to bed at eight o'clock.|Les Misérables|Victor Hugo|am-cue|3.0|
08:00|eight o'clock|At eight o'clock the Emperor's breakfast was brought to him.|Les Misérables|Victor Hugo|am-cue|3.0|
08:00|eight o'clock in the morning|Whereas, at the Opera, at eight o'clock in the morning, there is no one about, do you see!"|The Phantom of the Opera|Gaston Leroux|morning|3.0|
08:00|eight o'clock|It was a sunny morning and by eight o'clock it was already hot.|War and Peace|graf Leo Tolstoy|am-cue|3.0|
08:00|eight o'clock|At eight o'clock the booming of cannon was added to the sound of musketry.|War and Peace|graf Leo Tolstoy|am-cue|3.0|
08:00|eight o'clock|She would go early in the morning at eight o'clock, when Alexey Alexandrovitch would be certain not to be up.|Anna Karenina|graf Leo Tolstoy|am-cue|3.0|
08:00|eight o'clock|Razumihin waked up next morning at eight o'clock, troubled and serious.|Crime and Punishment|Fyodor Dostoyevsky|am-cue|3.0|
08:00|eight o'clock|"I am sure the shops are shut in Petersburg; it is past eight o'clock," he added, looking at his watch.|The Idiot|Fyodor Dostoyevsky|am-cue|3.0|
08:00|eight o'clock|"First, I've learned that the ex-convict Michaelis had nothing to do with it, though indeed the lad had been living with him temporarily in the country up to eight o'clock this morning.|The Secret Agent: A Simple Tale|Joseph Conrad|am-cue|3.0|
08:00|struck eight|The clock on the power-house of the Sutter Street cable struck eight.|McTeague: A Story of San Francisco|Frank Norris|am-cue|3.0|
08:00|eight o'clock|He was thankful when eight o'clock struck and he could get up.|Of Human Bondage|W. Somerset Maugham|am-cue|3.0|
08:00|eight o'clock|It was early, not yet eight o'clock, and the shop still unopened.|The Old Wives' Tale|Arnold Bennett|am-cue|3.0|
08:00|eight o'clock|When we re-entered the Hurlbird mansion at eight o'clock the Hurlbirds were just exhausted.|The Good Soldier|Ford Madox Ford|am-cue|3.0|
08:00|eight o'clock|He arrived before eight o'clock every morning and used to depart at seven, for I never dined at home.|The Thirty-Nine Steps|John Buchan|am-cue|3.0|
08:00|eight o'clock|The Russians, they'd only be an eight o'clock breakfast for the Japanese.|Ulysses|James Joyce|am-cue|3.0|
08:00|strike Eight|"However," said Joe, rising to replenish the fire; "here's the Dutch-clock a-working himself up to being equal to strike Eight of 'em, and she's not come home yet!|Great Expectations|Charles Dickens|guess|2.5|
08:00|eight o'clock|"Wait a minute!" said the girl: "I wouldn't hurry by, if it was you that was coming out to be hung, the next time eight o'clock struck, Bill.|Oliver Twist|Charles Dickens|guess|2.5|
08:00|eight o'clock|'At eight o'clock tomorrow morning, Mr. Nickleby,' said Squeers, 'the coach starts.|Nicholas Nickleby|Charles Dickens|guess|2.5|
08:00|eight o'clock|I said worse luck, because I've been watching ever since eight o'clock, and seen nothing of her.'|The Old Curiosity Shop|Charles Dickens|guess|2.5|
08:00|eight o'clock|"The meeting is always at eight o'clock, at this place," said Venn, "and here we are - we three."|The Return of the Native|Thomas Hardy|guess|2.5|
08:00|Eight o'clock|"A - well, never mind, never mind!" said Farfrae cheerily. "Eight o'clock will do well enough if it be not later.|The Mayor of Casterbridge|Thomas Hardy|guess|2.5|
08:00|eight o'clock|"Well," said Porthos, "I will run to the hôtel, and engage our comrades to hold themselves in readiness by eight o'clock; the rendezvous, the Place du Palais-Cardinal.|The three musketeers|Alexandre Dumas|guess|2.5|
08:00|eight o'clock|I said so to her, and she quite agreed with me. Wait till seven or eight o'clock.|The Idiot|Fyodor Dostoyevsky|guess|2.5|
08:00|eight o'clock|Then she said that she had been in the Piazza since eight o'clock collecting material.|A Room with a View|E. M. Forster|guess|2.5|
08:00|struck eight|The clock struck eight. Had it been ten, Elinor would have been convinced that at that moment she heard a carriage driving up to the house; and so strong was the persuasion that she did, in spite of the almost impossibility of their being already come, that she moved into the adjoining dressing-closet and opened a window shutter, to be satisfied of the truth.|Sense and Sensibility|Jane Austen|guess|2.0|
08:00|eight o'clock|At eight o'clock when all these hard workers assemble to dine at Veneering's, it is understood that the cabs of Boots and Brewer mustn't leave the door, but that pails of water must be brought from the nearest baiting-place, and cast over the horses' legs on the very spot, lest Boots and Brewer should have instant occasion to mount and away.|Our Mutual Friend|Charles Dickens|guess|2.0|
08:00|eight o'clock|"The tickets were theoretically confined to members and their friends, but the latter is an elastic term, and long before eight o'clock, the hour fixed for the commencement of the proceedings, all parts of the Great Hall were tightly packed.|The Lost World|Arthur Conan Doyle|guess|2.0|
08:00|struck eight|Again came the blank of a pause: the clock struck eight strokes.|Jane Eyre: An Autobiography|Charlotte Brontë|guess|2.0|
08:00|struck eight|When they had nearly reached the top of the great West Hill the clocks in the town struck eight.|Tess of the d'Urbervilles: A Pure Woman|Thomas Hardy|guess|2.0|
08:00|eight o'clock|Liddy knocked at eight o'clock, and Bathsheba unlocked the door.|Far from the Madding Crowd|Thomas Hardy|guess|2.0|
08:00|struck eight|From this tower the clock struck eight, and thereupon a bell began to toll with a peremptory clang.|The Mayor of Casterbridge|Thomas Hardy|guess|2.0|
08:00|eight o'clock|I am sorry to say, I have an appointment at eight o'clock, and I must just take facts as I find them to-night, without trying to account for them; which, indeed, would make no difference in determining how to act as things stand - the facts must be granted."|North and South|Elizabeth Cleghorn Gaskell|guess|2.0|
08:00|eight o'clock|"He was outside the gate before eight o'clock, sir. I think he's been there ever since."|North and South|Elizabeth Cleghorn Gaskell|guess|2.0|
08:00|Eight o'clock|Eight o'clock. I have just returned from dining downstairs, in solitary state.|The Woman in White|Wilkie Collins|guess|2.0|
08:00|eight o'clock|It is just eight o'clock. He is beginning to move for the first time.|The Moonstone|Wilkie Collins|guess|2.0|
08:00|eight o'clock|The storm of rain and wind descended upon them towards eight o'clock.|Around the World in Eighty Days|Jules Verne|guess|2.0|
08:00|eight o'clock|At eight o'clock the fog lay heavily on the waves, and its thick scrolls rose little by little.|Twenty Thousand Leagues under the Sea|Jules Verne|guess|2.0|
08:00|eight o'clock|At eight o'clock, armed with guns and hatchets, we got off the Nautilus.|Twenty Thousand Leagues under the Sea|Jules Verne|guess|2.0|
08:00|eight o'clock|It was now eight o'clock, and still there was no sign of water.|A Journey to the Centre of the Earth|Jules Verne|guess|2.0|
08:00|eight o'clock|He promised to be back by eight o'clock, and eight is striking.|The three musketeers|Alexandre Dumas|guess|2.0|
08:00|eight o'clock|"Ah, yes; you have ordered your carriage at eight o'clock precisely?"|The Count of Monte Cristo|Alexandre Dumas|guess|2.0|
08:00|struck eight|Morrel tormented his so effectually that they struck eight at half-past six.|The Count of Monte Cristo|Alexandre Dumas|guess|2.0|
08:00|eight o'clock|At eight o'clock all were in their places, and M. de Morcerf entered at the last stroke.|The Count of Monte Cristo|Alexandre Dumas|guess|2.0|
08:00|eight o'clock|"Quite, sir; my master has ordered his horses at eight o'clock precisely."|The Count of Monte Cristo|Alexandre Dumas|guess|2.0|
08:00|struck eight|As the clock struck eight they drove up to the place of meeting.|The Count of Monte Cristo|Alexandre Dumas|guess|2.0|
08:00|eight o'clock|During all this time a sentinel, who had been relieved at eight o'clock, had been watching his door.|The Count of Monte Cristo|Alexandre Dumas|guess|2.0|
08:00|eight o'clock|If it is eight o'clock, "At eight o'clock and at all hours!" and so on, according to the hour.|Les Misérables|Victor Hugo|guess|2.0|
08:00|eight o'clock|"Yes, respected sir. At eight o'clock, I must be at my landlord's."|Les Misérables|Victor Hugo|guess|2.0|
08:00|eight o'clock|At eight o'clock Justin came to fetch him to shut up the shop.|Madame Bovary|Gustave Flaubert|guess|2.0|
08:00|eight o'clock|"But he would have told you at once that the workmen could not have been there two days before, and that therefore you must have been there on the day of the murder at eight o'clock.|Crime and Punishment|Fyodor Dostoyevsky|guess|2.0|
08:00|eight o'clock|I went, but didn't find Dmitri Fyodorovitch at home, though it was eight o'clock.|The Brothers Karamazov|Fyodor Dostoyevsky|guess|2.0|
08:00|eight o'clock|If she asks whether I have any one here, tell her that there have been two gentlemen here since eight o'clock, writing something."|The Lady with the Dog and Other Stories|Anton Pavlovich Chekhov|guess|2.0|
08:00|eight o'clock|The sun was up so high when I waked that I judged it was after eight o'clock.|Adventures of Huckleberry Finn|Mark Twain|guess|2.0|
08:00|eight o'clock|"All right. The Bristol at eight o'clock; and I will get Basil."|The Picture of Dorian Gray|Oscar Wilde|guess|2.0|
08:00|eight o'clock|"Tell him we'll be at Sherry's until eight o'clock. He knows, though I guess."|Sister Carrie: A Novel|Theodore Dreiser|guess|2.0|
08:00|eight o'clock|At eight o'clock she threw a shawl over her head and went over to the harness shop.|McTeague: A Story of San Francisco|Frank Norris|guess|2.0|
08:00|eight o'clock|At eight o'clock I had succeeded only in putting the second reef into the foresail.|The Sea-Wolf|Jack London|guess|2.0|
08:00|eight o'clock|Philip took up his hat and went to see the patient. It was hard upon eight o'clock when he came back.|Of Human Bondage|W. Somerset Maugham|guess|2.0|
08:00|eight o'clock|He got to work at eight o'clock. Most of the clerks had not turned up.|Sons and Lovers|D. H. Lawrence|guess|2.0|
08:00|Eight o'clock|Mr. and Mrs. Murray Posh, Miss Posh (Murray's sister) are coming. Eight o'clock sharp.|The Diary of a Nobody|George Grossmith|guess|2.0|
08:00|eight o'clock|Then he remembered, and looked at his watch. It was eight o'clock.|The Secret Adversary|Agatha Christie|guess|2.0|
08:00|eight o'clock|At eight o'clock the familiar sound of the key turning made him spring to his feet.|The Secret Adversary|Agatha Christie|guess|2.0|
08:00|eight o'clock|Sir James arrived punctually at eight o'clock, and Julius introduced Tommy.|The Secret Adversary|Agatha Christie|guess|2.0|
08:00|eight o'clock|"Sir, it is eight o'clock, and the barber is here. I have told him to call again in an hour."|Swann's Way|Marcel Proust|guess|2.0|
08:10|ten past eight|Two men only had arrived, and were heard talking in a corner, as they took off their coats and rolled up their shirt-sleeves. It was ten past eight.|Sons and Lovers|D. H. Lawrence|guess|4.0|
08:10|8:10|He was half delirious, and kept calling something about a chemistry lecture at 8:10.|This Side of Paradise|F. Scott Fitzgerald|guess|2.0|
08:20|Twenty minutes past eight|I wonder how late it is," he added, pulling out his watch. "Twenty minutes past eight - but my watch is too fast.|Adam Bede|George Eliot|guess|4.0|
08:20|twenty minutes past eight|When the clock indicated twenty minutes past eight, Andrew Stuart got up, saying, "Gentlemen, in twenty minutes the time agreed upon between Mr. Fogg and ourselves will have expired."|Around the World in Eighty Days|Jules Verne|guess|4.0|
08:20|twenty minutes after eight|Later it would satisfy him in a vague way to be able to think "that thing ended at exactly twenty minutes after eight on Thursday, June 10, 1919."|This Side of Paradise|F. Scott Fitzgerald|guess|4.0|
08:20|Twenty minutes after eight|"Twenty minutes after eight by the Quiet Woman, and Charley not come."|The Return of the Native|Thomas Hardy|guess|2.0|
08:20|twenty minutes past eight|The cab stopped before the railway station at twenty minutes past eight.|Around the World in Eighty Days|Jules Verne|guess|2.0|
08:23|twenty-three minutes past eight|It comprised all that was required of the servant, from eight in the morning, exactly at which hour Phileas Fogg rose, till half-past eleven, when he left the house for the Reform Club - all the details of service, the tea and toast at twenty-three minutes past eight, the shaving-water at thirty-seven minutes past nine, and the toilet at twenty minutes before ten.|Around the World in Eighty Days|Jules Verne|am-cue|3.0|
08:25|twenty-five minutes past eight|At twenty-five minutes past eight a second shock took place, this time from behind.|Twenty Thousand Leagues under the Sea|Jules Verne|guess|2.0|
08:30|half past eight|At his particular request, I appointed to call for him at the Castle at half past eight on Monday morning, and so we parted for the time.|Great Expectations|Charles Dickens|am-cue|5.0|
08:30|half past eight|'A little earlier. Her time is half past eight.' 'I assure you, my dear boy,' says Traddles, 'I am almost as pleased as if I were going to be married myself, to think that this event is coming to such a happy termination.|David Copperfield|Charles Dickens|am-cue|5.0|
08:30|8.30 A.M|He was to start for Liverpool by train at 8.30 A.M., and at 6 A.M. he counted up his bits of paper and found himself the winner of about £600.|The Way We Live Now|Anthony Trollope|explicit|5.0|
08:30|half past eight|He took out of his pocket the most respectable hunting-watch I ever saw, and preventing the spring with his thumb from opening far, looked in at the face as if he were consulting an oracular oyster, shut it up again, and said, if I pleased, it was half past eight.|David Copperfield|Charles Dickens|guess|4.5|
08:30|8.30|The question which confronted me was to find out how Stangerson had been employed between 8.30 and the time of the crime, and what had become of him afterwards.|A Study in Scarlet|Arthur Conan Doyle|guess|4.0|
08:30|half past eight|By half past eight, when the Deputation was destroyed, there may have been a crowd of three hundred people or more at this place, besides those who had left the road to approach the Martians nearer.|The war of the worlds|H. G. Wells|guess|4.0|
08:30|8:30|At 8:30 Miss Toole swept into the hall with her escort. Quickly her triumphant eye discovered her chum under the wing of her faithful Jimmy.|The Four Million|O. Henry|guess|4.0|
08:30|8.30|He had gone out about 8.30, and, meeting a friend, had accompanied him to the Metropolitan Music Hall in Edgware Road.|Poirot Investigates|Agatha Christie|guess|4.0|
08:30|eight-thirty|She made me go to church in a silk hat and a frock coat, she took me to classical concerts, and she was very fond of lectures on Sunday afternoon; and she sat down to breakfast every morning at eight-thirty, and if I was late breakfast was cold; and she read the right books, admired the right pictures, and adored the right music.|Of Human Bondage|W. Somerset Maugham|am-cue|3.0|
08:30|eight-thirty|"You will perceive that Mr. Percival Waldron, a naturalist of some popular repute, is announced to lecture at eight-thirty at the Zoological Institute's Hall upon 'The Record of the Ages.'|The Lost World|Arthur Conan Doyle|guess|2.0|
08:30|half after eight|"Well, you'd better be going. It's half after eight already," and he drew out his watch.|Sister Carrie: A Novel|Theodore Dreiser|guess|2.0|
08:30|eight thirty|At the station he captured Miss Lantry out of the gadding mob at eight thirty-two.|The Four Million|O. Henry|guess|2.0|
08:30|8.30|Most of the clerks had not turned up. The girls were not due till 8.30.|Sons and Lovers|D. H. Lawrence|guess|2.0|
08:35|8:35|3 May. Bistritz. - Left Munich at 8:35 P. M., on 1st May, arriving at Vienna early next morning; should have arrived at 6:46, but train was an hour late.|Dracula|Bram Stoker|am-cue|4.0|
08:35|thirty-five minutes past eight|Passepartout waited a good twenty minutes, and when he left the reverend gentleman, it was thirty-five minutes past eight.|Around the World in Eighty Days|Jules Verne|guess|4.0|
08:40|twenty minutes to nine|It was when I stood before her, avoiding her eyes, that I took note of the surrounding objects in detail, and saw that her watch had stopped at twenty minutes to nine, and that a clock in the room had stopped at twenty minutes to nine.|Great Expectations|Charles Dickens|guess|4.0|
08:40|twenty minutes to nine|Like the clock in Miss Havisham's room, and like Miss Havisham's watch, it had stopped at twenty minutes to nine.|Great Expectations|Charles Dickens|guess|4.0|
08:40|twenty minutes to nine|It was then twenty minutes to nine. After going to my room to get my journal, I returned, and sat with Laura, sometimes writing, sometimes stopping to talk with her.|The Woman in White|Wilkie Collins|guess|4.0|
08:40|twenty minutes before nine|Phileas Fogg and his servant seated themselves in a first-class carriage at twenty minutes before nine; five minutes later the whistle screamed, and the train slowly glided out of the station.|Around the World in Eighty Days|Jules Verne|guess|4.0|
08:40|twenty minutes to nine|"Which she received," I struck in, "when she was dressing for her marriage? At twenty minutes to nine?"|Great Expectations|Charles Dickens|guess|2.0|
08:43|Seventeen minutes to nine|"Seventeen minutes to nine," said Thomas Flanagan, as he cut the cards which Ralph handed to him.|Around the World in Eighty Days|Jules Verne|guess|2.5|
08:44|Sixteen minutes to nine|"Sixteen minutes to nine!" said John Sullivan, in a voice which betrayed his emotion.|Around the World in Eighty Days|Jules Verne|guess|2.5|
08:45|a quarter before nine|On the Monday morning at a quarter before nine, Herbert went to the counting-house to report himself, - to look about him, too, I suppose, - and I bore him company.|Great Expectations|Charles Dickens|am-cue|5.0|
08:45|a quarter before nine|The horses were put to, punctually at a quarter before nine next morning, and Mr. Pickwick and Sam Weller having each taken his seat, the one inside and the other out, the postillion was duly directed to repair in the first instance to Mr. Bob Sawyer's house, for the purpose of taking up Mr. Benjamin Allen.|The Pickwick Papers|Charles Dickens|am-cue|5.0|
08:45|a quarter to nine|When the trays re-appeared with biscuits and wine, punctually at a quarter to nine, there was conversation, comparing of cards, and talking over tricks; but by-and-by Captain Brown sported a bit of literature.|Cranford|Elizabeth Cleghorn Gaskell|guess|4.0|
08:45|a quarter before nine|Encamped at a quarter before nine, in good time to touch his three-cornered hat to the oldest of men as they passed in to Tellson's, Jerry took up his station on this windy March morning, with young Jerry standing by him, when not engaged in making forays through the Bar, to inflict bodily and mental injuries of an acute description on passing boys who were small enough for his amiable purpose.|A Tale of Two Cities|Charles Dickens|am-cue|3.0|
08:45|a quarter before nine|The clock indicated a quarter before nine when he appeared in the great saloon.|Around the World in Eighty Days|Jules Verne|guess|2.0|
08:45|a quarter to nine|"If you decide on that you must be there at a quarter to nine tomorrow morning."|Of Human Bondage|W. Somerset Maugham|guess|2.0|
08:47|8.47|Nobody had seen the two men leave, but the time of the murder was fixed clearly enough at 8.47.|Poirot Investigates|Agatha Christie|guess|2.0|
08:48|twelve minutes to nine|"It only wants twelve minutes to nine," Constance pointed out.|The Old Wives' Tale|Arnold Bennett|guess|2.0|
08:50|ten minutes to nine|The baron drew out his watch. "It wants ten minutes to nine," said he.|The three musketeers|Alexandre Dumas|guess|2.5|
08:50|Ten minutes to nine|"Ten minutes to nine!" exclaimed the young man, with an impatient gesture of despair.|The Four Million|O. Henry|guess|2.5|
08:50|ten minutes to nine|As he drove up to the Karenins' entrance he looked at his watch and saw it was ten minutes to nine.|Anna Karenina|graf Leo Tolstoy|guess|2.0|
08:50|ten minutes to nine|What did it mean by beginning to tick so loudly all of a sudden? Its face indicated ten minutes to nine.|The Secret Agent: A Simple Tale|Joseph Conrad|guess|2.0|
08:55|five minutes to nine|George pulled out his watch and looked at it: it was five minutes to nine!|Three men in a boat (to say nothing of the dog)|Jerome K. Jerome|guess|2.0|
08:57|three minutes to nine|He glanced again at the clock in the tower. The hands stood at three minutes to nine.|The Four Million|O. Henry|guess|2.0|
08:58|Two minutes to nine|"Two minutes to nine," he replied, telling the truth with a struggle.|Sons and Lovers|D. H. Lawrence|guess|2.5|
09:00|nine o'clock in the morning|"At nine o'clock in the morning and at all hours, praised and adored be the most Holy Sacrament of the altar," said the prioress.|Les Misérables|Victor Hugo|morning|7.5|
09:00|nine o'clock in the morning|Would not all hopes be over with Mr. Melmotte should he ever learn that his daughter's lover reached home and tumbled up-stairs to bed between eight and nine o'clock in the morning?|The Way We Live Now|Anthony Trollope|morning|7.0|
09:00|nine o'clock in the morning|This sleep, provincial as it was, brought him to nine o'clock in the morning; at which hour he rose, in order to repair to the residence of M. de Tréville, the third personage in the kingdom, in the paternal estimation.|The three musketeers|Alexandre Dumas|morning|7.0|
09:00|nine o'clock in the morning|Athos invited D'Artagnan to follow them; and although ignorant of the game, which he had never played, he accepted, not knowing what to do with his time from nine o'clock in the morning, as it then scarcely was, till twelve.|The three musketeers|Alexandre Dumas|morning|7.0|
09:00|nine o'clock in the morning|Milady could not at all comprehend the silence of the Comte de Wardes, and she ordered Kitty to come at nine o'clock in the morning to take a third letter.|The three musketeers|Alexandre Dumas|morning|7.0|
09:00|nine o'clock in the morning|Every day Luigi led his flock to graze on the road that leads from Palestrina to Borgo; every day, at nine o'clock in the morning, the priest and the boy sat down on a bank by the wayside, and the little shepherd took his lesson out of the priest's breviary.|The Count of Monte Cristo|Alexandre Dumas|morning|7.0|
09:00|nine o'clock in the morning|At the same moment, that is, at nine o'clock in the morning, Albert de Morcerf, dressed in a black coat buttoned up to his chin, might have been seen walking with a quick and agitated step in the direction of Monte Cristo's house in the Champs-Élysées.|The Count of Monte Cristo|Alexandre Dumas|morning|7.0|
09:00|nine o'clock in the morning|It was nine o'clock in the morning. The fog lay unbroken like a sea down below, but higher up at the village of Schlappanitz where Napoleon stood with his marshals around him, it was quite light.|War and Peace|graf Leo Tolstoy|morning|7.0|
09:00|nine o'clock in the morning|Toward nine o'clock in the morning, when the troops were already moving through Moscow, nobody came to the count any more for instructions.|War and Peace|graf Leo Tolstoy|morning|7.0|
09:00|nine o'clock in the morning|Very early, at nine o'clock in the morning, five days after the trial, Alyosha went to Katerina Ivanovna's to talk over a matter of great importance to both of them, and to give her a message.|The Brothers Karamazov|Fyodor Dostoyevsky|morning|7.0|
09:00|nine o'clock in the morning|At nine o'clock in the morning they put on his jacket and fur coat, wrapped him up in a shawl, and took him in a carriage to a doctor.|The Lady with the Dog and Other Stories|Anton Pavlovich Chekhov|morning|7.0|
09:00|nine o'clock in the morning|He managed to run up and take dinner with her between six and seven, and to remain home until nine o'clock in the morning, but the novelty of this waned after a time, and he began to feel the drag of his duties.|Sister Carrie: A Novel|Theodore Dreiser|morning|7.0|
09:00|nine o'clock in the morning|K. forced himself to answer, but his thoughts were mainly about that Sunday, how it would be best to get there for nine o'clock in the morning as that was the time that courts always start work on weekdays.|The Trial|Franz Kafka|morning|7.0|
09:00|nine o'clock in the morning|For instance, suppose it were nine o'clock in the morning, just time to begin lessons: you'd only have to whisper a hint to Time, and round goes the clock in a twinkling!|Alice's Adventures in Wonderland|Lewis Carroll|morning|7.0|
09:00|nine o'clock|When I left, at nine o'clock, she was kneeling on the ground at the Doctor's feet, putting on his shoes and gaiters for him.|David Copperfield|Charles Dickens|am-cue|5.0|
09:00|nine o'clock|As it approached nearer and nearer to half past nine o'clock, our restless expectation of Mr. Micawber increased.|David Copperfield|Charles Dickens|am-cue|5.0|
09:00|nine o'clock|It was broad day - eight or nine o'clock; the storm raging, in lieu of the batteries; and someone knocking and calling at my door.|David Copperfield|Charles Dickens|am-cue|5.0|
09:00|nine o'clock|Brought to my office by another woman at nine o'clock this morning, before I had set foot in this place, or held any communication with Mrs. Bardell, upon my honour.'|The Pickwick Papers|Charles Dickens|am-cue|5.0|
09:00|nine o'clock|As Mr. Pickwick could by no means be prevailed upon to stay, it was arranged at once, on his own proposition, that Mr. Benjamin Allen should accompany him on his journey to the elder Mr. Winkle's, and that the coach should be at the door, at nine o'clock next morning.|The Pickwick Papers|Charles Dickens|am-cue|5.0|
09:00|nine o'clock|At nine o'clock on such a morning, the place of business of Pubsey and Co. was not the liveliest object even in Saint Mary Axe - which is not a very lively spot - with a sobbing gaslight in the counting-house window, and a burglarious stream of fog creeping in to strangle it through the keyhole of the main door.|Our Mutual Friend|Charles Dickens|am-cue|5.0|
09:00|nine o'clock|Then Kit began to wish they had not been quite so nimble; for the travelling-carriage which had been hired for the occasion was not to arrive until nine o'clock, and there was nothing but breakfast to fill up the intervening blank of one hour and a half.|The Old Curiosity Shop|Charles Dickens|am-cue|5.0|
09:00|struck nine|As the city clocks struck nine on Monday morning, Mrs Clennam was wheeled by Jeremiah Flintwinch of the cut-down aspect to her tall cabinet.|Little Dorrit|Charles Dickens|am-cue|5.0|
09:00|nine o'clock|Mr Meagles bestirred himself with such prompt activity in the matter of the negotiation with Daniel Doyce which Clennam had entrusted to him, that he soon brought it into business train, and called on Clennam at nine o'clock one morning to make his report.|Little Dorrit|Charles Dickens|am-cue|5.0|
09:00|nine o'clock|At nine o'clock Lestrade called for us with the carriage, and we set off for Hatherley Farm and the Boscombe Pool.|The Adventures of Sherlock Holmes|Arthur Conan Doyle|am-cue|5.0|
09:00|struck nine|He waited until the clock struck nine before he left the work-yard at the village, and set off, through the fields, towards the Farm.|Adam Bede|George Eliot|am-cue|5.0|
09:00|nine o'clock|It was nine o'clock, and the men having returned to work again from their first meal, she was not likely to meet many of them in the road.|Far from the Madding Crowd|Thomas Hardy|am-cue|5.0|
09:00|nine o'clock|If Mr. Slope did not really wish to see him at half-past nine o'clock, why force him to come away from his lodgings with his breakfast in his throat?|Barchester Towers|Anthony Trollope|am-cue|5.0|
09:00|Nine o'clock|Nine o'clock. Was it nine struck, or eight? Nine, surely? I am shivering again - shivering, from head to foot, in the summer air.|The Woman in White|Wilkie Collins|am-cue|5.0|
09:00|nine o'clock in the morning|Passepartout was ignorant that, if the face of his watch had been divided into twenty-four hours, like the Italian clocks, he would have no reason for exultation; for the hands of his watch would then, instead of as now indicating nine o'clock in the morning, indicate nine o'clock in the evening, that is, the twenty-first hour after midnight precisely the difference between London time and that of the one hundred and eightieth meridian.|Around the World in Eighty Days|Jules Verne|morning|5.0|
09:00|nine o'clock in the morning|It was nine o'clock in the morning when we were quite ready.|A Journey to the Centre of the Earth|Jules Verne|morning|5.0|
09:00|nine o'clock in the morning|This punic labor, incontestably authorized by war, which permits traps, was so well done, that Haxo, who had been despatched by the Emperor at nine o'clock in the morning to reconnoitre the enemy's batteries, had discovered nothing of it, and had returned and reported to Napoleon that there were no obstacles except the two barricades which barred the road to Nivelles and to Genappe.|Les Misérables|Victor Hugo|morning|5.0|
09:00|nine o'clock in the morning|At nine o'clock in the morning she was awakened by the sound of voices in the Place.|Madame Bovary|Gustave Flaubert|morning|5.0|
09:00|nine o'clock|At nine o'clock the countess woke up, and Matrëna Timoféevna, who had been her lady's maid before her marriage and now performed a sort of chief gendarme's duty for her, came to say that Madame Schoss was much offended and the young ladies' summer dresses could not be left behind.|War and Peace|graf Leo Tolstoy|am-cue|5.0|
09:00|nine o'clock|Towards the end of November, during a thaw, at nine o'clock one morning, a train on the Warsaw and Petersburg railway was approaching the latter city at full speed.|The Idiot|Fyodor Dostoyevsky|am-cue|5.0|
09:00|nine o'clock|My general orders are that if I don't open the door and call, by nine o'clock, Matreona is to come and bring my tea.|The Idiot|Fyodor Dostoyevsky|am-cue|5.0|
09:00|nine o'clock|It was almost nine o'clock before he reached the club, where he found Lord Henry sitting alone, in the morning-room, looking very much bored.|The Picture of Dorian Gray|Oscar Wilde|am-cue|5.0|
09:00|nine o'clock|At nine o'clock the next morning his servant came in with a cup of chocolate on a tray and opened the shutters.|The Picture of Dorian Gray|Oscar Wilde|am-cue|5.0|
09:00|nine o'clock|Promptly at nine o'clock the next morning the green-whiskered soldier came to them, and four minutes later they all went into the Throne Room of the Great Oz.|The Wonderful Wizard of Oz|L. Frank Baum|am-cue|5.0|
09:00|nine o'clock|At nine o'clock the next morning Alexandra presented herself at the warden's office in the State Penitentiary.|O Pioneers!|Willa Cather|am-cue|5.0|
09:00|nine o'clock|He cooked breakfast in the darkness, and at nine o'clock, when, with the coming of daylight, the wolf-pack drew back, he set about the task he had planned through the long hours of the night.|White Fang|Jack London|am-cue|5.0|
09:00|nine o'clock|At nine o'clock, one morning late in July, Gatsby's gorgeous car lurched up the rocky drive to my door and gave out a burst of melody from its three-noted horn.|The Great Gatsby|F. Scott Fitzgerald|am-cue|5.0|
09:00|nine o'clock|He reduced his expenses by eating only one meal a day beside his breakfast; and he ate it, bread and butter and cocoa, at four so that it should last him till next morning. He was so hungry by nine o'clock that he had to go to bed.|Of Human Bondage|W. Somerset Maugham|am-cue|5.0|
09:00|nine o'clock|"When it turns at nine o'clock," said Herbert, cheerfully, "look out for us, and stand ready, you over there at Mill Pond Bank!"|Great Expectations|Charles Dickens|guess|4.5|
09:00|nine o'clock|'Or as certain as they used to teach at school (the same school where I picked up so much umbleness), from nine o'clock to eleven, that labour was a curse; and from eleven o'clock to one, that it was a blessing and a cheerfulness, and a dignity, and I don't know what all, eh?' said he with a sneer.|David Copperfield|Charles Dickens|guess|4.5|
09:00|nine o'clock|At about half-past nine o'clock the odour of a warm sweet-bread (Mrs Pipchin's constitution wouldn't go to sleep without sweet-bread) diversified the prevailing fragrance of the house, which Mrs Wickam said was "a smell of building;" and slumber fell upon the Castle shortly after.|Dombey and Son|Charles Dickens|guess|4.5|
09:00|nine o'clock|The solemn servant conducted me into a prettily furnished room - said, "Breakfast at nine o'clock, sir" - looked all round him to see that everything was in its proper place, and noiselessly withdrew.|The Woman in White|Wilkie Collins|guess|4.5|
09:00|nine o'clock|Besides, passengers at two thousand dollars are no longer passengers, but valuable merchandise. "I start at nine o'clock," said Captain Speedy, simply.|Around the World in Eighty Days|Jules Verne|guess|4.5|
09:00|nine o'clock|He then said, "It is time to start; the signature was indeed fixed to take place at nine o'clock, but perhaps Valentine will not wait for that."|The Count of Monte Cristo|Alexandre Dumas|guess|4.5|
09:00|nine o'clock|He had caught the words "always at nine o'clock," and he knew that this was said of his father, and that his father and mother could not meet.|Anna Karenina|graf Leo Tolstoy|guess|4.5|
09:00|nine o'clock|Towards nine o'clock he smoothed his ruffled aspect, and, presenting as respectable and business-like an exterior as he could overlay his natural self with, issued forth to the occupation of the day.|A Tale of Two Cities|Charles Dickens|guess|4.0|
09:00|nine o'clock|We played until nine o'clock, and then it was arranged that when Estella came to London I should be forewarned of her coming and should meet her at the coach; and then I took leave of her, and touched her and left her.|Great Expectations|Charles Dickens|guess|4.0|
09:00|nine o'clock|If Mr. Weller will call on Mr. John Smauker at nine o'clock, Mr. John Smauker will have the pleasure of introducing Mr. Weller.|The Pickwick Papers|Charles Dickens|guess|4.0|
09:00|struck nine|She sat meditating sorrowfully upon this change, and mingling it, as it were, with everything about her, when the distant church-clock bell struck nine.|The Old Curiosity Shop|Charles Dickens|guess|4.0|
09:00|nine o'clock|Mrs Clennam signified assent; then added, 'No more of business on this day,' and then added, 'Affery, it is nine o'clock.'|Little Dorrit|Charles Dickens|guess|4.0|
09:00|striking nine|The deep bell of St Paul's was striking nine as he passed under the shadow of Temple Bar, headless and forlorn in these degenerate days.|Little Dorrit|Charles Dickens|guess|4.0|
09:00|nine o'clock|At learning the chance we had missed, we both gave vent to our grief without control; and he allowed us to wail on till nine o'clock.|Wuthering Heights|Emily Brontë|guess|4.0|
09:00|nine o'clock|I shut the closet to conceal the strange, wraith-like apparel it contained; which, at this evening hour - nine o'clock - gave out certainly a most ghostly shimmer through the shadow of my apartment.|Jane Eyre: An Autobiography|Charlotte Brontë|guess|4.0|
09:00|nine o'clock|The next moment I sat in a cold, glittering salon, with porcelain stove, unlit, and gilded ornaments, and polished floor. A pendule on the mantel-piece struck nine o'clock.|Villette|Charlotte Brontë|guess|4.0|
09:00|nine o'clock|At last I ventured to re-enter the first classe, where, as it was not yet nine o'clock, no pupils had been admitted.|Villette|Charlotte Brontë|guess|4.0|
09:00|nine o'clock|They all met together in the drawing-room at nine o'clock, in perfect good humour with each other, and about that hour Mrs. Bold was announced.|Barchester Towers|Anthony Trollope|guess|4.0|
09:00|nine o'clock|A little before nine o'clock, I prevailed on Mr. Blake to accompany me to his bedroom; stating, as a reason, that I wished him to look round it, for the last time, in order to make quite sure that nothing had been forgotten in the refurnishing of the room.|The Moonstone|Wilkie Collins|guess|4.0|
09:00|struck nine|Five minutes after the clock in the hall had struck nine, I heard the knock; and, going out immediately, met Mr. Bruff in the corridor.|The Moonstone|Wilkie Collins|guess|4.0|
09:00|nine o'clock|The Parsee perched himself on the elephant's neck, and at nine o'clock they set out from the village, the animal marching off through the dense forest of palms by the shortest cut.|Around the World in Eighty Days|Jules Verne|guess|4.0|
09:00|nine o'clock|At Pontoise he changed his horse for the last time, and at nine o'clock galloped into the yard of Tréville's hôtel.|The three musketeers|Alexandre Dumas|guess|4.0|
09:00|nine o'clock|At nine o'clock Madame la Première Présidente arrived. As next to the queen, she was the most considerable personage of the fête, she was received by the city officials, and placed in a box opposite to that which the queen was to occupy.|The three musketeers|Alexandre Dumas|guess|4.0|
09:00|nine o'clock|At nine o'clock, Lord de Winter made his customary visit, examined the window and the bars, sounded the floor and the walls, looked to the chimney and the doors, without, during this long and minute examination, he or Milady pronouncing a single word.|The three musketeers|Alexandre Dumas|guess|4.0|
09:00|nine o'clock|Both were free from the fear of pursuit; nobody ever came into Milady's apartment before nine o'clock, and it would require three hours to go from the castle to London.|The three musketeers|Alexandre Dumas|guess|4.0|
09:00|nine o'clock|The note indicated neither the street nor the number of the house where the meeting was to be held; it bore no signature, but it announced to the general that someone would call for him if he would be ready at nine o'clock.|The Count of Monte Cristo|Alexandre Dumas|guess|4.0|
09:00|nine o'clock|At nine o'clock next morning she arose, and without ringing for her maid or giving the least sign of her activity, she dressed herself in the same simple style as on the previous night; then running downstairs, she left the hotel, walked to the Rue de Provence, called a cab, and drove to M. de Villefort's house.|The Count of Monte Cristo|Alexandre Dumas|guess|4.0|
09:00|nine o'clock|"My friend," continued Morrel, "you named the fifth of October as the end of the period of waiting, - today is the fifth of October," he took out his watch, "it is now nine o'clock, - I have yet three hours to live."|The Count of Monte Cristo|Alexandre Dumas|guess|4.0|
09:00|nine o'clock|Between nine o'clock and half-past ten the whole army, incredible as it may appear, had taken up its position and ranged itself in six lines, forming, to repeat the Emperor's expression, "the figure of six V's."|Les Misérables|Victor Hugo|guess|4.0|
09:00|nine o'clock|The next day by nine o'clock he was at the farm. Emma blushed as he entered, and she gave a little forced laugh to keep herself in countenance.|Madame Bovary|Gustave Flaubert|guess|4.0|
09:00|nine o'clock|Homais, when he returned at nine o'clock (for the last two days only Homais seemed to have been on the Place), was laden with a stock of camphor, of benzine, and aromatic herbs.|Madame Bovary|Gustave Flaubert|guess|4.0|
09:00|nine o'clock|At nine o'clock, a sort of traveling-barouche with the curtains of its windows close-down, took its place in the rank on the Rotunda side.|The Phantom of the Opera|Gaston Leroux|guess|4.0|
09:00|nine o'clock|However, at nine o'clock the prince, in his velvet coat with a sable collar and cap, went out for his usual walk.|War and Peace|graf Leo Tolstoy|guess|4.0|
09:00|nine o'clock|After nine o'clock two traps and three mounted men, who had been sent to look for them, arrived to fetch Natásha and Pétya.|War and Peace|graf Leo Tolstoy|guess|4.0|
09:00|nine o'clock|All had heard that their mistress had come, and that Kapitonitch had let her in, and that she was even now in the nursery, and that their master always went in person to the nursery at nine o'clock, and everyone fully comprehended that it was impossible for the husband and wife to meet, and that they must prevent it.|Anna Karenina|graf Leo Tolstoy|guess|4.0|
09:00|nine o'clock|Princess Betsy begged her to excuse her not having come to say good-bye; she had been indisposed, but begged Anna to come to her between half-past six and nine o'clock.|Anna Karenina|graf Leo Tolstoy|guess|4.0|
09:00|nine o'clock|I don't know what I thought about, nor how I fell asleep or became insensible; but I awoke next morning after nine o'clock when they knocked at my door.|The Idiot|Fyodor Dostoyevsky|guess|4.0|
09:00|nine o'clock|By nine o'clock the slope flattened out abruptly; the hills were behind him; before him, to the east, all was level.|McTeague: A Story of San Francisco|Frank Norris|guess|4.0|
09:00|nine o'clock|By nine o'clock the sun stood high in the sky. The heat was intense; the atmosphere was thick and heavy with it.|McTeague: A Story of San Francisco|Frank Norris|guess|4.0|
09:00|nine o'clock|It was nine o'clock, and the house, being tenanted by workers, already showed an awakened front to the street.|The House of Mirth|Edith Wharton|guess|4.0|
09:00|nine o'clock|By nine o'clock the assembly which was gathered about Ted and Eunice in the living-room included Mr. and Mrs. George Babbitt, Dr. and Mrs. Howard Littlefield, Mr. and Mrs. Kenneth Escott, Mr. and Mrs. Henry T.|Babbitt|Sinclair Lewis|guess|4.0|
09:00|nine o'clock|At once began to rise the cries that were fiercely sad - cries that called through the darkness and cold to one another and answered back. Conversation ceased. Daylight came at nine o'clock.|White Fang|Jack London|guess|4.0|
09:00|nine o'clock|At her solicitation I let her take the watch till midnight, - it was then nine o'clock, but I wrapped her in blankets and put an oilskin about her before I lay down.|The Sea-Wolf|Jack London|guess|4.0|
09:00|nine o'clock|At nine o'clock Dulcie took a tin box of crackers and a little pot of raspberry jam out of her trunk, and had a feast.|The Four Million|O. Henry|guess|4.0|
09:00|nine o'clock|By nine o'clock these can be divided into two classes - those who have been drinking consistently and those who have taken little or nothing.|The Beautiful and Damned|F. Scott Fitzgerald|guess|4.0|
09:00|nine o'clock|When he presented himself, feeling horribly shy, in the department at nine o'clock he found that many others were there before him.|Of Human Bondage|W. Somerset Maugham|guess|4.0|
09:00|nine o'clock|The news was abroad in the Square before nine o'clock. There were persons who had witnessed the arrival of the motorcar, and the transfer of Sophia to the house.|The Old Wives' Tale|Arnold Bennett|guess|4.0|
09:00|nine o'clock|At nine o'clock, while the children with bare legs and feet were sitting playing on the sofa, and the mother was washing up, he came in from his carpentry, his sleeves rolled up, his waistcoat hanging open.|Sons and Lovers|D. H. Lawrence|guess|4.0|
09:00|nine o'clock|Anyway, now he was running so that he would get there by nine o'clock if at all possible, even though he had no appointment for this time.|The Trial|Franz Kafka|guess|4.0|
09:00|nine o'clock|"The second, that you will allow me sometimes, say every Monday morning, at nine o'clock - habit again - I must be businesslike," said the gentleman, with a whimsical inclination to quarrel with himself on that head, "in walking past, to see you at the door or window.|Dombey and Son|Charles Dickens|am-cue|3.5|
09:00|struck nine|A clock in the schoolroom struck nine; Miss Miller left her circle, and standing in the middle of the room, cried -|Jane Eyre: An Autobiography|Charlotte Brontë|guess|3.5|
09:00|striking nine|On the third morning after their arrival, just as all the clocks in the city were striking nine individually, and somewhere about nine hundred and ninety-nine collectively, Sam was taking the air in George Yard, when a queer sort of fresh-painted vehicle drove up, out of which there jumped with great agility, throwing the reins to a stout man who sat beside him, a queer sort of gentleman, who seemed made for the vehicle, and the vehicle for him.|The Pickwick Papers|Charles Dickens|am-cue|3.0|
09:00|struck nine|I hope there cannot be anything the matter with Jonathan. The clock has just struck nine.|Dracula|Bram Stoker|am-cue|3.0|
09:00|nine o'clock|He got down from the coach at nine o'clock, just after his father went out.|Middlemarch|George Eliot|am-cue|3.0|
09:00|nine o'clock|But at nine o'clock on the morning set apart for that marriage, they were all astounded by the news that Georgiana had run away with Mr. Batherbolt.|The Way We Live Now|Anthony Trollope|am-cue|3.0|
09:00|nine o'clock|The old man read so much truth and so much grief in the face of the young man that he made him a sign to listen, and repeated in a low voice: "It was scarcely nine o'clock when I heard a noise in the street, and was wondering what it could be, when on coming to my door, I found that somebody was endeavoring to open it.|The three musketeers|Alexandre Dumas|am-cue|3.0|
09:00|nine o'clock|At nine o'clock the next morning, the drums beat to arms. The Duc d'Orléans visited the posts.|The three musketeers|Alexandre Dumas|am-cue|3.0|
09:00|nine o'clock|The next morning, at nine o'clock, he entered Franz's room, followed by a tailor, who had eight or ten Roman peasant costumes on his arm; they selected two exactly alike, and charged the tailor to sew on each of their hats about twenty yards of ribbon, and to procure them two of the long silk sashes of different colors with which the lower orders decorate themselves on fête days.|The Count of Monte Cristo|Alexandre Dumas|am-cue|3.0|
09:00|nine o'clock|He awoke towards nine o'clock with a headache, full of confused ideas and strange impressions.|The Idiot|Fyodor Dostoyevsky|am-cue|3.0|
09:00|Nine o'clock|Nine o'clock was an early hour for a visit, but Selden had passed beyond all such conventional observances.|The House of Mirth|Edith Wharton|am-cue|3.0|
09:00|nine o'clock|Miriam pitied him now. But quite early, before nine o'clock, he rose to go.|Sons and Lovers|D. H. Lawrence|am-cue|3.0|
09:00|nine o'clock|From my bedroom window I could discern no more than its base, which had been freshly covered with slates; but when on Sundays I saw these, in the hot light of a summer morning, blaze like a black sun I would say to myself: "Good heavens! nine o'clock!|Swann's Way|Marcel Proust|am-cue|3.0|
09:00|nine o'clock|At nine o'clock Tessie appeared and vanished behind the screen with a merry "Good morning, Mr. Scott."|The King in Yellow|Robert W. Chambers|am-cue|3.0|
09:00|nine o'clock|"We will be on board at nine o'clock," replied, no less simply, Mr. Fogg.|Around the World in Eighty Days|Jules Verne|guess|2.5|
09:00|Nine o'clock|"Nine o'clock," she replied, through the keyhole. "I thought you was a-oversleeping yourselves."|Three men in a boat (to say nothing of the dog)|Jerome K. Jerome|guess|2.5|
09:00|nine o'clock|The punch being very nice, we sat there drinking it and talking, until it was almost nine o'clock.|Great Expectations|Charles Dickens|guess|2.0|
09:00|nine o'clock|He would call at Barnard's Hotel Tuesday morning at nine o'clock, when if not agreeable please leave word.|Great Expectations|Charles Dickens|guess|2.0|
09:00|nine o'clock|Mr. Barkis the carrier was to call for me in the morning at nine o'clock.|David Copperfield|Charles Dickens|guess|2.0|
09:00|nine o'clock|In such scenes and occupations the time wore on until nine o'clock, when Kate, jaded and dispirited with the occurrences of the day, hastened from the confinement of the workroom, to join her mother at the street corner, and walk home: - the more sadly, from having to disguise her real feelings, and feign to participate in all the sanguine visions of her companion.|Nicholas Nickleby|Charles Dickens|guess|2.0|
09:00|nine o'clock|He was on his stool in a jiffy; driving away with his pen, as if he were trying to overtake nine o'clock.|A Christmas Carol in Prose; Being a Ghost Story of Christmas|Charles Dickens|guess|2.0|
09:00|nine o'clock|Just before nine o'clock Sherlock Holmes stepped briskly into the room.|The Adventures of Sherlock Holmes|Arthur Conan Doyle|guess|2.0|
09:00|nine o'clock|The combination is a dreadful one. At nine o'clock I visited him myself.|Dracula|Bram Stoker|guess|2.0|
09:00|nine o'clock|But he was already in the passage, putting on his cloak; and without one objection, one murmur, he departed. It was then nine o'clock: he did not return till midnight.|Jane Eyre: An Autobiography|Charlotte Brontë|guess|2.0|
09:00|nine o'clock|Tom had not heard anything from home for some weeks, - a fact which did not surprise him, for his father and mother were not apt to manifest their affection in unnecessary letters, - when, to his great surprise, on the morning of a dark, cold day near the end of November, he was told, soon after entering the study at nine o'clock, that his sister was in the drawing-room.|The Mill on the Floss|George Eliot|guess|2.0|
09:00|nine o'clock|A little before nine o'clock, I descended to the ground-floor of the house.|The Woman in White|Wilkie Collins|guess|2.0|
09:00|nine o'clock|From eight to nine o'clock the Nautilus remained some fathoms under the water.|Twenty Thousand Leagues under the Sea|Jules Verne|guess|2.0|
09:00|nine o'clock|At nine o'clock D'Artagnan was at the Hôtel des Gardes; he found Planchet all ready.|The three musketeers|Alexandre Dumas|guess|2.0|
09:00|nine o'clock|As nine o'clock sounded, D'Artagnan was at the Place Royale.|The three musketeers|Alexandre Dumas|guess|2.0|
09:00|nine o'clock|At nine o'clock, guided by Planchet, the little cavalcade set out, taking the route the carriage had taken.|The three musketeers|Alexandre Dumas|guess|2.0|
09:00|struck nine|The clock struck nine as the door opened, and a coachman appeared.|The Count of Monte Cristo|Alexandre Dumas|guess|2.0|
09:00|nine o'clock|At nine o'clock the president of the club presented himself; the general was ready, the president informed him that one of the conditions of his introduction was that he should be eternally ignorant of the place of meeting, and that he would allow his eyes to be bandaged, swearing that he would not endeavor to take off the bandage.|The Count of Monte Cristo|Alexandre Dumas|guess|2.0|
09:00|nine o'clock|"'You know where I live; I expect you tomorrow morning at nine o'clock.'"|The Count of Monte Cristo|Alexandre Dumas|guess|2.0|
09:00|nine o'clock|The four or five remaining hours before nine o'clock arrived, Andrea employed in riding, paying visits, - designed to induce those of whom he had spoken to appear at the banker's in their gayest equipages, - dazzling them by promises of shares in schemes which have since turned every brain, and in which Danglars was just taking the initiative.|The Count of Monte Cristo|Alexandre Dumas|guess|2.0|
09:00|nine o'clock|At nightfall, at nine o'clock precisely, as he had promised Cosette, he was in the Rue Plumet.|Les Misérables|Victor Hugo|guess|2.0|
09:00|nine o'clock|On our right flank commanded by Bagratión, at nine o'clock the battle had not yet begun.|War and Peace|graf Leo Tolstoy|guess|2.0|
09:00|nine o'clock|At nine o'clock they heard the bell and the faint vibration of a carriage over the mud.|Anna Karenina|graf Leo Tolstoy|guess|2.0|
09:00|nine o'clock|It was nine o'clock when he reached the Shtcherbatskys' steps the second time.|Anna Karenina|graf Leo Tolstoy|guess|2.0|
09:00|nine o'clock|It had struck nine o'clock - the hour of rest and repose after a day of such agitation for all.|The Brothers Karamazov|Fyodor Dostoyevsky|guess|2.0|
09:00|nine o'clock|I fell to ciphering. In half an hour it would be nine o'clock.|A Connecticut Yankee in King Arthur's Court|Mark Twain|guess|2.0|
09:00|nine o'clock|I have been waiting for you in your library ever since nine o'clock.|The Picture of Dorian Gray|Oscar Wilde|guess|2.0|
09:00|nine o'clock|For I'm shut up in my study at the other end of the house, Laurie is out a great deal, and the servants are never near the drawing room after nine o'clock."|Little Women|Louisa May Alcott|guess|2.0|
09:00|nine o'clock|As nine o'clock approached, some of the hubbub of the earlier hour passed.|Sister Carrie: A Novel|Theodore Dreiser|guess|2.0|
09:00|nine o'clock|The party assembled at the ferry slip at nine o'clock, laden with baskets.|McTeague: A Story of San Francisco|Frank Norris|guess|2.0|
09:00|struck nine|It was the German whose family occupied the lower floor. The power-house clock struck nine.|McTeague: A Story of San Francisco|Frank Norris|guess|2.0|
09:00|nine o'clock|By nine o'clock she had almost finished with the schoolroom.|McTeague: A Story of San Francisco|Frank Norris|guess|2.0|
09:00|nine o'clock|At nine o'clock Mr. Shimerda lighted one of our lanterns and put on his overcoat and fur collar.|My Ántonia|Willa Cather|guess|2.0|
09:00|nine o'clock|There were no other lights burning downtown after nine o'clock.|My Ántonia|Willa Cather|guess|2.0|
09:00|nine o'clock|It was nine o'clock - almost immediately afterward I looked at my watch and found it was ten.|The Great Gatsby|F. Scott Fitzgerald|guess|2.0|
09:00|nine o'clock|"And don't forget we're going up in the hydroplane tomorrow morning, at nine o'clock."|The Great Gatsby|F. Scott Fitzgerald|guess|2.0|
09:00|nine o'clock|It was nine o'clock when we finished breakfast and went out on the porch.|The Great Gatsby|F. Scott Fitzgerald|guess|2.0|
09:00|nine o'clock|If there'd been one there'd been twenty between opening and nine o'clock.|The Old Wives' Tale|Arnold Bennett|guess|2.0|
09:00|Nine o'clock|Nine o'clock passed, and ten, and still "the pair" had not returned.|Sons and Lovers|D. H. Lawrence|guess|2.0|
09:00|nine o'clock|At nine o'clock Carrie swept into the room, looking like a queen.|The Diary of a Nobody|George Grossmith|guess|2.0|
09:00|nine o'clock|He went straight to his club, he says, and if that's confirmed all right - why, he couldn't have been shooting his uncle here at nine o'clock in a black beard!"|Poirot Investigates|Agatha Christie|guess|2.0|
09:00|nine o'clock|At nine o'clock I heard my uncle's latchkey in the halldoor.|Dubliners|James Joyce|guess|2.0|
09:00|nine o'clock|Mass will be on Saturday morning at nine o'clock and general communion for the whole college.|A Portrait of the Artist as a Young Man|James Joyce|guess|2.0|
09:04|four minutes after nine o'clock|When the Wizard was given this message he was so frightened that he sent word for them to come to the Throne Room at four minutes after nine o'clock the next morning.|The Wonderful Wizard of Oz|L. Frank Baum|am-cue|5.0|
09:10|Ten minutes past nine|Ten minutes past nine!' said the little man, looking at his watch.|The Pickwick Papers|Charles Dickens|guess|2.5|
09:15|9.15 a.m|So it came about that the train which left the Gare St. Lazare at 9.15 a.m. stopped a moment in its career towards Havre and deposited at the red-roofed station of La Roche a merry party, armed with sunshades, trout-rods, and one cane, carried by the non-combatant, Hastings.|The King in Yellow|Robert W. Chambers|explicit|5.0|
09:15|9.15|'His secretary, Mr. Stangerson, said that there were two trains - one at 9.15 and one at 11.|A Study in Scarlet|Arthur Conan Doyle|guess|2.5|
09:15|9.15|Biting her nether lip, hooking the placket of her skirt. Timing her. 9.15.|Ulysses|James Joyce|guess|2.0|
09:20|9.20|Biting her nether lip, hooking the placket of her skirt. Timing her. 9.15. Did Roberts pay you yet? 9.20.|Ulysses|James Joyce|guess|2.0|
09:23|9.23|Did Roberts pay you yet? 9.20. What had Gretta Conroy on? 9.23.|Ulysses|James Joyce|guess|2.0|
09:24|9.24|What had Gretta Conroy on? 9.23. What possessed me to buy this comb? 9.24.|Ulysses|James Joyce|guess|2.0|
09:25|9:25|[1] Gen. 9:25. his is what Noah says when he wakes out of drunkenness and realizes that his youngest son, Ham, father of Canaan, has seen him naked.|Uncle Tom's Cabin|Harriet Beecher Stowe|guess|3.0|
09:25|Twenty-five minutes past nine|"Twenty-five minutes past nine!" cried M. de Tréville, looking at the clock; "why, that's impossible!"|The three musketeers|Alexandre Dumas|guess|2.5|
09:30|half past nine|"Gentlemen," said Mr. Jaggers, deliberately putting down the glass, and hauling out his gold repeater by its massive chain, "I am exceedingly sorry to announce that it's half past nine."|Great Expectations|Charles Dickens|am-cue|5.5|
09:30|half past nine|At exactly half past nine, just when he was about to leave, there was a telephone call for him, Leni wished him good morning and asked how he was, K. thanked her hurriedly and told her it was impossible for him to talk now as he had to go to the cathedral.|The Trial|Franz Kafka|am-cue|5.5|
09:30|9:30 A.M|Will you favour me by calling on me at the palace to-morrow morning at 9:30 A.M. The bishop wishes me to speak to you touching the hospital.|Barchester Towers|Anthony Trollope|explicit|5.0|
09:30|half past nine|Pitcher, confidential clerk in the office of Harvey Maxwell, broker, allowed a look of mild interest and surprise to visit his usually expressionless countenance when his employer briskly entered at half past nine in company with his young lady stenographer.|The Four Million|O. Henry|am-cue|5.0|
09:30|half past nine|When he arrived he knocked at the door; but no one answered, and looking at his watch he found it was barely half past nine; he supposed he was too early.|Of Human Bondage|W. Somerset Maugham|am-cue|5.0|
09:30|nine-thirty|Under cover of the noise of the car, Lily said to Dick that she was sure Mrs. Scales was ill, and Dick, putting his lips together, replied that he meant to be in King Street at nine-thirty at the latest.|The Old Wives' Tale|Arnold Bennett|guess|4.5|
09:30|half past nine|At the hotel where Mr. Micawber had requested us to await him, which we got into, with some trouble, in the middle of the night, I found a letter, importing that he would appear in the morning punctually at half past nine.|David Copperfield|Charles Dickens|guess|4.0|
09:30|half past nine|"Oh, as to that I can speak positively, your Eminence; for as he came in I remarked that it was but half past nine by the clock, although I had believed it to be later."|The three musketeers|Alexandre Dumas|guess|4.0|
09:30|nine-thirty|In ten minutes Amory was devouring cornflakes in Renwick's, and at nine-thirty they bowled happily out of town, headed for the sands of Deal Beach.|This Side of Paradise|F. Scott Fitzgerald|guess|4.0|
09:30|nine-thirty|He decided finally that he might ask Parker Allison, after all - but he approached Sammy's only to find the door locked and the lights out. He looked at his watch; nine-thirty.|The Beautiful and Damned|F. Scott Fitzgerald|guess|4.0|
09:30|nine-thirty|Only Jacob, carrying in his hand Finlay's Byzantine Empire, which he had bought in Ludgate Hill, looked a little different; for in his hand he carried a book, which book he would at nine-thirty precisely, by his own fireside, open and study, as no one else of all these multitudes would do.|Jacob's Room|Virginia Woolf|guess|4.0|
09:30|half past nine|The warning-bell will ring at nine; the family take breakfast at half past nine.'|David Copperfield|Charles Dickens|am-cue|3.0|
09:30|9:30 A.M|I will call at the palace to-morrow at 9:30 A.M. as you desire.|Barchester Towers|Anthony Trollope|explicit|3.0|
09:30|half past nine|At nine, the next morning, I was ready for my visitor. At half past nine, I heard steps outside my door.|The Moonstone|Wilkie Collins|am-cue|3.0|
09:30|nine-thirty|At nine-thirty he pulled the edge of Anthony's blanket and spoke a few terse words - Anthony never remembered clearly what they were and rather suspected they were deprecative; then he served breakfast on a card-table in the front room, made the bed and, after asking with some hostility if there was anything else, withdrew.|The Beautiful and Damned|F. Scott Fitzgerald|am-cue|3.0|
09:30|Half after nine|"Half after nine, sir," repeats Mr. Snagsby. "Our law-writers, who live by job-work, are a queer lot; and this may not be his name, but it's the name he goes by.|Bleak House|Charles Dickens|guess|2.0|
09:30|nine-thirty|"We are only at the beginning of our friendship, Dorian," answered Lord Henry, shaking him by the hand. "Good-bye. I shall see you before nine-thirty, I hope.|The Picture of Dorian Gray|Oscar Wilde|guess|2.0|
09:30|nine-thirty|It might arouse suspicion if you did not stay out till the usual time. Be back by nine-thirty.|The Secret Adversary|Agatha Christie|guess|2.0|
09:40|twenty minutes to ten o'clock|Nevertheless, at twenty minutes to ten o'clock, Oak came out of his house, and|Far from the Madding Crowd|Thomas Hardy|am-cue|2.0|
09:45|a quarter to ten|At a quarter to ten, a valet entered; he composed, with a little groom named John, and who only spoke English, all Albert's establishment, although the cook of the hotel was always at his service, and on great occasions the count's chasseur also.|The Count of Monte Cristo|Alexandre Dumas|guess|4.0|
09:45|a quarter to ten|Morrel looked at his watch, which wanted a quarter to ten; but soon the same clock he had already heard strike two or three times rectified the error by striking half-past nine.|The Count of Monte Cristo|Alexandre Dumas|guess|4.0|
09:45|quarter to ten|I can distinctly remember that as we did so there came three chimes from a neighbouring clock. It was quarter to ten."|The Memoirs of Sherlock Holmes|Arthur Conan Doyle|guess|2.0|
09:45|a quarter to ten|At a quarter to ten McKelvey discovered with profound regret that his wife had a headache.|Babbitt|Sinclair Lewis|guess|2.0|
09:45|a quarter of ten|I've got a deputation from the Don't Make Prohibition a Joke Association coming to see me in a quarter of an hour, and one from the Anti-Birth-Control Union at a quarter of ten."|Babbitt|Sinclair Lewis|guess|2.0|
09:45|quarter to ten|"Get up, you fat-headed chunk!" roared Harris. "It's quarter to ten."|Three men in a boat (to say nothing of the dog)|Jerome K. Jerome|guess|2.0|
09:45|a quarter to ten|He left his friends at a quarter to ten and went up George's Street.|Dubliners|James Joyce|guess|2.0|
09:47|thirteen to ten|Well, sir, the Artillery gave a ball, and Quintin, of the King's 14th, said to me, 'Sedley,' said he, 'I bet you thirteen to ten that Sophy Cutler hooks either you or Mulligatawney before the rains.'|Vanity Fair|William Makepeace Thackeray|guess|4.5|
09:50|9:50|We had ascertained from the lady that she went down upon the Monday by the train which leaves Waterloo at 9:50, so I started early and caught the 9:13.|The Return of Sherlock Holmes|Arthur Conan Doyle|am-cue|5.0|
09:50|ten minutes before ten|As the envoy of the prefect of police arrived ten minutes before ten, he was told that Lord Wilmore, who was precision and punctuality personified, was not yet come in, but that he would be sure to return as the clock struck.|The Count of Monte Cristo|Alexandre Dumas|guess|4.0|
09:50|ten minutes to ten|I passed out on to the road and saw by the lighted dial of a clock that it was ten minutes to ten.|Dubliners|James Joyce|guess|2.0|
09:55|five minutes before ten|On reaching Casterbridge he left the horse and trap at an inn, and at five minutes before ten went to the bridge at the further end of the town, and sat himself upon the parapet.|Far from the Madding Crowd|Thomas Hardy|guess|4.0|
09:55|five minutes to ten|They were to call for her at her house in the Taurida Gardens at ten o'clock, but it was already five minutes to ten, and the girls were not yet dressed.|War and Peace|graf Leo Tolstoy|guess|4.0|
09:55|five minutes to ten|You, whom I expected last, you arrive at five minutes to ten, when the time fixed was half-past!|The Count of Monte Cristo|Alexandre Dumas|am-cue|3.0|
09:55|five minutes to ten|At five minutes to ten, when Constance had yawned, he threw a bomb among them on the hearthrug.|The Old Wives' Tale|Arnold Bennett|guess|2.0|
09:57|Three minutes to ten|"Three minutes to ten," he announced. "It was exactly ten o'clock when we parted here at the restaurant door."|The Four Million|O. Henry|guess|4.0|
09:59|one of ten|'I speak, if I may presume to say so, as one who has some little experience of such things,' said Traddles, 'being myself engaged to a young lady - one of ten, down in Devonshire - and seeing no probability, at present, of our engagement coming to a termination.'|David Copperfield|Charles Dickens|guess|4.5|
09:59|one of ten|'Mine, perhaps you recollect,' said Traddles, with a serious look, 'lives down in Devonshire - one of ten.|David Copperfield|Charles Dickens|am-cue|3.5|
09:59|one of ten|'She is a curate's daughter,' said Traddles; 'one of ten, down in Devonshire.|David Copperfield|Charles Dickens|guess|2.5|
10:00|ten o'clock in the morning|This was the sagacious woman's remedy for all complaints, particularly lowness of spirits, and inability to sleep; for which offences, many young victims in the days of the Brighton Castle had been committed to bed at ten o'clock in the morning.|Dombey and Son|Charles Dickens|morning|7.0|
10:00|ten o'clock in the morning|In Mrs. Yeobright's garden large-leaved plants of a tender kind flagged by ten o'clock in the morning; rhubarb bent downward at eleven; and even stiff cabbages were limp by noon.|The Return of the Native|Thomas Hardy|morning|7.0|
10:00|ten o'clock in the morning|No. I accept the shelter of a house which I had resolved never to degrade myself by entering again; and I sit, tippling spirits and water in the company of an old servant, at ten o'clock in the morning.|The Moonstone|Wilkie Collins|morning|7.0|
10:00|ten o'clock in the morning|At ten o'clock in the morning the Sieur de la Coste, ensign in the king's Guards, followed by two officers and several archers of that body, came to the city registrar, named Clement, and demanded of him all the keys of the rooms and offices of the hôtel.|The three musketeers|Alexandre Dumas|morning|7.0|
10:00|ten o'clock in the morning|Two days after, a considerable crowd was assembled, towards ten o'clock in the morning, around the door of M. de Villefort's house, and a long file of mourning-coaches and private carriages extended along the Faubourg Saint-Honoré and the Rue de la Pépinière.|The Count of Monte Cristo|Alexandre Dumas|morning|7.0|
10:00|ten o'clock in the morning|The day after Monte Cristo had called upon Danglars, the mysterious lodger entered at ten o'clock in the morning instead of four in the afternoon.|The Count of Monte Cristo|Alexandre Dumas|morning|7.0|
10:00|ten o'clock in the morning|By ten o'clock in the morning of the second of September, only the rear guard remained in the Dorogomílov suburb, where they had ample room.|War and Peace|graf Leo Tolstoy|morning|7.0|
10:00|ten o'clock in the morning|It happened at ten o'clock in the morning. On fine days the sun shone into the room at that hour, throwing a streak of light on the right wall and the corner near the door.|Crime and Punishment|Fyodor Dostoyevsky|morning|7.0|
10:00|ten o'clock in the morning|At ten o'clock in the morning of the day following the events I have described, the trial of Dmitri Karamazov began in our district court.|The Brothers Karamazov|Fyodor Dostoyevsky|morning|7.0|
10:00|ten o'clock in the morning|At ten o'clock in the morning, in a room which she shared with a school teacher, Fanny Elmer read Tom Jones - that mystic book.|Jacob's Room|Virginia Woolf|morning|7.0|
10:00|ten o'clock|On the morning, however, all was happily arranged, and towards ten o'clock - the time at which they had asked the priest to wait for them for the mass - the children in their new dresses, with beaming faces, stood on the step before the carriage waiting for their mother.|Anna Karenina|graf Leo Tolstoy|am-cue|5.5|
10:00|ten o'clock in the morning|We travelled very slowly all night, and did not get into Yarmouth before nine or ten o'clock in the morning.|David Copperfield|Charles Dickens|morning|5.0|
10:00|ten o'clock|Steerforth, very much amused at my having been put into forty-four, laughed again, and clapped me on the shoulder again, and invited me to breakfast with him next morning at ten o'clock - an invitation I was only too proud and happy to accept.|David Copperfield|Charles Dickens|am-cue|5.0|
10:00|ten o'clock|As Mr. Pickwick was further prompted to betake himself to Gray's Inn Square by an anxious desire to come to a pecuniary settlement with the kind-hearted little attorney without further delay, he made a hurried breakfast, and executed his intention so speedily, that ten o'clock had not struck when he reached Gray's Inn.|The Pickwick Papers|Charles Dickens|am-cue|5.0|
10:00|ten o'clock|I went to my work as usual at ten o'clock, but the door was shut and locked, with a little square of cardboard hammered on to the middle of the panel with a tack.|The Adventures of Sherlock Holmes|Arthur Conan Doyle|am-cue|5.0|
10:00|struck ten|Our clients were punctual to their appointment, for the clock had just struck ten when Dr. Mortimer was shown up, followed by the young baronet.|The Hound of the Baskervilles|Arthur Conan Doyle|am-cue|5.0|
10:00|ten o'clock|"Now, Clayton, tell me all about the fare who came and watched this house at ten o'clock this morning and afterwards followed the two gentlemen down Regent Street."|The Hound of the Baskervilles|Arthur Conan Doyle|am-cue|5.0|
10:00|ten o'clock|He left them shortly after ten o'clock, playing cards round the dining-room table, in excellent health and spirits.|His last bow|Arthur Conan Doyle|am-cue|5.0|
10:00|Ten o'clock|Ten o'clock the next morning found Mr. Marvel, unshaven, dirty, and travel-stained, sitting with the books beside him and his hands deep in his pockets, looking very weary, nervous, and uncomfortable, and inflating his cheeks at infrequent intervals, on the bench outside a little inn on the outskirts of Port Stowe.|The Invisible Man: A Grotesque Romance|H. G. Wells|am-cue|5.0|
10:00|ten o'clock|Before ten o'clock on Thursday morning the home at the Hall Farm was a house of mourning for a misfortune felt to be worse than death.|Adam Bede|George Eliot|am-cue|5.0|
10:00|ten o'clock|On the following morning, at ten o'clock, Lord Nidderdale sat at breakfast with his father in the old lord's house in Berkeley Square.|The Way We Live Now|Anthony Trollope|am-cue|5.0|
10:00|ten o'clock|The town was quite quiet when she woke up at ten o'clock, and partook of coffee, very requisite and comforting after the exhaustion and grief of the morning's occurrences.|Vanity Fair|William Makepeace Thackeray|am-cue|5.0|
10:00|ten o'clock in the morning|I have divided it into twenty-four hours, like the Italian clocks, because for me there is neither night nor day, sun nor moon, but only that factitious light that I take with me to the bottom of the sea. Look! just now, it is ten o'clock in the morning."|Twenty Thousand Leagues under the Sea|Jules Verne|morning|5.0|
10:00|ten o'clock in the morning|"I have performed that same distance in forty hours, and by ten o'clock in the morning I must be in London."|The three musketeers|Alexandre Dumas|morning|5.0|
10:00|ten o'clock in the morning|On Tuesday, the theatres open at ten o'clock in the morning, as Lent begins after eight at night.|The Count of Monte Cristo|Alexandre Dumas|morning|5.0|
10:00|ten o'clock|I went to your house, and they told me you were out, but that they expected you home at ten o'clock to breakfast.|The Count of Monte Cristo|Alexandre Dumas|am-cue|5.0|
10:00|ten o'clock in the morning|It is ten o'clock in the morning; everything is indicative of the day after a festival.|Notre-Dame de Paris|Victor Hugo|morning|5.0|
10:00|ten o'clock|From early morning strenuous activities and efforts had begun and by ten o'clock all had been brought into due order.|War and Peace|graf Leo Tolstoy|am-cue|5.0|
10:00|ten o'clock|A week had elapsed since the rendezvous of our two friends on the green bench in the park, when, one fine morning at about half-past ten o'clock, Varvara Ardalionovna, otherwise Mrs. Ptitsin, who had been out to visit a friend, returned home in a state of considerable mental depression.|The Idiot|Fyodor Dostoyevsky|am-cue|5.0|
10:00|ten o'clock|Vast as the show-grounds were, there were no vacant spaces in them outside of the lists, at ten o'clock on the morning of the 16th.|A Connecticut Yankee in King Arthur's Court|Mark Twain|am-cue|5.0|
10:00|ten o'clock|They all drank it merrily, and began the experiment by lounging for the rest of the day. Next morning, Meg did not appear till ten o'clock.|Little Women|Louisa May Alcott|am-cue|5.0|
10:00|ten o'clock|The morning of the next day towards ten o'clock he was on Kearney Street, still walking, still tramping the streets, since there was nothing else for him to do.|McTeague: A Story of San Francisco|Frank Norris|am-cue|5.0|
10:00|ten o'clock at night|From half-past five in the morning till ten o'clock at night I am everybody's slave, with not one moment to myself, except such as I can steal near the end of the second dog-watch.|The Sea-Wolf|Jack London|am-cue|5.0|
10:00|ten o'clock|He was generally in bed when Philip arrived at ten o'clock, and he jumped out, put on a filthy dressing-gown and felt slippers, and, while he gave instruction, ate his simple breakfast.|Of Human Bondage|W. Somerset Maugham|am-cue|5.0|
10:00|ten o'clock|As he said this, he made some memorandum in his pocket-book in which Mr Mantalini's name figured conspicuously, and finding by his watch that it was between nine and ten o'clock, made all speed home.|Nicholas Nickleby|Charles Dickens|guess|4.5|
10:00|ten o clock|It seemed to us to be a postscript at the end of the letter and it said: 'Please, please, as you are a gentleman, burn this letter, and be at the gate by ten o clock.|The Hound of the Baskervilles|Arthur Conan Doyle|guess|4.5|
10:00|ten o clock|It seemed to us to be a postscript at the end of the letter, and it said: 'Please, please, as you are a gentleman, burn this letter, and be at the gate by ten o clock.|The Hound of the Baskervilles|Arthur Conan Doyle|guess|4.5|
10:00|ten o'clock|"I beg your excellency's pardon for keeping you waiting," said the man, in the Roman dialect, "but I don't think I'm many minutes after my time, ten o'clock has just struck by the clock of Saint John Lateran."|The Count of Monte Cristo|Alexandre Dumas|guess|4.5|
10:00|ten o'clock|"The money you desire shall be at your house by ten o'clock tomorrow morning, my dear count," replied Danglars.|The Count of Monte Cristo|Alexandre Dumas|guess|4.5|
10:00|ten o'clock|He looked so used up, that the agent asked him what had happened to him since ten o'clock the night before; whereat Cutter began to swear at him and said he would have him discharged for incivility.|My Ántonia|Willa Cather|guess|4.5|
10:00|ten o'clock|At ten o'clock Soames left; twice in reply to questions, he had said that Irene was not well; he felt he could no longer trust himself.|The Forsyte saga, Volume 1|John Galsworthy|guess|4.5|
10:00|ten o'clock|At ten o'clock, she trusted, or at least not much later her mother would be relieved from the dreadful suspense in which she must now be travelling towards them.|Sense and Sensibility|Jane Austen|guess|4.0|
10:00|struck ten|The clock struck ten while the trunks were carrying down, and the General had fixed to be out of Milsom Street by that hour.|Northanger Abbey|Jane Austen|guess|4.0|
10:00|ten o'clock|By ten o'clock, the chaise and four conveyed the trio from the abbey; and, after an agreeable drive of almost twenty miles, they entered Woodston, a large and populous village, in a situation not unpleasant.|Northanger Abbey|Jane Austen|guess|4.0|
10:00|ten o'clock|Accordingly, when Mr. Lorry called that night as late as ten o'clock, Mr. Stryver, among a quantity of books and papers littered out for the purpose, seemed to have nothing less on his mind than the subject of the morning.|A Tale of Two Cities|Charles Dickens|guess|4.0|
10:00|ten o'clock|For such reasons, I was very glad when ten o'clock came and we started for Miss Havisham's; though I was not at all at my ease regarding the manner in which I should acquit myself under that lady's roof.|Great Expectations|Charles Dickens|guess|4.0|
10:00|ten o'clock|It was between nine and ten o'clock when, strolling in a melancholy manner through the town, I stopped at Mr. Omer's door.|David Copperfield|Charles Dickens|guess|4.0|
10:00|ten o'clock|I came softly away from my place of observation, and avoiding that part of the neighbourhood, and wishing I had not gone near it, strolled about until it was ten o'clock.|David Copperfield|Charles Dickens|guess|4.0|
10:00|struck ten|Many of the shops were already closing in the back lanes and avenues through which she tracked her way, in making from Spitalfields towards the West-End of London. The clock struck ten, increasing her impatience.|Oliver Twist|Charles Dickens|guess|4.0|
10:00|ten o'clock|One of these was a mere boy of nineteen or twenty, who, though it was yet barely ten o'clock, was drinking gin-and-water, and smoking a cigar- -amusements to which, judging from his inflamed countenance, he had devoted himself pretty constantly for the last year or two of his life.|The Pickwick Papers|Charles Dickens|guess|4.0|
10:00|struck ten|The steps were very white, and the bricks were very red, and the house was very clean; and here stood Mr. Pickwick, Mr. Benjamin Allen, and Mr. Bob Sawyer, as the clock struck ten.|The Pickwick Papers|Charles Dickens|guess|4.0|
10:00|struck ten|The clock struck ten, and clerks poured in faster than ever, each one in a greater perspiration than his predecessor.|The Pickwick Papers|Charles Dickens|guess|4.0|
10:00|struck ten|This was not more satisfactory than his previous course of reflection, and only drove him out upon a new sea of speculation and conjecture, where he tossed and tumbled, in great discomfort of mind, until the clock struck ten, and the hour of meeting drew nigh.|Nicholas Nickleby|Charles Dickens|guess|4.0|
10:00|ten o'clock|Tak' these things awa', and let's have soomat broiled for sooper - vary comfortable and plenty o' it - at ten o'clock.|Nicholas Nickleby|Charles Dickens|guess|4.0|
10:00|striking ten|On the clock's striking ten, and Miss Abbey's appearing at the door, and addressing a certain person in a faded scarlet jacket, with 'George Jones, your time's up!|Our Mutual Friend|Charles Dickens|guess|4.0|
10:00|struck ten|Mr Venus produced it, and it was perfectly correct; Mr Venus undertook to produce it again in the morning, and to keep tryst with Mr Wegg on Boffin's doorstep as the clock struck ten.|Our Mutual Friend|Charles Dickens|guess|4.0|
10:00|ten o'clock|Holmes had shaken off his temporary ill-humour, and his characteristic talk, with its keen observance of detail and subtle power of inference held me amused and enthralled. It was ten o'clock before we reached Baker Street again.|The Memoirs of Sherlock Holmes|Arthur Conan Doyle|guess|4.0|
10:00|ten o'clock|At ten o'clock I went round and saw that all the fellows had gone to roost, for I believe in strict training and plenty of sleep to keep a team fit.|The Return of Sherlock Holmes|Arthur Conan Doyle|guess|4.0|
10:00|ten o'clock|The valet was out for the evening, visiting a friend at Hammersmith. From ten o'clock onward Mr. Lucas had the house to himself.|The Return of Sherlock Holmes|Arthur Conan Doyle|guess|4.0|
10:00|ten o'clock|By ten o'clock the police organisation, and by midday even the railway organisations, were losing coherency, losing shape and efficiency, guttering, softening, running at last in that swift liquefaction of the social body.|The war of the worlds|H. G. Wells|guess|4.0|
10:00|ten o'clock|Shortly before ten o'clock the stillness of the air grew quite oppressive, and the silence was so marked that the bleating of a sheep inland or the barking of a dog in the town was distinctly heard, and the band on the pier, with its lively French air, was like a discord in the great harmony of nature's silence.|Dracula|Bram Stoker|guess|4.0|
10:00|ten o'clock|I cursed the laziness of the servants that they should lie abed at such an hour - for it was now ten o'clock - and so rang and knocked again, but more impatiently, but still without response.|Dracula|Bram Stoker|guess|4.0|
10:00|ten o'clock|Last night, at a little before ten o'clock, Arthur and Quincey came into Van Helsing's room; he told us all that he wanted us to do, but especially addressing himself to Arthur, as if all our wills were centred in his.|Dracula|Bram Stoker|guess|4.0|
10:00|struck ten|More restless than ever, when I had completed these arrangements I could not sit still, nor even remain in the house: a little time-piece in the room and the old clock in the hall simultaneously struck ten.|Jane Eyre: An Autobiography|Charlotte Brontë|guess|4.0|
10:00|struck ten|One, to be sure, had hair a shade darker than the other, and there was a difference in their style of wearing it; Mary's pale brown locks were parted and braided smooth: Diana's duskier tresses covered her neck with thick curls. The clock struck ten.|Jane Eyre: An Autobiography|Charlotte Brontë|guess|4.0|
10:00|struck ten|It was then past nine by the clock, which was always in advance of the days, and before it had struck ten the latch was lifted and Seth entered.|Adam Bede|George Eliot|guess|4.0|
10:00|striking ten|An indescribable succession of dull blows, perplexing in their regularity, sent their sound with difficulty through the fluffy atmosphere. It was a neighbouring clock striking ten.|Far from the Madding Crowd|Thomas Hardy|guess|4.0|
10:00|ten o'clock|It was ten o'clock at least, when, walking deliberately through the lower part of Weatherbury, he heard the carrier's spring-van entering the village.|Far from the Madding Crowd|Thomas Hardy|guess|4.0|
10:00|ten o'clock|Troy heard the dull determination in Boldwood's voice, looked at his stalwart frame, then at the thick cudgel he carried in his hand. He remembered it was past ten o'clock.|Far from the Madding Crowd|Thomas Hardy|guess|4.0|
10:00|ten o'clock|It was ten o'clock when he woke up, and the ruddy-headed youth brought him, with conscious pride, a fine silver dressing-case, wherewith he might perform the operation of shaving.|Vanity Fair|William Makepeace Thackeray|guess|4.0|
10:00|ten o'clock|At ten o'clock I was conducted to Mr. Fairlie's apartments. He was in his usual room, his usual chair, and his usual aggravating state of mind and body.|The Woman in White|Wilkie Collins|guess|4.0|
10:00|ten o'clock|My first conviction as soon as I found myself outside the house, was that no alternative was left me but to act at once on the information I had received - to make sure of the Count that night, or to risk the loss, if I only delayed till the morning, of Laura's last chance. I looked at my watch - it was ten o'clock.|The Woman in White|Wilkie Collins|guess|4.0|
10:00|ten o'clock|It was then not ten o'clock. Inquiries which I had made, at various times, of Betteredge and Mr. Blake, had led me to the conclusion that the dose of laudanum given by Mr. Candy could not possibly have been administered before eleven.|The Moonstone|Wilkie Collins|guess|4.0|
10:00|ten o'clock|As ten o'clock was striking, D'Artagnan left M. de Tréville, who thanked him for his information, recommended him to have the service of the king and queen always at heart, and returned to the saloon; but at the foot of the stairs, D'Artagnan remembered he had forgotten his cane.|The three musketeers|Alexandre Dumas|guess|4.0|
10:00|ten o'clock|At ten o'clock, the king's collation, consisting of preserves and other delicacies, was prepared in the little room on the side of the church of St. Jean, in front of the silver buffet of the city, which was guarded by four archers.|The three musketeers|Alexandre Dumas|guess|4.0|
10:00|ten o'clock|He drew near to the window, and placing himself so that a ray of light should fall upon the letter as he held it, he drew it from his pocket and read it again; but he had not been mistaken, the appointment was for ten o'clock.|The three musketeers|Alexandre Dumas|guess|4.0|
10:00|ten o'clock|It was agreed that Milady should wait for Felton till ten o'clock; if he did not return by ten o'clock she was to sail.|The three musketeers|Alexandre Dumas|guess|4.0|
10:00|ten o'clock|He knew, that I should arrive today at ten o'clock; he was waiting for me at nine at the Barrière de Fontainebleau.|The Count of Monte Cristo|Alexandre Dumas|guess|4.0|
10:00|ten o'clock|The stranger had written to Lord Wilmore, requesting an interview, which the latter had fixed for ten o'clock.|The Count of Monte Cristo|Alexandre Dumas|guess|4.0|
10:00|ten o'clock|"Well, I will go and take a turn in the Champs-Élysées, and at ten o'clock I will return here; meanwhile, if the count should come in, will you beg him not to go out again without seeing me?"|The Count of Monte Cristo|Alexandre Dumas|guess|4.0|
10:00|ten o'clock|The Guards, just arrived from Russia, spent the night ten miles from Olmütz and next morning were to come straight to the review, reaching the field at Olmütz by ten o'clock.|War and Peace|graf Leo Tolstoy|guess|4.0|
10:00|ten o'clock|Toward ten o'clock the men servants rushed to the front door, hearing the bells of the old prince's carriage approaching.|War and Peace|graf Leo Tolstoy|guess|4.0|
10:00|ten o'clock|By ten o'clock some twenty men had already been carried away from the battery; two guns were smashed and cannon balls fell more and more frequently on the battery and spent bullets buzzed and whistled around.|War and Peace|graf Leo Tolstoy|guess|4.0|
10:00|ten o'clock|At ten o'clock the infantry that had been among the bushes in front of the battery and along the Kámenka streamlet retreated.|War and Peace|graf Leo Tolstoy|guess|4.0|
10:00|ten o'clock|At ten o'clock that evening the Rostóv family and the wounded traveling with them were all distributed in the yards and huts of that large village.|War and Peace|graf Leo Tolstoy|guess|4.0|
10:00|ten o'clock|After drinking tea at the same well-to-do peasant's with whom Levin had stayed on the way to Sviazhsky's, and chatting with the women about their children, and with the old man about Count Vronsky, whom the latter praised very highly, Darya Alexandrovna, at ten o'clock, went on again.|Anna Karenina|graf Leo Tolstoy|guess|4.0|
10:00|ten o'clock|"I'll see this minute," answered the porter, and glancing into his room, he took out and gave her the thin square envelope of a telegram. "I can't come before ten o'clock. - Vronsky," she read.|Anna Karenina|graf Leo Tolstoy|guess|4.0|
10:00|ten o'clock|After his conversation with Alyosha, at the cross-roads, he hardly slept all night, and at ten o'clock next morning, he was at the house of Samsonov and telling the servant to announce him.|The Brothers Karamazov|Fyodor Dostoyevsky|guess|4.0|
10:00|struck ten|At this moment the clock uttered its usual hissing sound, and struck ten, while a woman's face peered in at the door, but at once withdrew, for the reason that, with the object of sleeping as well as possible, Chichikov had removed every stitch of his clothing.|Dead Souls|Nikolai Vasilevich Gogol|guess|4.0|
10:00|ten o'clock|After ten o'clock he carefully dressed, often in evening dress, very rarely in his kammer-junker's uniform, and went out, returning in the morning.|The Lady with the Dog and Other Stories|Anton Pavlovich Chekhov|guess|4.0|
10:00|ten o'clock|Until ten o'clock he tramped forward, then camped again in the shade of one of the rare rock ledges, and "lay up" during the heat of the day.|McTeague: A Story of San Francisco|Frank Norris|guess|4.0|
10:00|ten o'clock|It was not late - barely ten o'clock - and there might still be a note from Selden, or a message - or he might be there himself, on the other side of the door!|The House of Mirth|Edith Wharton|guess|4.0|
10:00|Ten o'clock|Ten o'clock found them penniless. They had suppered greatly on their last eleven cents and, singing, strolled up through the casinos and lighted arches on the boardwalk, stopping to listen approvingly to all band concerts.|This Side of Paradise|F. Scott Fitzgerald|guess|4.0|
10:00|ten o'clock|It was ten o'clock. The Sunday Times, scattered about his feet, proclaimed by rotogravure and editorial, by social revelation and sporting sheet, that the world had been tremendously engrossed during the past week in the business of moving toward some splendid if somewhat indeterminate goal.|The Beautiful and Damned|F. Scott Fitzgerald|guess|4.0|
10:00|ten o'clock|It was ten o'clock before sounds above indicated that the first interview between trustee and beneficiary was finished.|The Old Wives' Tale|Arnold Bennett|guess|4.0|
10:00|ten o'clock|Not a second before ten o'clock came the Jameses - Emily, Rachel, Winifred (Dartie had been left behind, having on a former occasion drunk too much of Roger's champagne), and Cicely, the youngest, making her debut; behind them, following in a hansom from the paternal mansion where they had dined, Soames and Irene.|The Forsyte saga, Volume 1|John Galsworthy|guess|4.0|
10:00|ten o'clock|At ten o'clock - an unusually late hour in those days - the grand rooms of the Foreign Office, exquisitely decorated with exotic palms and flowers, were filled to overflowing.|The Scarlet Pimpernel|Baroness Emmuska Orczy Orczy|guess|4.0|
10:00|ten o'clock|He had been bound by an honourable promise not to open any such letters if they did arrive, but to repair to the National Gallery, where his colleague would meet him at ten o'clock.|The Secret Adversary|Agatha Christie|guess|4.0|
10:00|ten o'clock|This decision, on the day he intended to go to see the lawyer, took a lot of the strength he needed for his work, he worked exceptionally slowly, he had to remain in his office a long time, and it was already past ten o'clock when he finally stood in front of the lawyer's front door.|The Trial|Franz Kafka|guess|4.0|
10:00|struck ten|K. had arrived on time, it had struck ten just as he was entering the building, but the Italian still was not there.|The Trial|Franz Kafka|guess|4.0|
10:00|ten o'clock|"So be it, then," replied the count, and extending his hand towards a calendar, suspended near the chimney-piece, he said, "today is the 21st of February;" and drawing out his watch, added, "it is exactly half-past ten o'clock.|The Count of Monte Cristo|Alexandre Dumas|am-cue|3.5|
10:00|Ten o'clock|Ten o'clock found Gloria and Anthony beginning a dance. Just as they were out of ear-shot of the table she said in a low voice:|The Beautiful and Damned|F. Scott Fitzgerald|guess|3.5|
10:00|ten o'clock|By ten o'clock the whole party was assembled at the park, where they were to breakfast.|Sense and Sensibility|Jane Austen|am-cue|3.0|
10:00|ten o'clock|It was almost ten o'clock before we heard the sound of wheels.|David Copperfield|Charles Dickens|am-cue|3.0|
10:00|ten o'clock|It was but a few minutes after ten o'clock, when her carriage rolled along the street in which she lived.|Dombey and Son|Charles Dickens|am-cue|3.0|
10:00|ten o'clock|"It was ten o'clock. And now he is dead, and the police will be called in, and I shall be suspected of having had a hand in it.|The Sign of the Four|Arthur Conan Doyle|am-cue|3.0|
10:00|ten o'clock|It was at ten o'clock today that the first of all Time Machines began its career.|The Time Machine|H. G. Wells|am-cue|3.0|
10:00|ten o'clock|We shall not go so early that the policemen who have then little to think of, shall deem it strange; but we shall go after ten o'clock, when there are many about, and such things would be done were we indeed owners of the house."|Dracula|Bram Stoker|am-cue|3.0|
10:00|ten o'clock|A person who has not done one-half his day's work by ten o'clock, runs a chance of leaving the other half undone."|Wuthering Heights|Emily Brontë|am-cue|3.0|
10:00|ten o'clock|"Will you show your readiness to make sacrifices to-morrow morning, first by asking me to breakfast, to meet Mr. Bell, and secondly, by being so kind as to order it at half-past nine, instead of at ten o'clock?|North and South|Elizabeth Cleghorn Gaskell|am-cue|3.0|
10:00|Ten o'clock|Ten o'clock. She is dressed. We have kissed each other - we have promised each other not to lose courage.|The Woman in White|Wilkie Collins|am-cue|3.0|
10:00|ten o'clock|"No, I think not, for he ordered his breakfast at ten o'clock."|The Count of Monte Cristo|Alexandre Dumas|am-cue|3.0|
10:00|ten o'clock|I was walking about in order to pass away the time till ten o'clock, when I caught sight of your carriage and horses."|The Count of Monte Cristo|Alexandre Dumas|am-cue|3.0|
10:00|ten o'clock|"At ten o'clock then, if you please; I should like it early, as I am going into the country tomorrow."|The Count of Monte Cristo|Alexandre Dumas|am-cue|3.0|
10:00|ten o'clock|Next morning, after the fatigues of their journey, the travelers slept till ten o'clock.|War and Peace|graf Leo Tolstoy|am-cue|3.0|
10:00|ten o'clock|I lay down this morning at ten o'clock with the intention of not rising again before that time; but I thought it over and rose just once more in order to come here; from which you may deduce that I had some reason for wishing to come."|The Idiot|Fyodor Dostoyevsky|am-cue|3.0|
10:00|Ten o'clock|"Ten o'clock, sir," said the man at the tavern, whom he had charged to wake him - "ten o'clock, sir."|A Tale of Two Cities|Charles Dickens|guess|2.5|
10:00|ten o'clock|'With great pleasure,' said the little doctor; 'will ten o'clock be too late to look in for half an hour?'|The Pickwick Papers|Charles Dickens|guess|2.5|
10:00|strike ten|'You pause,' said Nicholas; 'you recollect to have heard a clock strike ten in your infancy.|Nicholas Nickleby|Charles Dickens|guess|2.5|
10:00|Ten o'clock|"Ten o'clock!" he cried. "Six hours. We'll do them yet," and he sprang to his feet.|Treasure Island|Robert Louis Stevenson|guess|2.5|
10:00|struck ten|"I reckon it's time for me to be going, sir," said Higgins, as the clock struck ten.|North and South|Elizabeth Cleghorn Gaskell|guess|2.5|
10:00|ten o'clock|At ten o'clock he found his mother and Hetta in Welbeck Street - "What; Felix?" exclaimed Lady Carbury.|The Way We Live Now|Anthony Trollope|guess|2.5|
10:00|ten o'clock|"Here we are," said Monte Cristo; "it is only half-past ten o'clock, come in."|The Count of Monte Cristo|Alexandre Dumas|guess|2.5|
10:00|ten o'clock|"It's too late," he said coldly; "it's ten o'clock, and I have to be in camp at eleven."|The Beautiful and Damned|F. Scott Fitzgerald|guess|2.5|
10:00|ten o'clock|Anne was considering whether she should venture to suggest that a gown, or a cap, would not be liable to any such misuse, when a knock at the door suspended everything. "A knock at the door! and so late! It was ten o'clock.|Persuasion|Jane Austen|guess|2.0|
10:00|ten o'clock|It was ten o'clock when I went out. Many of the shops were shut, and the town was dull.|David Copperfield|Charles Dickens|guess|2.0|
10:00|ten o'clock|"I would rather he was alone with me at the time. Come up to me tomorrow morning at ten o'clock, my dear."|Oliver Twist|Charles Dickens|guess|2.0|
10:00|ten o'clock|Half-past ten o'clock arrived, and it was time for Mr. Pickwick to issue forth on his delicate errand.|The Pickwick Papers|Charles Dickens|guess|2.0|
10:00|ten o'clock|Mr Swiveller and his partner played several rubbers with varying success, until the loss of three sixpences, the gradual sinking of the purl, and the striking of ten o'clock, combined to render that gentleman mindful of the flight of Time, and the expediency of withdrawing before Mr Sampson and Miss Sally Brass returned.|The Old Curiosity Shop|Charles Dickens|guess|2.0|
10:00|ten o'clock|"Very serious, indeed - the one thing upon earth which could have disarranged my plans. He can't be very long, now. It is already ten o'clock.|The Hound of the Baskervilles|Arthur Conan Doyle|guess|2.0|
10:00|ten o'clock|Now that Hetty had done her duty and danced one dance with the young squire, Mr. Poyser must go out and see if the cart was come back to fetch them, for it was half-past ten o'clock, and notwithstanding a mild suggestion on his part that it would be bad manners for them to be the first to go, Mrs. Poyser was resolute on the point, "manners or no manners."|Adam Bede|George Eliot|guess|2.0|
10:00|ten o'clock|"It is past ten o'clock, and you have no right to surprise me here at such a time."|The Mayor of Casterbridge|Thomas Hardy|guess|2.0|
10:00|ten o'clock|She was not sorry when, at ten o'clock, the servants filed in to prayers.|North and South|Elizabeth Cleghorn Gaskell|guess|2.0|
10:00|ten o'clock|The large house on the south side of Grosvenor Square was all ablaze by ten o'clock.|The Way We Live Now|Anthony Trollope|guess|2.0|
10:00|ten o'clock|Nobody came near us, and nothing happened. We remained together till ten o'clock.|The Woman in White|Wilkie Collins|guess|2.0|
10:00|ten o'clock|It was between nine and ten o'clock before I reached Fulham, and found my way to Gower's Walk.|The Woman in White|Wilkie Collins|guess|2.0|
10:00|Ten o'clock|Ten o'clock. - The witnesses, or the company (which shall I call them?) reached the house an hour since.|The Moonstone|Wilkie Collins|guess|2.0|
10:00|ten o'clock|It was close on ten o'clock, and the boy had not made his appearance.|The Moonstone|Wilkie Collins|guess|2.0|
10:00|ten o'clock|After a drive of two hours through the country, Aouda and Mr. Fogg returned to the town, which is a vast collection of heavy-looking, irregular houses, surrounded by charming gardens rich in tropical fruits and plants; and at ten o'clock they re-embarked, closely followed by the detective, who had kept them constantly in sight.|Around the World in Eighty Days|Jules Verne|guess|2.0|
10:00|ten o'clock|In two bounds he was at the Louvre; as he entered the wicket of L'Echelle, ten o'clock struck.|The three musketeers|Alexandre Dumas|guess|2.0|
10:00|ten o'clock|At ten o'clock Milady began to appear restless. D'Artagnan knew what she wanted.|The three musketeers|Alexandre Dumas|guess|2.0|
10:00|ten o'clock|At ten o'clock Felton came and placed the sentinel. Milady recognized his step.|The three musketeers|Alexandre Dumas|guess|2.0|
10:00|struck ten|Amidst all these alternations of hope and fear, the clock struck ten.|The Count of Monte Cristo|Alexandre Dumas|guess|2.0|
10:00|ten o'clock|"Very well, at ten o'clock; you are still at the Hôtel des Princes?"|The Count of Monte Cristo|Alexandre Dumas|guess|2.0|
10:00|Ten o'clock|As yet, nothing had come. Ten o'clock had sounded from Saint-Merry.|Les Misérables|Victor Hugo|guess|2.0|
10:00|ten o'clock|At ten o'clock the old prince, Sergey Ivanovitch, and Stepan Arkadyevitch were sitting at Levin's.|Anna Karenina|graf Leo Tolstoy|guess|2.0|
10:00|ten o'clock|At ten o'clock the three judges arrived - the President, one honorary justice of the peace, and one other.|The Brothers Karamazov|Fyodor Dostoyevsky|guess|2.0|
10:00|ten o'clock|'What is it?' he says. 'The execution is fixed for ten o'clock.'|The Idiot|Fyodor Dostoyevsky|guess|2.0|
10:00|ten o'clock|An hour later he was in St. Petersburg, and by ten o'clock he had rung the bell at Rogojin's.|The Idiot|Fyodor Dostoyevsky|guess|2.0|
10:00|ten o'clock|Monsieur Ratignolle was the first to break the pleasant charm. At ten o'clock he excused himself.|The Awakening, and Selected Short Stories|Kate Chopin|guess|2.0|
10:00|ten o'clock|Nothing he saw in the papers he studied - till ten o'clock - appealed to him.|Sister Carrie: A Novel|Theodore Dreiser|guess|2.0|
10:00|ten o'clock|"It was exactly ten o'clock when we parted here at the restaurant door."|The Four Million|O. Henry|guess|2.0|
10:00|ten o'clock|At ten o'clock Wilson was displaced by Carling, class of '15.|This Side of Paradise|F. Scott Fitzgerald|guess|2.0|
10:00|struck ten|There was a church behind them, of course. The church clock struck ten.|Jacob's Room|Virginia Woolf|guess|2.0|
10:00|struck ten|Inside, the clock struck ten with a rich and confident note.|Howards End|E. M. Forster|guess|2.0|
10:00|ten o'clock|At ten o'clock nurse came. She looked strange and woebegone.|Sons and Lovers|D. H. Lawrence|guess|2.0|
10:00|ten o'clock|And at ten o'clock of the next morning there she would come out the door of her room as fresh as Venus rising from any of the couches that are mentioned in Greek legends.|The Good Soldier|Ford Madox Ford|guess|2.0|
10:00|ten o'clock|Perhaps, then, she could resign herself to waiting patiently for ten o'clock.|The Secret Adversary|Agatha Christie|guess|2.0|
10:00|ten o'clock|At ten o'clock, the two young men were at the appointed spot.|The Secret Adversary|Agatha Christie|guess|2.0|
10:00|ten o'clock|The first thing he saw in the small room was a large clock on the wall which already showed ten o'clock.|The Trial|Franz Kafka|guess|2.0|
10:05|five minutes past ten|They were very happy, very absorbed, in this strictly business matter. The clock showed five minutes past ten.|The Old Wives' Tale|Arnold Bennett|am-cue|5.0|
10:15|a quarter after ten|He drove to the office, tried to dictate letters, tried to telephone and, before the call was answered, forgot to whom he was telephoning. At a quarter after ten he returned home.|Babbitt|Sinclair Lewis|guess|4.0|
10:15|a quarter past ten|At a quarter past ten they at last got into their carriages and started.|War and Peace|graf Leo Tolstoy|guess|2.0|
10:17|10.17|There were hundreds of entries, and so far as I could see 10.17 might cover fifty places.|The Thirty-Nine Steps|John Buchan|guess|2.0|
10:17|10.17|It must be some place which a particular staircase identified, and where the tide was full at 10.17.|The Thirty-Nine Steps|John Buchan|guess|2.0|
10:18|10:18|I have this moment, whilst writing, had a wire from Jonathan, saying that he leaves by the 6:25 to-night from Launceston and will be here at 10:18, so that I shall have no fear to-night.|Dracula|Bram Stoker|guess|4.0|
10:30|half past ten|They had solemn rubbers of whist, when they went upstairs after drinking, and their carriages were called at half past ten.|Vanity Fair|William Makepeace Thackeray|guess|4.0|
10:30|half past ten|At ten o'clock the vessel cast anchor in the harbor of Dover, and at half past ten D'Artagnan placed his foot on English land, crying, "Here I am at last!"|The three musketeers|Alexandre Dumas|guess|4.0|
10:30|half past ten|Debray will, perhaps, be obliged to go to the minister - and besides" (Albert looked at his tablets), "it is the hour I told the count, 21st May, at half past ten; and though I do not much rely upon his promise, I wish to be punctual.|The Count of Monte Cristo|Alexandre Dumas|guess|4.0|
10:30|10:30|They gave notice that the abbot and his official suite would move in state and occupy the platform at 10:30, up to which time all the region which was under my ban must be clear; the bells would then cease from tolling, and this sign should be permission to the multitudes to close in and take their places.|A Connecticut Yankee in King Arthur's Court|Mark Twain|guess|4.0|
10:30|10.30|Yes, I'd got my eye on him, and that's why I wanted to speak to him before he saw his wife, but their statements dovetail all right, and I've been to the station and there's no doubt whatever that he left by the 6.15. That gets up to London about 10.30.|Poirot Investigates|Agatha Christie|guess|4.0|
10:30|half after ten|"I told him it was probable I might call upon him between ten and eleven this forenoon, and it's now half after ten.|Bleak House|Charles Dickens|am-cue|3.0|
10:30|10:30|My idea was, doors open at 10:30, performance to begin at 11:25 sharp.|A Connecticut Yankee in King Arthur's Court|Mark Twain|am-cue|3.0|
10:30|ten thirty|"Strand postmark, and dispatched ten thirty-six," said Holmes, reading it over and over.|The Return of Sherlock Holmes|Arthur Conan Doyle|guess|2.5|
10:30|ten-thirty|Milverton is a heavy sleeper, and retires punctually at ten-thirty.|The Return of Sherlock Holmes|Arthur Conan Doyle|guess|2.0|
10:30|half past ten|"Very well, at half past ten. Debray will, perhaps, be obliged to go to the minister - and besides" (Albert looked at his tablets), "it is the hour I told the count, 21st May, at half past ten; and though I do not much rely upon his promise, I wish to be punctual.|The Count of Monte Cristo|Alexandre Dumas|guess|2.0|
10:30|ten-thirty|At ten-thirty she telephoned to him not to forget the ice cream from Vecchia's.|Babbitt|Sinclair Lewis|guess|2.0|
10:30|ten-thirty|In Gopher Prairie it is not good form to be holy except at a church, between ten-thirty and twelve on Sunday.|Main Street|Sinclair Lewis|guess|2.0|
10:30|ten-thirty|At ten-thirty Tuppence surveyed with pride a slightly battered tin trunk containing her new possessions.|The Secret Adversary|Agatha Christie|guess|2.0|
10:38|twenty-two minutes before eleven|'It'll be done to a turn,' said the landlord looking up to the clock - and the very clock had a colour in its fat white face, and looked a clock for jolly Sandboys to consult - 'it'll be done to a turn at twenty-two minutes before eleven.'|The Old Curiosity Shop|Charles Dickens|guess|4.5|
10:45|a quarter to eleven|Philip was surprised when it was a quarter to eleven and they were let out for ten minutes' rest.|Of Human Bondage|W. Somerset Maugham|guess|2.0|
10:45|10.45|Carriages will meet at 'The Bower,' Bayswater Road, at 10.45.|The Forsyte saga, Volume 1|John Galsworthy|guess|2.0|
10:45|a quarter to eleven|He was not home again until a quarter to eleven. His mother was seated in the rocking-chair.|Sons and Lovers|D. H. Lawrence|guess|2.0|
10:50|Ten to eleven|Ten to eleven, English; eleven to twelve, French; twelve to one, physics.|A Portrait of the Artist as a Young Man|James Joyce|guess|2.0|
10:55|five minutes to eleven|At five minutes to eleven he sauntered up to Marie's booth, and the French boys dispersed to find their girls.|O Pioneers!|Willa Cather|guess|4.0|
10:59|one of eleven|Pooh! - Miss Flint - one of eleven children of a small squire in Buckinghamshire.|Vanity Fair|William Makepeace Thackeray|guess|2.0|
11:00|eleven o'clock in the morning|Three days after my return with Laura and Marian to London, I set forth alone for Forest Road, St. John's Wood, between ten and eleven o'clock in the morning.|The Woman in White|Wilkie Collins|morning|7.0|
11:00|eleven o'clock in the morning|It was scarcely eleven o'clock in the morning, and yet this morning had already brought him into disgrace with M. de Tréville, who could not fail to think the manner in which D'Artagnan had left him a little cavalier.|The three musketeers|Alexandre Dumas|morning|7.0|
11:00|eleven o'clock in the morning|Next day at eleven o'clock in the morning Vronsky drove to the station of the Petersburg railway to meet his mother, and the first person he came across on the great flight of steps was Oblonsky, who was expecting his sister by the same train.|Anna Karenina|graf Leo Tolstoy|morning|7.0|
11:00|eleven o'clock in the morning|As a rule at eleven o'clock in the morning the electric bell rang in my footman's quarters to let me know that my master was awake.|The Lady with the Dog and Other Stories|Anton Pavlovich Chekhov|morning|7.0|
11:00|eleven o'clock|"Go, please, go then and call on the Bols," Kitty said to her husband, when he came in to see her at eleven o'clock before going out.|Anna Karenina|graf Leo Tolstoy|am-cue|5.5|
11:00|eleven o'clock|So the anxious heart-stricken Adam must of necessity wait and try to rest till morning - nay, till eleven o'clock, when the coach started.|Adam Bede|George Eliot|am-cue|5.0|
11:00|eleven o'clock|At eleven o'clock, if that hour was convenient, he would do himself the honour of waiting on Miss Fairlie and Miss Halcombe.|The Woman in White|Wilkie Collins|am-cue|5.0|
11:00|Eleven o'clock|Eleven o'clock has just struck, in a ghostly and solemn manner, from a turret over the centre of the house, which I saw when I came in.|The Woman in White|Wilkie Collins|am-cue|5.0|
11:00|eleven o'clock|The next morning one of the men-servants was sent to London at eleven o'clock, with a letter to a physician in town, and with orders to bring the new doctor back with him by the earliest possible train.|The Woman in White|Wilkie Collins|am-cue|5.0|
11:00|eleven o'clock|The steamer "Mongolia," belonging to the Peninsular and Oriental Company, built of iron, of two thousand eight hundred tons burden, and five hundred horse-power, was due at eleven o'clock a.m. on Wednesday, the 9th of October, at Suez.|Around the World in Eighty Days|Jules Verne|am-cue|5.0|
11:00|eleven o'clock|At last, at eleven o'clock, able to bear it no longer, Charles harnessed his chaise, jumped in, whipped up his horse, and reached the "Croix-Rouge" about two o'clock in the morning.|Madame Bovary|Gustave Flaubert|am-cue|5.0|
11:00|eleven o'clock|When next morning at eleven o'clock punctually Raskolnikov went into the department of the investigation of criminal causes and sent his name in to Porfiry Petrovitch, he was surprised at being kept waiting so long: it was at least ten minutes before he was summoned.|Crime and Punishment|Fyodor Dostoyevsky|am-cue|5.0|
11:00|eleven o'clock|This is how it came about that at eleven o'clock next morning Rogojin's flat was opened by the police in the presence of Lebedeff, the two ladies, and Rogojin's own brother, who lived in the wing.|The Idiot|Fyodor Dostoyevsky|am-cue|5.0|
11:00|eleven o'clock|Morning came, eventually, and by ten or eleven o'clock a giddy and rollicking company were gathered at Judge Thatcher's, and everything was ready for a start.|The Adventures of Tom Sawyer, Complete|Mark Twain|am-cue|5.0|
11:00|eleven o'clock|Already, at eleven o'clock of this morning, several such as he had shambled forward out of Sixth Avenue, their thin clothes flapping and fluttering in the wind.|Sister Carrie: A Novel|Theodore Dreiser|am-cue|5.0|
11:00|eleven o'clock|Towards eleven o'clock the ladies from the great avenue a block above Polk Street made their appearance, promenading the sidewalks leisurely, deliberately.|McTeague: A Story of San Francisco|Frank Norris|am-cue|5.0|
11:00|eleven o'clock|The following morning, at eleven o'clock, she presented herself at the offices of the Imperial and West African Rubber Company.|Howards End|E. M. Forster|am-cue|5.0|
11:00|eleven o'clock in the morning|"Show them into the library, and tell them they shouldn't come after eleven o'clock in the morning."|Women in Love|D. H. Lawrence|morning|5.0|
11:00|eleven o'clock|This morning I receive a letter from Perkupp, informing me that Lupin's services are no longer required, and an interview with me is desired at eleven o'clock.|The Diary of a Nobody|George Grossmith|am-cue|5.0|
11:00|eleven o'clock|Nevertheless, I was somewhat surprised when he suddenly informed me one morning that he was expecting a visitor at eleven o'clock, and that that visitor was none other than Ascanio himself.|Poirot Investigates|Agatha Christie|am-cue|5.0|
11:00|eleven o'clock|'You're a fine fellow,' said Mr. Pickwick, 'and I admire your goodness of heart. No thanks. Remember - eleven o'clock.'|The Pickwick Papers|Charles Dickens|guess|4.5|
11:00|eleven o'clock|'Oh, it's quite impossible to dine at half-past eleven o'clock in the day,' replied Mr. Pickwick, looking at his watch.|The Pickwick Papers|Charles Dickens|guess|4.5|
11:00|eleven o'clock|"No," said Villefort; "only return again at eleven o'clock; at twelve the - the - oh, Heavens, my poor, poor child!" and the procureur again becoming a man, lifted up his eyes and groaned.|The Count of Monte Cristo|Alexandre Dumas|guess|4.5|
11:00|eleven o'clock|"Madame de Villefort wishes to remind you, sir," he said, "that eleven o'clock has just struck, and that the trial commences at twelve."|The Count of Monte Cristo|Alexandre Dumas|guess|4.5|
11:00|eleven o'clock|At eleven o'clock a man in a raincoat, dragging a lawn-mower, tapped at my front door and said that Mr. Gatsby had sent him over to cut my grass.|The Great Gatsby|F. Scott Fitzgerald|guess|4.5|
11:00|eleven o'clock|At dawn he had some hot food, asked what day it was, frowned, and seemed to doze off at once. At eleven o'clock he had refused food.|The Old Wives' Tale|Arnold Bennett|guess|4.5|
11:00|eleven o'clock|Poirot had received a brisk and business-like note from the lady asking for an appointment, and he had replied asking her to call upon him at eleven o'clock the following day.|Poirot Investigates|Agatha Christie|guess|4.5|
11:00|eleven o'clock|The way by which we approached it took us past the Three Jolly Bargemen, which we were surprised to find - it being eleven o'clock - in a state of commotion, with the door wide open, and unwonted lights that had been hastily caught up and put down scattered about.|Great Expectations|Charles Dickens|guess|4.0|
11:00|eleven o'clock|It was between ten and eleven o'clock when Mrs. Micawber rose to replace her cap in the whitey-brown paper parcel, and to put on her bonnet.|David Copperfield|Charles Dickens|guess|4.0|
11:00|eleven o'clock|But, then, the thought darted across his mind that it was barely eleven o'clock; and that many people were still in the streets: of whom surely some might be found to give credence to his tale.|Oliver Twist|Charles Dickens|guess|4.0|
11:00|eleven o'clock at night|'I was so struck all of a heap, that you might have fractured my skull with a toothpick,' says the poor man; 'but we're sure to have him; for between ten and eleven o'clock at night he passed again.'|Oliver Twist|Charles Dickens|guess|4.0|
11:00|eleven o'clock|It was past eleven o'clock, and the door was closed. It opened softly on its hinges as Fagin gave a low whistle.|Oliver Twist|Charles Dickens|guess|4.0|
11:00|eleven o'clock|"It's eleven o'clock striking by the bell of Saint Paul's. Listen and you'll hear all the bells in the city jangling."|Bleak House|Charles Dickens|guess|4.0|
11:00|struck eleven|When the clock struck eleven, this domestic ball broke up. Mr. and Mrs. Fezziwig took their stations, one on either side of the door, and shaking hands with every person individually as he or she went out, wished him or her a Merry Christmas.|A Christmas Carol in Prose; Being a Ghost Story of Christmas|Charles Dickens|guess|4.0|
11:00|eleven o'clock|However, I was in time for the last train to Eyford, and I reached the little dim-lit station after eleven o'clock.|The Adventures of Sherlock Holmes|Arthur Conan Doyle|guess|4.0|
11:00|eleven o'clock|With your consent, I trust to have the honor of calling at eleven o'clock the day after to-morrow (Wednesday) morning.|The Lost World|Arthur Conan Doyle|guess|4.0|
11:00|eleven o'clock|Nevertheless at eleven o'clock she was walking towards Middlemarch, having made up her mind that she would make as quietly and unnoticeably as possible her second attempt to see and save Rosamond.|Middlemarch|George Eliot|guess|4.0|
11:00|struck eleven|The village of Weatherbury was quiet as the graveyard in its midst, and the living were lying well-nigh as still as the dead. The church clock struck eleven.|Far from the Madding Crowd|Thomas Hardy|guess|4.0|
11:00|eleven o'clock|Solomon Longways, Christopher Coney, Buzzford, and the rest of that fraternity, showed their sense of the occasion by advancing their customary eleven o'clock pint to half-past ten; from which they found a difficulty in getting back to the proper hour for several days.|The Mayor of Casterbridge|Thomas Hardy|guess|4.0|
11:00|eleven o'clock|I made out, however, that I was to go to Miss Pole's at eleven o'clock; the number eleven being written in full length as well as in numerals, and A.M. twice dashed under, as if I were very likely to come at eleven at night, when all Cranford was usually abed and asleep by ten.|Cranford|Elizabeth Cleghorn Gaskell|guess|4.0|
11:00|Eleven o'clock|"Double fare if you get there in a quarter of an hour." "I'll do it, sir." I looked at my watch. Eleven o'clock.|The Woman in White|Wilkie Collins|guess|4.0|
11:00|Eleven o'clock|Eleven o'clock. - The house is empty again. They have arranged it among themselves; they have all gone to London by the ten o'clock train.|The Moonstone|Wilkie Collins|guess|4.0|
11:00|eleven o'clock|Soon her gigantic hull appeared passing along between the banks, and eleven o'clock struck as she anchored in the road.|Around the World in Eighty Days|Jules Verne|guess|4.0|
11:00|eleven o'clock|At eleven o'clock the "Rangoon" rode out of Singapore harbour, and in a few hours the high mountains of Malacca, with their forests, inhabited by the most beautifully-furred tigers in the world, were lost to view.|Around the World in Eighty Days|Jules Verne|guess|4.0|
11:00|eleven o'clock|The next day, the 20th of February, I awoke very late: the fatigues of the previous night had prolonged my sleep until eleven o'clock.|Twenty Thousand Leagues under the Sea|Jules Verne|guess|4.0|
11:00|eleven o'clock|It was eleven o'clock, and, if Captain Nemo found the conditions favourable for observations, I wished to be present at the operation.|Twenty Thousand Leagues under the Sea|Jules Verne|guess|4.0|
11:00|eleven o'clock|On the day after the morrow, by eleven o'clock, the two diamond studs were finished, and they were so completely imitated, so perfectly alike, that Buckingham could not tell the new ones from the old ones, and experts in such matters would have been deceived as he was.|The three musketeers|Alexandre Dumas|guess|4.0|
11:00|eleven o'clock|At eleven o'clock came in his turn Duhallier, captain of the Guards, bringing with him fifty archers, who were distributed immediately through the Hôtel de Ville, at the doors assigned them.|The three musketeers|Alexandre Dumas|guess|4.0|
11:00|eleven o'clock|"It appears that these appointments are all made for eleven o'clock," thought D'Artagnan; "that's a settled custom."|The three musketeers|Alexandre Dumas|guess|4.0|
11:00|eleven o'clock|All four were to meet the next day at eleven o'clock. If they had discovered Milady's retreat, three were to remain on guard; the fourth was to return to Béthune in order to inform Athos and serve as a guide to the four friends.|The three musketeers|Alexandre Dumas|guess|4.0|
11:00|eleven o'clock|"Well, renew these bills up to the 5th of September; and on the 5th of September at eleven o'clock (the hand of the clock pointed to eleven), I shall come to receive the money."|The Count of Monte Cristo|Alexandre Dumas|guess|4.0|
11:00|eleven o'clock|"Why, if today before eleven o'clock your father has not found someone who will come to his aid, he will be compelled at twelve o'clock to declare himself a bankrupt."|The Count of Monte Cristo|Alexandre Dumas|guess|4.0|
11:00|strike eleven|He heard the door of the staircase creak on its hinges - the clock gave its warning to strike eleven - the door of his study opened.|The Count of Monte Cristo|Alexandre Dumas|guess|4.0|
11:00|eleven o'clock|He ordered the carriage, therefore, for eleven o'clock, desiring Signor Pastrini to inform him the moment that Albert returned to the hotel.|The Count of Monte Cristo|Alexandre Dumas|guess|4.0|
11:00|eleven o'clock|"It is half-past eleven o'clock; Haydée will soon be here. Have the French attendants been summoned to await her coming?"|The Count of Monte Cristo|Alexandre Dumas|guess|4.0|
11:00|eleven o'clock|At eleven o'clock the mourning-coaches rolled into the paved court, and the Rue du Faubourg Saint-Honoré was filled with a crowd of idlers, equally pleased to witness the festivities or the mourning of the rich, and who rush with the same avidity to a funeral procession as to the marriage of a duchess.|The Count of Monte Cristo|Alexandre Dumas|guess|4.0|
11:00|eleven o'clock|The battle of Waterloo could not be begun until half-past eleven o'clock, and that gave Blücher time to come up.|Les Misérables|Victor Hugo|guess|4.0|
11:00|eleven o'clock|As eleven o'clock struck from Saint-Étienne-du-Mont, he was traversing the Rue de Pontoise, in front of the office of the commissary of police, situated at No. 14.|Les Misérables|Victor Hugo|guess|4.0|
11:00|struck eleven|In the midst of all these convulsions of the bell mingled with the revolt, the clock of Saint-Paul struck eleven, gravely and without haste; for the tocsin is man; the hour is God.|Les Misérables|Victor Hugo|guess|4.0|
11:00|eleven o'clock|They praised her taste and toilet, and at eleven o'clock, careful of their coiffures and dresses, they settled themselves in their carriages and drove off.|War and Peace|graf Leo Tolstoy|guess|4.0|
11:00|eleven o'clock|At eleven o'clock they brought him news that the flèches captured by the French had been retaken, but that Prince Bagratión was wounded.|War and Peace|graf Leo Tolstoy|guess|4.0|
11:00|eleven o'clock|"I will tell him everything, without reserve, and I will make him speak without reserve, too, and I'll show him that I love him, and so understand him," Levin resolved to himself, as, towards eleven o'clock, he reached the hotel of which he had the address.|Anna Karenina|graf Leo Tolstoy|guess|4.0|
11:00|eleven o'clock|At eleven o'clock, when Stepan Arkadyevitch got up to go (Vorkuev had left earlier), it seemed to Levin that he had only just come.|Anna Karenina|graf Leo Tolstoy|guess|4.0|
11:00|struck eleven|It had just struck eleven, and he particularly wanted to go out "on very urgent business," but he was left alone in charge of the house, for it so happened that all its elder inmates were absent owing to a sudden and singular event.|The Brothers Karamazov|Fyodor Dostoyevsky|guess|4.0|
11:00|struck eleven|At last it struck eleven and he made up his mind, once for all, that if that "damned" Agafya did not come back within ten minutes he should go out without waiting for her, making "the kids" promise, of course, to be brave when he was away, not to be naughty, not to cry from fright.|The Brothers Karamazov|Fyodor Dostoyevsky|guess|4.0|
11:00|eleven o'clock|Toward eleven o'clock he approached the palace; and although a host of showy people were about him, moving in the same direction, he was not inconspicuous - his costume took care of that.|The Prince and the Pauper|Mark Twain|guess|4.0|
11:00|eleven o'clock|In her nervousness and stress of mind she felt it necessary to act, and consequently put on a brown street dress, and at eleven o'clock started to visit the business portion once again.|Sister Carrie: A Novel|Theodore Dreiser|guess|4.0|
11:00|Eleven o'clock|Then, little by little, Polk Street dropped back to solitude. Eleven o'clock struck from the power-house clock.|McTeague: A Story of San Francisco|Frank Norris|guess|4.0|
11:00|Eleven o'clock|Eleven o'clock struck from the power-house clock; lights were extinguished; at one o'clock the cable stopped, leaving an abrupt and numbing silence in the air.|McTeague: A Story of San Francisco|Frank Norris|guess|4.0|
11:00|eleven o'clock|By eleven o'clock the heat had increased to such an extent that McTeague could feel the burning of the ground come pringling and stinging through the soles of his boots.|McTeague: A Story of San Francisco|Frank Norris|guess|4.0|
11:00|eleven o'clock|At eleven o'clock, Amédée was to go up to the switchboard in the vestibule and turn off the electric lights, and every boy would have a chance to kiss his sweetheart before Father Duchesne could find his way up the stairs to turn the current on again.|O Pioneers!|Willa Cather|guess|4.0|
11:00|eleven o'clock|By eleven o'clock the sea had become glass. By midday, though we were well up in the northerly latitudes, the heat was sickening.|The Sea-Wolf|Jack London|guess|4.0|
11:00|eleven o'clock|On the Friday, he was not home by eleven o'clock. The baby was unwell, and was restless, crying if he were put down.|Sons and Lovers|D. H. Lawrence|guess|4.0|
11:00|eleven o'clock|"The conversation was all about a horse and cart, which the tall Englishman wished to hire, and which was to have been ready for him by eleven o'clock."|The Scarlet Pimpernel|Baroness Emmuska Orczy Orczy|guess|4.0|
11:00|eleven o'clock|"He listened to Reuben Goldstein, your Excellency, and put his hand in his pocket then and there, and took out a handful of gold, which he showed to that descendant of Beelzebub, telling him that all that would be his, if the horse and cart were ready for him by eleven o'clock."|The Scarlet Pimpernel|Baroness Emmuska Orczy Orczy|guess|4.0|
11:00|eleven o'clock|"If you will call upon me to-morrow morning at eleven o'clock, I will lay the details of my proposition before you."|The Secret Adversary|Agatha Christie|guess|4.0|
11:00|eleven o'clock|It was eleven o'clock, two hours, he had spent a great deal of his costly time just dreaming and his wits were, of course, even more dulled than they had been before.|The Trial|Franz Kafka|guess|4.0|
11:00|eleven o'clock|The surprise of a 'barbarian' (for so we termed everyone who was not acquainted with Saturday's special customs) who had called at eleven o'clock to speak to my father, and had found us at table, was an event which used to cause Françoise as much merriment as, perhaps, anything that had ever happened in her life.|Swann's Way|Marcel Proust|guess|4.0|
11:00|eleven o'clock|By eleven o'clock the next day we were well upon our way to the old English capital.|The Adventures of Sherlock Holmes|Arthur Conan Doyle|am-cue|3.0|
11:00|eleven o'clock|At eleven o'clock next morning my friend and I were walking up the famous yew avenue of Holdernesse Hall.|The Return of Sherlock Holmes|Arthur Conan Doyle|am-cue|3.0|
11:00|eleven o'clock|It was at eleven o'clock the next morning that the aunts and uncles came to hold their consultation.|The Mill on the Floss|George Eliot|am-cue|3.0|
11:00|Eleven o'clock|Eleven o'clock struck - could it be that the wedding was then in progress?|The Return of the Native|Thomas Hardy|am-cue|3.0|
11:00|eleven o'clock|The meeting took place at eleven o'clock - a terribly early hour.|The Way We Live Now|Anthony Trollope|am-cue|3.0|
11:00|Eleven o'clock|What o'clock was it when the servants were in this room yesterday morning? Eleven o'clock - eh?|The Moonstone|Wilkie Collins|am-cue|3.0|
11:00|eleven o'clock|I am to nail up the coffin. At eleven o'clock exactly, I am to be in the chapel.|Les Misérables|Victor Hugo|am-cue|3.0|
11:00|eleven o'clock|The letter had evidently been intended for Cosette to read on the following morning; after the two discharges that were heard between eleven o'clock and midnight, nothing more has taken place; the barricade will not be attacked seriously until daybreak; but that makes no difference, from the moment when "that man" is concerned in this war, he is lost; he is caught in the gearing.|Les Misérables|Victor Hugo|am-cue|3.0|
11:00|eleven o'clock|M. Firmin Richard reached his office that morning at eleven o'clock.|The Phantom of the Opera|Gaston Leroux|am-cue|3.0|
11:00|eleven o'clock|The fact that it was eleven o'clock destroyed the remains of her self-confidence.|The Old Wives' Tale|Arnold Bennett|am-cue|3.0|
11:00|eleven o'clock|How could it be eleven o'clock, with the dawn scarcely finished?|The Old Wives' Tale|Arnold Bennett|am-cue|3.0|
11:00|eleven o'clock|Perhaps you could call and see me at the above address at eleven o'clock to-morrow morning.|The Secret Adversary|Agatha Christie|am-cue|3.0|
11:00|eleven o'clock|And at eleven o'clock Hetty said "Good-bye" to them with the same quiet, resolute air she had worn all the morning, mounting the coach that was to take her twenty miles back along the way she had come.|Adam Bede|George Eliot|guess|2.5|
11:00|eleven o'clock|Immediately the aldermen, clothed in their cloth robes and preceded by six sergeants, each holding a flambeau in his hand, went to attend upon the king, whom they met on the steps, where the provost of the merchants made him the speech of welcome - a compliment to which his Majesty replied with an apology for coming so late, laying the blame upon the cardinal, who had detained him till eleven o'clock, talking of affairs of state.|The three musketeers|Alexandre Dumas|guess|2.5|
11:00|eleven o'clock|"Go out this way," said she, opening a small private door, "and come back at eleven o'clock; we will then terminate this conversation.|The three musketeers|Alexandre Dumas|guess|2.5|
11:00|eleven o'clock|I read with my watch upon the table, purposing to close my book at eleven o'clock.|Great Expectations|Charles Dickens|guess|2.0|
11:00|eleven o'clock|Everybody looked surprised. It was late - past eleven o'clock.|The Pickwick Papers|Charles Dickens|guess|2.0|
11:00|eleven o'clock|'Well, sir, I have been thinking that if you were waiting in the back garden alone, and I was to let you in, at the door which opens into it, from the end of the passage, at exactly half-past eleven o'clock, you would be just in the very moment of time to assist me in frustrating the designs of this bad man, by whom I have been unfortunately ensnared.'|The Pickwick Papers|Charles Dickens|guess|2.0|
11:00|struck eleven|It struck eleven, and he made believe to compose himself patiently.|Our Mutual Friend|Charles Dickens|guess|2.0|
11:00|eleven o'clock|At eleven o'clock she rose to leave me, but she paused at the door and looked back.|The Adventures of Sherlock Holmes|Arthur Conan Doyle|guess|2.0|
11:00|eleven o'clock|Mr. Reuben Hayes was arrested at Chesterfield, on my information, at eleven o'clock last night.|The Return of Sherlock Holmes|Arthur Conan Doyle|guess|2.0|
11:00|eleven o'clock|It was past eleven o'clock when we formed our little ambuscade.|The Return of Sherlock Holmes|Arthur Conan Doyle|guess|2.0|
11:00|eleven o'clock|We passed a few sad hours until eleven o'clock, when the trial was to commence.|Frankenstein; or, the modern prometheus|Mary Wollstonecraft Shelley|guess|2.0|
11:00|eleven o'clock|It was eleven o'clock before the family were all in bed, and two o'clock next morning was the latest hour for starting with the beehives if they were to be delivered to the retailers in Casterbridge before the Saturday market began, the way thither lying by bad roads over a distance of between twenty and thirty miles, and the horse and waggon being of the slowest.|Tess of the d'Urbervilles: A Pure Woman|Thomas Hardy|guess|2.0|
11:00|eleven o'clock|However, Sir John, as we call 'n now, kept up the wedding-day as well as he could, and stood treat to everybody in the parish; and John's wife sung songs at The Pure Drop till past eleven o'clock."|Tess of the d'Urbervilles: A Pure Woman|Thomas Hardy|guess|2.0|
11:00|eleven o'clock|In anger he vowed it should be the last, and at eleven o'clock, when he had lingered and watched the stones of the bridge till he knew every lichen upon their faces, and heard the chink of the ripples underneath till they oppressed him, he jumped from his seat, went to the inn for his gig, and in a bitter mood of indifference concerning the past, and recklessness about the future, drove on to Budmouth races.|Far from the Madding Crowd|Thomas Hardy|guess|2.0|
11:00|eleven o'clock|He had been there by eleven o'clock, and had remained ever since.|Barchester Towers|Anthony Trollope|guess|2.0|
11:00|struck eleven|As the clock on the mantelpiece struck eleven Sir Percival knocked at the door and came in.|The Woman in White|Wilkie Collins|guess|2.0|
11:00|eleven o'clock|I found her placidly fanning herself in her dressing-gown at eleven o'clock.|The Moonstone|Wilkie Collins|guess|2.0|
11:00|eleven o'clock|My watch informs me that it is close on eleven o'clock. I must shut up these leaves once more.|The Moonstone|Wilkie Collins|guess|2.0|
11:00|Eleven o'clock|Eleven o'clock was striking; Mr. Fogg was an hour in advance of time.|Around the World in Eighty Days|Jules Verne|guess|2.0|
11:00|eleven o'clock|At eleven o'clock the locomotive's whistle announced that they were approaching Plum Creek station.|Around the World in Eighty Days|Jules Verne|guess|2.0|
11:00|eleven o'clock|The proposition had been made, and received with enthusiasm, when fortunately eleven o'clock struck.|The three musketeers|Alexandre Dumas|guess|2.0|
11:00|eleven o'clock|Then the idea seized him that he had read incorrectly, and that the appointment was for eleven o'clock.|The three musketeers|Alexandre Dumas|guess|2.0|
11:00|eleven o'clock|At eleven o'clock Kitty came to him. She held in her hand a fresh billet from Milady.|The three musketeers|Alexandre Dumas|guess|2.0|
11:00|eleven o'clock|It is important that he should receive it before eleven o'clock.|The Count of Monte Cristo|Alexandre Dumas|guess|2.0|
11:00|eleven o'clock|"Today, then, at eleven o'clock, your father has nearly three hundred thousand francs to pay?"|The Count of Monte Cristo|Alexandre Dumas|guess|2.0|
11:00|struck eleven|Morrel passed his hand over his brow; it seemed to him a dream. At this moment the clock struck eleven.|The Count of Monte Cristo|Alexandre Dumas|guess|2.0|
11:00|Eleven o'clock|Eleven o'clock had struck. The nurse, having placed the beverage prepared by the doctor within reach of the patient, and locked the door, was listening with terror to the comments of the servants in the kitchen, and storing her memory with all the horrible stories which had for some months past amused the occupants of the antechambers in the house of the king's attorney.|The Count of Monte Cristo|Alexandre Dumas|guess|2.0|
11:00|eleven o'clock|Between eleven o'clock and midnight, you will come with your iron bar.|Les Misérables|Victor Hugo|guess|2.0|
11:00|eleven o'clock|Be near the principal altar, with your iron bar, at eleven o'clock.|Les Misérables|Victor Hugo|guess|2.0|
11:00|eleven o'clock|Judging by the space between the hands, he thought it might be just eleven o'clock!|The Phantom of the Opera|Gaston Leroux|guess|2.0|
11:00|eleven o'clock|"It is eleven o'clock! Eleven o'clock, all but five minutes!"|The Phantom of the Opera|Gaston Leroux|guess|2.0|
11:00|eleven o'clock|It was exactly eleven o'clock when he entered Madame Hohlakov's house.|The Brothers Karamazov|Fyodor Dostoyevsky|guess|2.0|
11:00|eleven o'clock|"What notion is this?" she began. "Why go home? Why, it's not eleven o'clock."|The Lady with the Dog and Other Stories|Anton Pavlovich Chekhov|guess|2.0|
11:00|Eleven o'clock|Eleven o'clock came, and the tavern lights were put out; darkness everywhere, now.|The Adventures of Tom Sawyer, Complete|Mark Twain|guess|2.0|
11:00|eleven o'clock|When she arrived in the business part it was quite eleven o'clock, and the business had little longer to run.|Sister Carrie: A Novel|Theodore Dreiser|guess|2.0|
11:00|struck eleven|The theatres let out. Fire signs disappeared. A clock struck eleven.|Sister Carrie: A Novel|Theodore Dreiser|guess|2.0|
11:00|eleven o'clock|It was eleven o'clock when I at last took my bag and some blankets and started for the barn with the boys.|My Ántonia|Willa Cather|guess|2.0|
11:00|eleven o'clock|"Why, you haven't been sitting and chinning with him till eleven o'clock?"|Main Street|Sinclair Lewis|guess|2.0|
11:00|eleven o'clock|By and by we moved out, for 'twas eleven o'clock, and stands a bit upon the sidewalk.|The Four Million|O. Henry|guess|2.0|
11:00|eleven o'clock|But time passed, two hours of it, and the less subtle beaux had better learned to focus their pseudo-passionate glances elsewhere, for eleven o'clock found Isabelle and Amory sitting on the couch in the little den off the reading-room up-stairs.|This Side of Paradise|F. Scott Fitzgerald|guess|2.0|
11:00|eleven o'clock|At eleven o'clock to her great surprise she was in the minority for staying out.|The Beautiful and Damned|F. Scott Fitzgerald|guess|2.0|
11:00|eleven o'clock|It was eleven o'clock and the unused hour was fresh as if issued to children on a beach.|Mrs Dalloway in Bond Street|Virginia Woolf|guess|2.0|
11:00|eleven o'clock|Margaret accepted, and at eleven o'clock one cheerless morning they started out in a brougham.|Howards End|E. M. Forster|guess|2.0|
11:00|eleven o'clock|Then he told Philip who had sent wreaths; there were twenty-four of them already; when Mrs. Rawlingson, wife of the Vicar at Ferne, had died she had had thirty-two; but probably a good many more would come the next day; the funeral would start at eleven o'clock from the vicarage, and they should beat Mrs. Rawlingson easily.|Of Human Bondage|W. Somerset Maugham|guess|2.0|
11:00|eleven o'clock|Punctually at eleven o'clock, the carriages began to arrive.|Women in Love|D. H. Lawrence|guess|2.0|
11:00|striking eleven|The cock crew, The sky was blue: The bells in heaven Were striking eleven.|Ulysses|James Joyce|guess|2.0|
11:00|striking eleven|The fox crew, the cocks flew, The bells in heaven Were striking eleven.|Ulysses|James Joyce|guess|2.0|
11:10|ten past eleven|An instant later his head appeared in the door opposite and said: Meet me at Westland Row station at ten past eleven.|Ulysses|James Joyce|guess|4.5|
11:10|ten minutes past eleven|All these things, combined with the noises and interruptions of constant comings in and goings out, made Mr. Pickwick play rather badly; the cards were against him, also; and when they left off at ten minutes past eleven, Miss Bolo rose from the table considerably agitated, and went straight home, in a flood of tears and a sedan-chair.|The Pickwick Papers|Charles Dickens|guess|2.0|
11:15|a quarter past eleven|Their bundles and baskets were gathered up, and half an hour later, when the clock-chime sounded a quarter past eleven, they were straggling along the lane which led up the hill towards their homes.|Tess of the d'Urbervilles: A Pure Woman|Thomas Hardy|guess|4.0|
11:15|11:15|There is a train from Paddington which would bring you there at about 11:15.'|The Adventures of Sherlock Holmes|Arthur Conan Doyle|guess|2.0|
11:15|11:15|He rose as he spoke. 'I shall expect you, then, at Eyford at 11:15.'|The Adventures of Sherlock Holmes|Arthur Conan Doyle|guess|2.0|
11:15|a quarter past eleven|He had been given a latch-key by the prefect, the man who turned out the gas at a quarter past eleven, but afraid of being locked out he returned in good time; he had learned already the system of fines: you had to pay a shilling if you came in after eleven, and half a crown after a quarter past, and you were reported besides: if it happened three times you were dismissed.|Of Human Bondage|W. Somerset Maugham|guess|2.0|
11:15|11.15|A very few minutes sufficed to give us the facts. Mr. Rolf had gone out of the hotel at 11.15.|Poirot Investigates|Agatha Christie|guess|2.0|
11:17|seventeen minutes past eleven|It was seventeen minutes past eleven: she would have lots of time to have the matter out with Mr Doran and then catch short twelve at Marlborough Street.|Dubliners|James Joyce|guess|4.0|
11:20|twenty minutes past eleven|Then she went - it might be at twenty minutes past eleven, and it might be at twenty minutes past twelve; we ain't got no watches here to know the time by, nor yet clocks.|Bleak House|Charles Dickens|guess|4.0|
11:21|11.21|It left at 11.21, I remember, and Raffles was put out to find it did not go on to Kensal Rise.|The Amateur Cracksman|E. W. Hornung|guess|2.0|
11:22|Twenty-two minutes after eleven|"Twenty-two minutes after eleven," returned Passepartout, drawing an enormous silver watch from the depths of his pocket.|Around the World in Eighty Days|Jules Verne|guess|4.0|
11:29|twenty-nine minutes after eleven|Now from this moment, twenty-nine minutes after eleven, a.m., this Wednesday, 2nd October, you are in my service."|Around the World in Eighty Days|Jules Verne|am-cue|3.0|
11:30|half past eleven|"One - only one. Fanny Hackbutt comes at half past eleven. I am not getting a great income now," said Mrs. Garth, smiling.|Middlemarch|George Eliot|am-cue|5.5|
11:30|half past eleven|About eleven o'clock in the morning they perceived Amiens, and at half past eleven they were at the door of the cursed inn.|The three musketeers|Alexandre Dumas|am-cue|5.0|
11:30|11.30 a.m|No later than next afternoon my man turned up to tell me that the fellow had married his landlady's daughter at a registrar's office that very day at 11.30 a.m., and had gone off with her to Margate for a week.|The Secret Agent: A Simple Tale|Joseph Conrad|explicit|5.0|
11:30|eleven-thirty|Babbitt's value to his clients was rarely better shown than this morning, in the conference at eleven-thirty between himself, Conrad Lyte, and Archibald Purdy.|Babbitt|Sinclair Lewis|am-cue|5.0|
11:30|eleven-thirty|Later, when the cigar did go out, he took one more match from the file, and when a buyer and a seller came in for a conference at eleven-thirty, naturally he had to offer them cigars.|Babbitt|Sinclair Lewis|guess|4.0|
11:30|11.30|At 11.30, a gentleman, so like him in appearance as to pass muster, entered the hotel and demanded the jewel-case from the safe deposit.|Poirot Investigates|Agatha Christie|guess|4.0|
11:30|11:30|"There is a train at half-past nine," said I, glancing over my Bradshaw. "It is due at Winchester at 11:30."|The Adventures of Sherlock Holmes|Arthur Conan Doyle|guess|2.5|
11:30|half past eleven|It was already gone half past eleven when someone could be heard in the stairway.|The Trial|Franz Kafka|guess|2.0|
11:35|thirty-five minutes past eleven|When the first cannon was fired, the English general, Colville, looked at his watch, and noted that it was thirty-five minutes past eleven.|Les Misérables|Victor Hugo|guess|4.0|
11:35|twenty-five minutes to twelve|It was twenty-five minutes to twelve, and of course it was clear enough what was in the wind.|The Adventures of Sherlock Holmes|Arthur Conan Doyle|guess|2.0|
11:40|11.40 a.m|On the line where these words were written, "21st December, Saturday, Liverpool," he added, "80th day, 11.40 a.m.," and waited.|Around the World in Eighty Days|Jules Verne|explicit|5.0|
11:40|twenty minutes to twelve|Then shivering, though the atmosphere of the room was terribly hot, he drew himself up and glanced at the clock. It was twenty minutes to twelve.|The Picture of Dorian Gray|Oscar Wilde|guess|4.0|
11:40|11:40|"A passenger who passed Aldgate in an ordinary Metropolitan train about 11:40 on Monday night declares that he heard a heavy thud, as of a body striking the line, just before the train reached the station.|His last bow|Arthur Conan Doyle|guess|2.0|
11:40|twenty minutes before twelve|Phileas Fogg at last disembarked on the Liverpool quay, at twenty minutes before twelve, 21st December.|Around the World in Eighty Days|Jules Verne|guess|2.0|
11:40|twenty minutes to twelve|At twenty minutes to twelve, Madame Danglars, tired of waiting, returned home.|The Count of Monte Cristo|Alexandre Dumas|guess|2.0|
11:45|a quarter to twelve|"You see you begin, 'Whereas, at about a quarter to one on Tuesday morning an attempt was made,' and so on. It was at a quarter to twelve, as a matter of fact."|The Memoirs of Sherlock Holmes|Arthur Conan Doyle|am-cue|5.0|
11:45|a quarter to twelve|Sir Percival came up, after breakfast, to tell us that the chaise would be at the door at a quarter to twelve - the train to London stopping at our station at twenty minutes after.|The Woman in White|Wilkie Collins|am-cue|5.0|
11:45|quarter to twelve|If you will only come round at quarter to twelve to the east gate you will learn what will very much surprise you and maybe be of the greatest service to you and also to Annie Morrison.|The Memoirs of Sherlock Holmes|Arthur Conan Doyle|guess|4.0|
11:45|a quarter to twelve|At a quarter to twelve the sun, then seen only by refraction, looked like a golden disc shedding its last rays upon this deserted continent and seas which never man had yet ploughed.|Twenty Thousand Leagues under the Sea|Jules Verne|guess|4.0|
11:45|a quarter to twelve|The clock of the Invalides struck a quarter to twelve; the west wind bore on its moistened gusts the doleful vibration of the three strokes.|The Count of Monte Cristo|Alexandre Dumas|guess|4.0|
11:45|quarter to twelve|At quarter to twelve Amory shook hands with her gravely, in the midst of a small crowd assembled to wish him good-speed.|This Side of Paradise|F. Scott Fitzgerald|guess|4.0|
11:45|a quarter to twelve|His mother straightened the battered alarm clock that was lying on its side in the middle of the mantelpiece until its dial showed a quarter to twelve and then laid it once more on its side.|A Portrait of the Artist as a Young Man|James Joyce|guess|4.0|
11:45|a quarter to twelve|The church-clock had struck a quarter to twelve and I thought that this must have made her hurry, for she began almost to run and continued hastening until she came to the church."|The Phantom of the Opera|Gaston Leroux|guess|2.0|
11:45|a quarter to twelve|At a quarter to twelve Lupin had not returned, and the fog was fearful.|The Diary of a Nobody|George Grossmith|guess|2.0|
11:50|ten minutes before twelve|He left the house at ten minutes before twelve, cunningly turned away, dodging round by the first corner, - and just as he had turned it encountered his cousin.|The Way We Live Now|Anthony Trollope|guess|4.0|
11:50|ten minutes before twelve|"Good!" cried D'Artagnan, "I will be there ten minutes before twelve."|The three musketeers|Alexandre Dumas|guess|2.5|
11:50|ten minutes to twelve|'I'll be,' says Twemlow, 'at the club by ten minutes to twelve, and I'll never leave it all day.'|Our Mutual Friend|Charles Dickens|guess|2.0|
11:55|five minutes to twelve|It wanted five minutes to twelve, when the premonitory symptoms of the working of the laudanum first showed themselves to me.|The Moonstone|Wilkie Collins|guess|4.0|
11:55|five minutes to twelve|Raoul climbed the grand staircase at five minutes to twelve, did not linger to look at the motley dresses displayed all the way up the marble steps, one of the richest settings in the world, allowed no facetious mask to draw him into a war of wits, replied to no jests and shook off the bold familiarity of a number of couples who had already become a trifle too gay.|The Phantom of the Opera|Gaston Leroux|guess|2.5|
11:55|five minutes to twelve|A neighbouring clock showed the time to be five minutes to twelve.|The Secret Adversary|Agatha Christie|guess|2.0|
12:00|twelve o'clock|It was twelve o'clock before we could obtain possession of the room, and the clearance it required then was so discouraging that Caddy, who was almost tired out, sat down in the middle of the dust and cried.|Bleak House|Charles Dickens|pm-cue|5.5|
12:00|noon|'You are very good,' said Mr. Winkle; 'but a letter has been received from Mr. Pickwick - so I learn by a note from Mr. Tupman, which was brought up to my bedroom door, this morning - in which he requests us to join him at Bury to-day; and we are to leave by the coach at noon.'|The Pickwick Papers|Charles Dickens|explicit|5.5|
12:00|noon|When they were left alone together - which was not until noon, for Mr Boffin sat long in his easy-chair, by turns jogging up and down the breakfast-room, clenching his fist and muttering - Bella, in consternation, asked her what had happened, what was wrong?|Our Mutual Friend|Charles Dickens|explicit|5.5|
12:00|struck twelve|'I think, boys,' said the schoolmaster when the clock struck twelve, 'that I shall give an extra half-holiday this afternoon.'|The Old Curiosity Shop|Charles Dickens|pm-cue|5.5|
12:00|noon|She received Nell's apology for being so late with perfect good humour, and said that she should not have roused her if she had slept on until noon.|The Old Curiosity Shop|Charles Dickens|explicit|5.5|
12:00|twelve o'clock|'This is the place, gentlemen,' said the driver, dismounting from his horse, and knocking at the door of a little inn. 'Halloa! Past twelve o'clock is the dead of night here.'|The Old Curiosity Shop|Charles Dickens|pm-cue|5.5|
12:00|noon|Somebody has asked me to meet him, either on the Budmouth Road at noon today, or in the evening at Mr. Farfrae's.|The Mayor of Casterbridge|Thomas Hardy|explicit|5.5|
12:00|noon|"My dear Felix," she said, standing over his bedside a little before noon, "pray don't put it off; you don't know how many slips there may be between the cup and the lip."|The Way We Live Now|Anthony Trollope|explicit|5.5|
12:00|noon|It was said so positively that Passepartout could not help muttering to himself, "Parbleu that's certain! Before noon we shall be on board."|Around the World in Eighty Days|Jules Verne|explicit|5.5|
12:00|midday|"That's impossible," said the gentleman; "I have traveled sixty leagues in forty hours, and by tomorrow at midday I must be in London."|The three musketeers|Alexandre Dumas|explicit|5.5|
12:00|noon|He breakfasted heartily, and caring little, as he said, for the beauties of the Eternal City, ordered post-horses at noon.|The Count of Monte Cristo|Alexandre Dumas|explicit|5.5|
12:00|noon|So after that she took no food to the imprisoned Lion; but every day she came to the gate at noon and asked, "Are you ready to be harnessed like a horse?"|The Wonderful Wizard of Oz|L. Frank Baum|explicit|5.5|
12:00|noon|At noon the Babu strapped up his brass-bound drug-box, took his patent-leather shoes of ceremony in one hand, a gay blue-and-white umbrella in the other, and set off northwards to the Doon, where, he said, he was in demand among the lesser kings of those parts.|Kim|Rudyard Kipling|explicit|5.5|
12:00|noon|It was a journey of only twenty-four miles, and they began it so early as to be in Gracechurch Street by noon.|Pride and Prejudice|Jane Austen|explicit|5.0|
12:00|noon|The fishing scheme had been renewed the day before, and a positive engagement made of his meeting some of the gentlemen at Pemberley by noon.|Pride and Prejudice|Jane Austen|explicit|5.0|
12:00|noon|The first wish of her heart was to improve her acquaintance with Miss Tilney, and almost her first resolution, to seek her for that purpose, in the pump-room at noon.|Northanger Abbey|Jane Austen|explicit|5.0|
12:00|twelve o'clock|At twelve o'clock, they were to call for her in Pulteney Street; and "Remember - twelve o'clock," was her parting speech to her new friend.|Northanger Abbey|Jane Austen|pm-cue|5.0|
12:00|noon|Such a man came upon him, like a ghost, at noon in the July weather, as he sat on his heap of stones under a bank, taking such shelter as he could get from a shower of hail.|A Tale of Two Cities|Charles Dickens|explicit|5.0|
12:00|noon|Taken out of harness one day at noon, to feed - if he could find food - he sobbed twelve times, once for every stroke of the bell, and died on her bosom.'|A Tale of Two Cities|Charles Dickens|explicit|5.0|
12:00|noon|I insensibly fall into a general mention of these journeys as numerous, because it was at once settled that I should return every alternate day at noon for these purposes, and because I am now going to sum up a period of at least eight or ten months.|Great Expectations|Charles Dickens|explicit|5.0|
12:00|midday|It was a little past midday when the four-horse stage-coach by which I was a passenger, got into the ravel of traffic frayed out about the Cross Keys, Wood Street, Cheapside, London.|Great Expectations|Charles Dickens|explicit|5.0|
12:00|noon|However, I proposed that he and I should walk away together to a distant point we could see, and that the boat should take us aboard there, or as near there as might prove feasible, at about noon.|Great Expectations|Charles Dickens|explicit|5.0|
12:00|twelve o'clock at night|To begin my life with the beginning of my life, I record that I was born (as I have been informed and believe) on a Friday, at twelve o'clock at night.|David Copperfield|Charles Dickens|pm-cue|5.0|
12:00|noon|We turned back, on my humbly insinuating that it might be useful to me hereafter; and he told the clerk that the carrier had instructions to call for it at noon.|David Copperfield|Charles Dickens|explicit|5.0|
12:00|noon|I saw her on a Saturday, every third or fourth week, when I went over to Dover for a treat; and I saw Mr. Dick every alternate Wednesday, when he arrived by stage-coach at noon, to stay until next morning.|David Copperfield|Charles Dickens|explicit|5.0|
12:00|noon|Upon a mellow autumn day, about noon, when the ground was perfumed by fallen leaves, and many more, in beautiful tints of yellow, red, and brown, yet hung upon the trees, through which the sun was shining, I arrived at Highgate.|David Copperfield|Charles Dickens|explicit|5.0|
12:00|noon|Though he was nearly five miles away from the town, he ran, and hid behind the hedges, by turns, till noon, fearing that he might be pursued and overtaken.|Oliver Twist|Charles Dickens|explicit|5.0|
12:00|noon|The doctor seemed especially troubled by the fact of the robbery having been unexpected, and attempted in the night-time; as if it were the established custom of gentlemen in the housebreaking way to transact business at noon, and to make an appointment, by post, a day or two previous.|Oliver Twist|Charles Dickens|explicit|5.0|
12:00|noon|Before noon, you announce that you are going to do me the honour of accompanying me as far as I go, on your road to London.|Oliver Twist|Charles Dickens|explicit|5.0|
12:00|twelve o'clock|She struggled and implored by turns until twelve o'clock had struck, and then, wearied and exhausted, ceased to contest the point any further.|Oliver Twist|Charles Dickens|pm-cue|5.0|
12:00|noon|At our young friend's natural dinner hour, most likely about noon, our young friend says in effect to society, 'I am hungry; will you have the goodness to produce your spoon and feed me?'|Bleak House|Charles Dickens|explicit|5.0|
12:00|strike twelve|He so washes, and rubs, and scrubs, and smells, and washes, that he has not long restored himself with a glass of brandy and stood silently before the fire when Saint Paul's bell strikes twelve and all those other bells strike twelve from their towers of various heights in the dark air, and in their many tones.|Bleak House|Charles Dickens|pm-cue|5.0|
12:00|mid-day|Mr. Skimpole himself reclined upon the sofa in a dressing-gown, drinking some fragrant coffee from an old china cup - it was then about mid-day - and looking at a collection of wallflowers in the balcony.|Bleak House|Charles Dickens|explicit|5.0|
12:00|noon|There is Mr. Guppy, clerk to Kenge and Carboy, who was at first as open as the sun at noon, but who suddenly shut up as close as midnight, under the influence - no doubt - of Mr. Snagsby's suborning and tampering.|Bleak House|Charles Dickens|explicit|5.0|
12:00|noon|Here, the party straightway retired to rest; the refreshment of sleep being necessary after so long a journey; and here they met again about noon, to a substantial breakfast, spread by direction of Mr. John Browdie, in a small private room upstairs commanding an uninterrupted view of the stables.|Nicholas Nickleby|Charles Dickens|explicit|5.0|
12:00|noon|For the third and last article, I require that you execute a bond to me, this day, binding yourself in the payment of these two sums, before noon of the day of your marriage with Madeline Bray.|Nicholas Nickleby|Charles Dickens|explicit|5.0|
12:00|twelve o'clock|One thousand, four hundred and seventy-five pounds, four shillings, and threepence, tomorrow at twelve o'clock.|Nicholas Nickleby|Charles Dickens|pm-cue|5.0|
12:00|mid-day|At mid-day following he reappeared at the Six Jolly Fellowship Porters, in the character, not new to him, of a witness before a Coroner's Jury.|Our Mutual Friend|Charles Dickens|explicit|5.0|
12:00|noon|He would be at five thousand per cent discount out at nurse making a mud pie at nine in the morning, and (being inquired for) would go up to five thousand per cent premium before noon.|Our Mutual Friend|Charles Dickens|explicit|5.0|
12:00|twelve o'clock|As to your daughter, whom I made Loo Bounderby, and might have done better by leaving Loo Gradgrind, if she don't come home to-morrow, by twelve o'clock at noon, I shall understand that she prefers to stay away, and I shall send her wearing apparel and so forth over here, and you'll take charge of her for the future.|Hard Times|Charles Dickens|pm-cue|5.0|
12:00|noon|Paul and Florence went out in the meantime on the beach with Wickam - who was constantly in tears - and at about noon Mrs Pipchin presided over some Early Readings.|Dombey and Son|Charles Dickens|explicit|5.0|
12:00|noon|He was overjoyed to have it all arranged and settled next day before noon; and to sit down at evening in the little back parlour with old Sol and Captain Cuttle; and to see the Instrument-maker already reviving, and hopeful for the future, and feeling that the wooden Midshipman was his own again.|Dombey and Son|Charles Dickens|explicit|5.0|
12:00|noon|Oh happy Saturdays, when Florence always came at noon, and never would, in any weather, stay away, though Mrs Pipchin snarled and growled, and worried her bitterly.|Dombey and Son|Charles Dickens|explicit|5.0|
12:00|noon|Altogether, he made such an effect on Captain Cuttle that the Captain lingered behind, and instructed Rob to be particularly gentle and attentive to his master until the morning: which injunction he strengthened with the payment of one shilling down, and the promise of another sixpence before noon next day.|Dombey and Son|Charles Dickens|explicit|5.0|
12:00|noon|It is so difficult for the young and ardent, even with such experience as hers, to imagine youth and ardour quenched like a weak flame, and the bright day of life merging into night, at noon, that hope was strong yet.|Dombey and Son|Charles Dickens|explicit|5.0|
12:00|noon|Upon the following day at noon, Mrs Jarley established herself behind the highly-ornamented table, attended by the distinguished effigies before mentioned, and ordered the doors to be thrown open for the readmission of a discerning and enlightened public.|The Old Curiosity Shop|Charles Dickens|explicit|5.0|
12:00|mid-day|Monsieur Rigaud, as I expected yesterday, the President will look for the pleasure of your society at an hour after mid-day, to-day.'|Little Dorrit|Charles Dickens|explicit|5.0|
12:00|noon|The shadow of the wall and of the prison buildings, which made the room sombre at noon, made it too dark to read there, with the dusk deepening apace, save in the window.|Little Dorrit|Charles Dickens|explicit|5.0|
12:00|twelve o'clock|At twelve o'clock Barrymore, finding the hall door still open, became alarmed, and, lighting a lantern, went in search of his master.|The Hound of the Baskervilles|Arthur Conan Doyle|pm-cue|5.0|
12:00|twelve o'clock|Dr. Barnicot was due at his surgery at twelve o'clock, and you can imagine his amazement when, on arriving there, he found that the window had been opened in the night and that the broken pieces of his second bust were strewn all over the room.|The Return of Sherlock Holmes|Arthur Conan Doyle|pm-cue|5.0|
12:00|twelve o'clock|Mrs. Marker is prepared to swear that the professor was still in his night-clothes, and indeed it was impossible for him to dress without the help of Mortimer, whose orders were to come at twelve o'clock.|The Return of Sherlock Holmes|Arthur Conan Doyle|pm-cue|5.0|
12:00|midday|By midday my husband and I were on our way to London, but not before he had given our benefactor full warning of this danger, and had also left such information for the police as would safeguard his life for the future.|His last bow|Arthur Conan Doyle|explicit|5.0|
12:00|midday|This we reached about midday, only to find a shallow valley beyond, rising once again into a gentle incline which led to a low, rounded sky-line.|The Lost World|Arthur Conan Doyle|explicit|5.0|
12:00|midday|We remained at Weybridge until midday, and at that hour we found ourselves at the place near Shepperton Lock where the Wey and Thames join.|The war of the worlds|H. G. Wells|explicit|5.0|
12:00|midday|By midday a Martian had been seen at Barnes, and a cloud of slowly sinking black vapour drove along the Thames and across the flats of Lambeth, cutting off all escape over the bridges in its sluggish advance.|The war of the worlds|H. G. Wells|explicit|5.0|
12:00|midday|By midday they passed through Tillingham, which, strangely enough, seemed to be quite silent and deserted, save for a few furtive plunderers hunting for food.|The war of the worlds|H. G. Wells|explicit|5.0|
12:00|midday|A Martian came across the fields about midday, laying the stuff with a jet of superheated steam that hissed against the walls, smashed all the windows it touched, and scalded the curate's hand as he fled out of the front room.|The war of the worlds|H. G. Wells|explicit|5.0|
12:00|noon|About noon he suddenly opened his parlour door and stood glaring fixedly at the three or four people in the bar.|The Invisible Man: A Grotesque Romance|H. G. Wells|explicit|5.0|
12:00|midday|At any rate he vanished from human ken about midday, and no living witness can tell what he did until about half-past two.|The Invisible Man: A Grotesque Romance|H. G. Wells|explicit|5.0|
12:00|midday|They could not have heard us, and the next morning when the drizzle cleared, - which was not until past midday, - we could see nothing of them.|The island of Doctor Moreau|H. G. Wells|explicit|5.0|
12:00|noon|It was about the last day of our outward voyage by the largest computation; some time that night, or at latest before noon of the morrow, we should sight the Treasure Island.|Treasure Island|Robert Louis Stevenson|explicit|5.0|
12:00|noon|We had the porridge cold again at noon, and hot porridge at night; porridge and small beer was my uncle's diet.|Kidnapped|Robert Louis Stevenson|explicit|5.0|
12:00|noon|About noon a man was to be spied, straggling up the open side of the mountain in the sun, and looking round him as he came, from under his hand.|Kidnapped|Robert Louis Stevenson|explicit|5.0|
12:00|noon|Toiling and resting and toiling again, we wore away the morning; and about noon lay down in a thick bush of heather to sleep.|Kidnapped|Robert Louis Stevenson|explicit|5.0|
12:00|noon|About noon I was wakened as usual for dinner, and as usual refused to eat, and was given a dram with some bitter infusion which the barber had prescribed.|Kidnapped|Robert Louis Stevenson|explicit|5.0|
12:00|noon|In the morning before office hours, at noon when business was plenty and time scarce, at night under the face of the fogged city moon, by all lights and at all hours of solitude or concourse, the lawyer was to be found on his chosen post.|The strange case of Dr. Jekyll and Mr. Hyde|Robert Louis Stevenson|explicit|5.0|
12:00|struck twelve|I tried to keep awake, and succeeded for a while; but when the clock struck twelve it waked me from a doze, so I must have been falling asleep.|Dracula|Bram Stoker|pm-cue|5.0|
12:00|noon|The forenoon was a dreary time, but at noon the solicitor came: Mr. Marquand, of Wholeman, Sons, Marquand & Lidderdale.|Dracula|Bram Stoker|explicit|5.0|
12:00|noon|The funeral held at noon was all completed, and the last stragglers of the mourners had taken themselves lazily away, when, looking carefully from behind a clump of alder-trees, we saw the sexton lock the gate after him.|Dracula|Bram Stoker|explicit|5.0|
12:00|noon|If he be not at the place whither he is bound, he can only change himself at noon or at exact sunrise or sunset.|Dracula|Bram Stoker|explicit|5.0|
12:00|noon|About noon she got into a sort of lethargy which we did not like; although we kept silence to the others, we were neither of us happy about it.|Dracula|Bram Stoker|explicit|5.0|
12:00|noon|It was nearly noon when I arrived at the top of the ascent. For some time I sat upon the rock that overlooks the sea of ice.|Frankenstein; or, the modern prometheus|Mary Wollstonecraft Shelley|explicit|5.0|
12:00|struck twelve|Linton would have another, and after that another, notwithstanding my strenuous objections; and so they went on until the clock struck twelve, and we heard Hareton in the court, returning for his dinner.|Wuthering Heights|Emily Brontë|pm-cue|5.0|
12:00|noon|Whether Catherine had spent her tears, or whether the grief were too weighty to let them flow, she sat there dry-eyed till the sun rose: she sat till noon, and would still have remained brooding over that deathbed, but I insisted on her coming away and taking some repose.|Wuthering Heights|Emily Brontë|explicit|5.0|
12:00|twelve o'clock|"Then I think I shall go to bed, for it is past twelve o'clock; but you may call me if you want anything in the night."|Jane Eyre: An Autobiography|Charlotte Brontë|pm-cue|5.0|
12:00|noon|"I had nothing else to do, because it was the vacation, and I sat at them from morning till noon, and from noon till night: the length of the midsummer days favoured my inclination to apply."|Jane Eyre: An Autobiography|Charlotte Brontë|explicit|5.0|
12:00|noon|Still you are miserable; for hope has quitted you on the very confines of life: your sun at noon darkens in an eclipse, which you feel will not leave it till the time of setting.|Jane Eyre: An Autobiography|Charlotte Brontë|explicit|5.0|
12:00|noon|I had one morsel of bread yet: the remnant of a roll I had bought in a town we passed through at noon with a stray penny - my last coin.|Jane Eyre: An Autobiography|Charlotte Brontë|explicit|5.0|
12:00|noon|The air of the moors, the freedom of home, the dawn of prosperity, acted on Diana and Mary's spirits like some life-giving elixir: they were gay from morning till noon, and from noon till night.|Jane Eyre: An Autobiography|Charlotte Brontë|explicit|5.0|
12:00|twelve o'clock|Late that night - perhaps it might be between eleven and twelve o'clock - ere I retired to my dreary rest, I supplicated God, that, if it seemed good to Him, I might soon be taken from this life, and admitted to that world to come, where there was still hope of rejoining Jane.|Jane Eyre: An Autobiography|Charlotte Brontë|pm-cue|5.0|
12:00|noon|The great Juggernaut, in his great chariot, drew on lofty, loud, and sullen. He passed quietly, like a shadow sweeping the sky, at noon.|Villette|Charlotte Brontë|explicit|5.0|
12:00|mid-day|It was impossible for him to follow them, and he could only walk back sadly at mid-day along the same road which he had trodden hopefully in the morning.|Middlemarch|George Eliot|explicit|5.0|
12:00|mid-day|He was suspected of intending this, when, after mid-day, he was seen setting off on horseback in the direction of Tarley.|Silas Marner|George Eliot|explicit|5.0|
12:00|twelve o'clock|The night was very still: when Adam opened the door to look out at twelve o'clock, the only motion seemed to be in the glowing, twinkling stars; every blade of grass was asleep.|Adam Bede|George Eliot|pm-cue|5.0|
12:00|twelve o'clock|The cold veal, the fresh lettuces, and the stuffed chine might well look tempting to hungry men who had dined at half-past twelve o'clock.|Adam Bede|George Eliot|pm-cue|5.0|
12:00|twelve o'clock|Happily, Irwine and Gawaine were coming to dinner, and by twelve o'clock the next day he should have left the Chase miles behind him.|Adam Bede|George Eliot|pm-cue|5.0|
12:00|twelve o'clock|It was after twelve o'clock on Tuesday night when Adam reached Treddleston; and, unwilling to disturb his mother and Seth, and also to encounter their questions at that hour, he threw himself without undressing on a bed at the "Waggon Overthrown," and slept hard from pure weariness.|Adam Bede|George Eliot|pm-cue|5.0|
12:00|noon|He lived chiefly in the country, among pleasant seats and homesteads, and was fond of sauntering by the fruit-tree wall and scenting the apricots when they were warmed by the morning sunshine, or of sheltering himself under the orchard boughs at noon, when the summer pears were falling.|Adam Bede|George Eliot|explicit|5.0|
12:00|noon|Tess did not stop at Weatherbury, after this long drive, further than to make a slight nondescript meal at noon at a cottage to which the farmer recommended her.|Tess of the d'Urbervilles: A Pure Woman|Thomas Hardy|explicit|5.0|
12:00|mid-day|At mid-day they drew near to a roadside inn, and Tess would have entered it with him to get something to eat, but he persuaded her to remain among the trees and bushes of this half-woodland, half-moorland part of the country till he should come back.|Tess of the d'Urbervilles: A Pure Woman|Thomas Hardy|explicit|5.0|
12:00|mid-day|Their long repose at the manor-house lent them walking power now; and towards mid-day they found that they were approaching the steepled city of Melchester, which lay directly in their way.|Tess of the d'Urbervilles: A Pure Woman|Thomas Hardy|explicit|5.0|
12:00|noon|The full power of the clear heaven was not equal to that of a cloudy sky at noon, when Boldwood arose and dressed himself.|Far from the Madding Crowd|Thomas Hardy|explicit|5.0|
12:00|twelve o'clock|Here he walked at an even, steady pace over Buck's Head, along the dead level beyond, mounted Casterbridge Hill, and between eleven and twelve o'clock descended into the town.|Far from the Madding Crowd|Thomas Hardy|pm-cue|5.0|
12:00|noon|Here the local barbering was always done at this hour on this day, to be followed by the great Sunday wash of the inhabitants at noon, which in its turn was followed by the great Sunday dressing an hour later.|The Return of the Native|Thomas Hardy|explicit|5.0|
12:00|midday|Yeobright reached the empty house about midday. It was almost as lonely as that of Eustacia's grandfather, but the fact that it stood near a heath was disguised by a belt of firs which almost enclosed the premises.|The Return of the Native|Thomas Hardy|explicit|5.0|
12:00|noon|Standing in the middle of the arena at that time there by degrees became apparent its real vastness, which a cursory view from the summit at noon-day was apt to obscure.|The Mayor of Casterbridge|Thomas Hardy|explicit|5.0|
12:00|mid-day|She dressed herself for Mr. Henchard, and restlessly awaited his call before mid-day; as he did not come she waited on through the afternoon.|The Mayor of Casterbridge|Thomas Hardy|explicit|5.0|
12:00|twelve o'clock at night|In a few days Farfrae's inquiries elicited that Henchard had been seen by one who knew him walking steadily along the Melchester highway eastward, at twelve o'clock at night - in other words, retracing his steps on the road by which he had come.|The Mayor of Casterbridge|Thomas Hardy|pm-cue|5.0|
12:00|noon|Why, I may give you, as an instance, an advertisement, inserted not fifty years ago in a Milton paper, that so-and-so (one of the half-dozen calico-printers of the time) would close his warehouse at noon each day; therefore, that all purchasers must come before that hour.|North and South|Elizabeth Cleghorn Gaskell|explicit|5.0|
12:00|twelve o'clock at night|"One cannot have the attorney-general up at twelve o'clock at night for nothing; - but of course your father has not thought of this."|The Warden|Anthony Trollope|pm-cue|5.0|
12:00|noon|She never saw him but once in the day, when she visited him in his bed about noon, and was aware that he was always at his club throughout the night.|The Way We Live Now|Anthony Trollope|explicit|5.0|
12:00|noon|Her grandfather would be at Harlestone market, and she would meet him at about noon at the bottom of the kitchen garden belonging to the farm.|The Way We Live Now|Anthony Trollope|explicit|5.0|
12:00|noon|He came too at a very early hour, not much after noon, when it was his custom to be eating his breakfast in bed.|The Way We Live Now|Anthony Trollope|explicit|5.0|
12:00|mid-day|Could she have ridden in the park at mid-day in desirable company, and found herself in proper houses at midnight, she would have borne the rest, bad as it might have been.|The Way We Live Now|Anthony Trollope|explicit|5.0|
12:00|noon|Mr. Broune, the way of whose life took him among many perils, who in the course of his work had to steer his bark among many rocks, was in the habit of thus auditing his daily account as he shook off sleep about noon, - for such was his lot, that he seldom was in bed before four or five in the morning.|The Way We Live Now|Anthony Trollope|explicit|5.0|
12:00|twelve o'clock at night|At twelve o'clock at night, when Mr. Alf's committee-room was being closed, and when Melmotte was walking home to bed, the general opinion at the clubs was very much in favour of Mr. Alf.|The Way We Live Now|Anthony Trollope|pm-cue|5.0|
12:00|noon|No one had felt this need more strongly during every hour of the day, - of the day as he counted his days, rising as he did about an hour after noon and going to bed three or four hours after midnight, - than did Dolly Longestaffe.|The Way We Live Now|Anthony Trollope|explicit|5.0|
12:00|noon|Then it was settled that they three should meet in that very room on Friday at noon, and that the payment should then be made, - Dolly stipulating that as his father would be attended by Bideawhile, so would he be attended by Squercum.|The Way We Live Now|Anthony Trollope|explicit|5.0|
12:00|twelve o'clock|It was raining heavily when I got up, and it continued to rain until twelve o'clock - when the clouds dispersed, the blue sky appeared, and the sun shone again with the bright promise of a fine afternoon.|The Woman in White|Wilkie Collins|pm-cue|5.0|
12:00|noon|June twenty-first, the day of the birthday, was cloudy and unsettled at sunrise, but towards noon it cleared up bravely.|The Moonstone|Wilkie Collins|explicit|5.0|
12:00|noon|If the story of the Diamond ever comes to light, it will be known that I accepted a dreadful responsibility; it will be known that I involved myself in the keeping of a miserable secret - but it will be as clear as the sun at noon-day that I did nothing mean!|The Moonstone|Wilkie Collins|explicit|5.0|
12:00|noon|"You have kept London time, which is two hours behind that of Suez. You ought to regulate your watch at noon in each country."|Around the World in Eighty Days|Jules Verne|explicit|5.0|
12:00|noon|On Sunday, October 20th, towards noon, they came in sight of the Indian coast: two hours later the pilot came on board.|Around the World in Eighty Days|Jules Verne|explicit|5.0|
12:00|noon|Kiouni, resuming his rapid gait, soon descended the lower spurs of the Vindhias, and towards noon they passed by the village of Kallenger, on the Cani, one of the branches of the Ganges.|Around the World in Eighty Days|Jules Verne|explicit|5.0|
12:00|noon|Phileas Fogg would thus be able to arrive in time to take the steamer which left Calcutta the next day, October 25th, at noon, for Hong Kong.|Around the World in Eighty Days|Jules Verne|explicit|5.0|
12:00|noon|Calcutta was reached at seven in the morning, and the packet left for Hong Kong at noon; so that Phileas Fogg had five hours before him.|Around the World in Eighty Days|Jules Verne|explicit|5.0|
12:00|noon|There were some signs of a calm at noon, and these became more distinct as the sun descended toward the horizon.|Around the World in Eighty Days|Jules Verne|explicit|5.0|
12:00|midday|The train entered the State of Nevada through the Carson Valley about nine o'clock, going always northeasterly; and at midday reached Reno, where there was a delay of twenty minutes for breakfast.|Around the World in Eighty Days|Jules Verne|explicit|5.0|
12:00|noon|Towards noon Phileas Fogg, having ascertained their position, called Passepartout, and ordered him to go for Captain Speedy.|Around the World in Eighty Days|Jules Verne|explicit|5.0|
12:00|noon|We passed tolerably near to the Island of Aurou, that at noon looked like a mass of green woods, surmounted by a peak of great height.|Twenty Thousand Leagues under the Sea|Jules Verne|explicit|5.0|
12:00|noon|On the 28th of February, when at noon the Nautilus came to the surface of the sea, in 9° 4′ N. lat., there was land in sight about eight miles to westward.|Twenty Thousand Leagues under the Sea|Jules Verne|explicit|5.0|
12:00|noon|The Nautilus returned to its submarine navigation; but at noon, when her bearings were taken, the sea being deserted, she rose again to her waterline.|Twenty Thousand Leagues under the Sea|Jules Verne|explicit|5.0|
12:00|noon|The sun appearing for an instant at noon, Captain Nemo took an observation as near as possible, which gave our situation at 51° 30′ long. and 67° 39′ of S. lat.|Twenty Thousand Leagues under the Sea|Jules Verne|explicit|5.0|
12:00|noon|The next day, April 1st, when the Nautilus ascended to the surface some minutes before noon, we sighted land to the west.|Twenty Thousand Leagues under the Sea|Jules Verne|explicit|5.0|
12:00|noon|It seemed to be seeking a spot it had some trouble in finding. At noon, Captain Nemo himself came to work the ship's log.|Twenty Thousand Leagues under the Sea|Jules Verne|explicit|5.0|
12:00|midday|By midday we were at the end of our journey. I looked upwards, and saw only the upper orifice of the cone, which served as a circular frame to a very small portion of the sky - a portion which seemed to me singularly beautiful.|A Journey to the Centre of the Earth|Jules Verne|explicit|5.0|
12:00|midday|The appearance presented was that of a tropical country at midday in summer - in the midst of the equatorial regions and under the vertical rays of the sun.|A Journey to the Centre of the Earth|Jules Verne|explicit|5.0|
12:00|midday|Some minutes after, the superior of the convent sent to inform the Musketeers that the burial would take place at midday.|The three musketeers|Alexandre Dumas|explicit|5.0|
12:00|midday|At the moment Caderousse quitted his sentry-like watch before the door, the road on which he so eagerly strained his sight was void and lonely as a desert at midday.|The Count of Monte Cristo|Alexandre Dumas|explicit|5.0|
12:00|midday|Towards midday, when the weather was fine, he went forth and took a stroll in the country or in town, often entering lowly dwellings.|Les Misérables|Victor Hugo|explicit|5.0|
12:00|midday|On the morrow, towards midday, Fantine awoke. She heard some one breathing close to her bed; she drew aside the curtain and saw M. Madeleine standing there and looking at something over her head.|Les Misérables|Victor Hugo|explicit|5.0|
12:00|midday|At midday the physician returned, gave some directions, inquired whether the mayor had made his appearance at the infirmary, and shook his head.|Les Misérables|Victor Hugo|explicit|5.0|
12:00|midday|He thought of Marius, who was a student, and who would probably go with the rest, to "deliberate, at midday, on the Place du Panthéon."|Les Misérables|Victor Hugo|explicit|5.0|
12:00|midday|At midday, a thousand white butterflies took refuge there, and it was a divine spectacle to see that living summer snow whirling about there in flakes amid the shade.|Les Misérables|Victor Hugo|explicit|5.0|
12:00|midday|On the morning of the 17th of February, it was a little past midday when Basque, with napkin and feather-duster under his arm, busy in setting his antechamber to rights, heard a light tap at the door.|Les Misérables|Victor Hugo|explicit|5.0|
12:00|midday|After ascending and descending several steps in the corridors, which were so dark that they were lighted by lamps at midday, La Esmeralda, still surrounded by her lugubrious escort, was thrust by the police into a gloomy chamber.|Notre-Dame de Paris|Victor Hugo|explicit|5.0|
12:00|midday|At midday the Russian baggage train, the artillery, and columns of troops were defiling through the town of Enns on both sides of the bridge.|War and Peace|graf Leo Tolstoy|explicit|5.0|
12:00|midday|At midday he was admitted to the Emperor, and an hour later he rode off with Prince Dolgorúkov to the advanced post of the French army.|War and Peace|graf Leo Tolstoy|explicit|5.0|
12:00|midday|Till midday on the nineteenth, the activity - the eager talk, running to and fro, and dispatching of adjutants - was confined to the Emperor's headquarters.|War and Peace|graf Leo Tolstoy|explicit|5.0|
12:00|midday|Beyond that space there was, on the one side, a demonstration made by the Russians with Uvárov's cavalry at midday, and on the other side, beyond Utítsa, Poniatowski's collision with Túchkov; but these two were detached and feeble actions in comparison with what took place in the center of the battlefield.|War and Peace|graf Leo Tolstoy|explicit|5.0|
12:00|midday|At midday on the twenty-second of October Pierre was going uphill along the muddy, slippery road, looking at his feet and at the roughness of the way.|War and Peace|graf Leo Tolstoy|explicit|5.0|
12:00|twelve o'clock|On arriving at twelve o'clock from the station at his flat, Vronsky saw, at the outer door, a hired carriage familiar to him.|Anna Karenina|graf Leo Tolstoy|pm-cue|5.0|
12:00|twelve o'clock|She merely thought that she had to go to see Madame Berthe too that evening, and to make haste home in time for maman's tea at twelve o'clock.|Anna Karenina|graf Leo Tolstoy|pm-cue|5.0|
12:00|midday|And, behold, soon after midday there were signs of something, at first only observed in silence by those who came in and out and were evidently each afraid to communicate the thought in his mind.|The Brothers Karamazov|Fyodor Dostoyevsky|explicit|5.0|
12:00|midday|This was how the fact came to be remembered and established that "at midday, on the day before the event, Mitya had not a farthing, and that he had sold his watch to get money and had borrowed three roubles from his landlord, all in the presence of witnesses."|The Brothers Karamazov|Fyodor Dostoyevsky|explicit|5.0|
12:00|noon|Later, when sleeping and when waking, both at noon and at twilight, he would seem still to be holding a pair of white hands, and moving in the dance.|Dead Souls|Nikolai Vasilevich Gogol|explicit|5.0|
12:00|noon|Towards noon whales were raised; but so soon as the ship sailed down to them, they turned and fled with swift precipitancy; a disordered flight, as of Cleopatra's barges from Actium.|Moby Dick; Or, The Whale|Herman Melville|explicit|5.0|
12:00|noon|So we had the odd spoon, and dropped it in her apron-pocket whilst she was a-giving us our sailing orders, and Jim got it all right, along with her shingle nail, before noon.|Adventures of Huckleberry Finn|Mark Twain|explicit|5.0|
12:00|noon|Then Tom hid himself away in a shady nook to sleep till noon, and the other pirates got ready to fish and explore.|The Adventures of Tom Sawyer, Complete|Mark Twain|explicit|5.0|
12:00|noon|Tom fled home at noon. His conscience could not endure any more of Amy's grateful happiness, and his jealousy could bear no more of the other distress.|The Adventures of Tom Sawyer, Complete|Mark Twain|explicit|5.0|
12:00|noon|He ended by condemning me to die at noon on the 21st; and was so little concerned about it that he stopped to yawn before he named the date.|A Connecticut Yankee in King Arthur's Court|Mark Twain|explicit|5.0|
12:00|noon|Toward noon the guests arrived, and we assembled under a great tree and were soon as sociable as old acquaintances.|A Connecticut Yankee in King Arthur's Court|Mark Twain|explicit|5.0|
12:00|noon|The box-office will be open at noon of the 13th; ad- mission 3 cents, reserved seatsh 5; pro- ceeds to go to the hospital fund The royal pair and all the Court will be pres- ent.|A Connecticut Yankee in King Arthur's Court|Mark Twain|explicit|5.0|
12:00|noon|England will be a hornets' nest before noon to-morrow, if the Church's hand hasn't lost its cunning - and we know it hasn't.|A Connecticut Yankee in King Arthur's Court|Mark Twain|explicit|5.0|
12:00|noon|Toward noon he rose, uncovered his unconscious ward - a section at a time - and took his measure with a string.|The Prince and the Pauper|Mark Twain|explicit|5.0|
12:00|noon|About noon, after a long and weary tramp, the gang came to a halt behind a hedge on the outskirts of a considerable village.|The Prince and the Pauper|Mark Twain|explicit|5.0|
12:00|noon|At noon he was still tramping - among the rabble which followed after the royal procession, now; for he argued that this regal display would attract his little lunatic powerfully.|The Prince and the Pauper|Mark Twain|explicit|5.0|
12:00|noon|Towards noon, Hepzibah saw an elderly gentleman, large and portly, and of remarkably dignified demeanor, passing slowly along on the opposite side of the white and dusty street.|The House of the Seven Gables|Nathaniel Hawthorne|explicit|5.0|
12:00|noon|There was a great run of custom, setting steadily in, from about ten o'clock until towards noon, - relaxing, somewhat, at dinner-time, but recommencing in the afternoon, and, finally, dying away a half an hour or so before the long day's sunset.|The House of the Seven Gables|Nathaniel Hawthorne|explicit|5.0|
12:00|twelve o'clock at night|A man of sturdy understanding, like Judge Pyncheon, cares no more for twelve o'clock at night than for the corresponding hour of noon.|The House of the Seven Gables|Nathaniel Hawthorne|pm-cue|5.0|
12:00|noon|It was long past noon when he awoke. His valet had crept several times on tiptoe into the room to see if he was stirring, and had wondered what made his young master sleep so late.|The Picture of Dorian Gray|Oscar Wilde|explicit|5.0|
12:00|noon|He breakfasted in bed, and remained wallowing there with an air of quiet enjoyment till noon every day - and sometimes even to a later hour.|The Secret Agent: A Simple Tale|Joseph Conrad|explicit|5.0|
12:00|noon|What his business was he did not say; but after his engagement to Winnie he took the trouble to get up before noon, and descending the basement stairs, make himself pleasant to Winnie's mother in the breakfast-room downstairs where she had her motionless being.|The Secret Agent: A Simple Tale|Joseph Conrad|explicit|5.0|
12:00|noon|By noon she had concluded that Anne was smart and obedient, willing to work and quick to learn; her most serious shortcoming seemed to be a tendency to fall into daydreams in the middle of a task and forget all about it until such time as she was sharply recalled to earth by a reprimand or a catastrophe.|Anne of Green Gables|L. M. Montgomery|explicit|5.0|
12:00|noon|At noon they sat down by the roadside, near a little brook, and Dorothy opened her basket and got out some bread.|The Wonderful Wizard of Oz|L. Frank Baum|explicit|5.0|
12:00|noon|He was thinking if he could only get there and cross the river into Canada, he could take his time about getting to Montreal. He was relieved to learn that it would reach there by noon.|Sister Carrie: A Novel|Theodore Dreiser|explicit|5.0|
12:00|noon|On one occasion it was peculiarly cold, and finding no comfort in begging about the streets, he waited until noon before seeking this free offering to the poor.|Sister Carrie: A Novel|Theodore Dreiser|explicit|5.0|
12:00|noon|When McTeague came out of his "Parlors" at noon of the day upon which Trina had heard the news of Maria Macapa's intended marriage, he found Trina burning coffee on a shovel in the sitting-room.|McTeague: A Story of San Francisco|Frank Norris|explicit|5.0|
12:00|twelve o'clock|Marcus Schouler was in his room, the room in the flat just over McTeague's "Parlors" which he had always occupied. It was between eleven and twelve o'clock.|McTeague: A Story of San Francisco|Frank Norris|pm-cue|5.0|
12:00|noon|"Dollarn-half, dollarn-half, dollarn-half, give me two," intoned the auctioneer from the second-hand store. By noon the crowd became a jam.|McTeague: A Story of San Francisco|Frank Norris|explicit|5.0|
12:00|noon|At noon he would retire to a bit of level turf around an angle of the shore and cook his fish, eating them without salt or knife or fork.|McTeague: A Story of San Francisco|Frank Norris|explicit|5.0|
12:00|noon|It was a little past noon, and the day was fine and warm. The leaves of the huge cherry trees threw off a certain pungent aroma that entered through the open window, together with long thin shafts of golden sunlight.|McTeague: A Story of San Francisco|Frank Norris|explicit|5.0|
12:00|twelve o'clock|At twelve o'clock he came out of the mine and lunched on the contents of his dinner-pail, sitting upon the embankment of the track, eating with both hands, and looking around him with a steady ox-like gaze.|McTeague: A Story of San Francisco|Frank Norris|pm-cue|5.0|
12:00|noon|The heat grew steadily fiercer; all distant objects were visibly shimmering and palpitating under it. At noon a mirage appeared on the hills to the northwest.|McTeague: A Story of San Francisco|Frank Norris|explicit|5.0|
12:00|noon|The men were out in the fields all day, husking corn, and when they came in at noon, with long caps pulled down over their ears and their feet in red-lined overshoes, I used to think they were like Arctic explorers.|My Ántonia|Willa Cather|explicit|5.0|
12:00|noon|At noon that day the hens had not been heard from. After dinner Jake and Otto, their damp clothes now dried on them, stretched their stiff arms and plunged again into the drifts.|My Ántonia|Willa Cather|explicit|5.0|
12:00|noon|Otto Fuchs got back from Black Hawk at noon the next day. He reported that the coroner would reach the Shimerdas' sometime that afternoon, but the missionary priest was at the other end of his parish, a hundred miles away, and the trains were not running.|My Ántonia|Willa Cather|explicit|5.0|
12:00|noon|I was glad, when I came home from school at noon, to see a farm-wagon standing in the back yard, and I was always ready to run downtown to get beefsteak or baker's bread for unexpected company.|My Ántonia|Willa Cather|explicit|5.0|
12:00|noon|Cutter would come home at noon, find the mutilated journal in the paper-rack, and triumphantly fit the clipping into the space from which it had been cut.|My Ántonia|Willa Cather|explicit|5.0|
12:00|noon|Emil reached home a little past noon, and when he went into the kitchen Alexandra was already seated at the head of the long table, having dinner with her men, as she always did unless there were visitors.|O Pioneers!|Willa Cather|explicit|5.0|
12:00|noon|Daylight disbanded the phantom crew, and made it clear to her that she would hear from Selden before noon; but the day passed without his writing or coming.|The House of Mirth|Edith Wharton|explicit|5.0|
12:00|noon|James Madison Howland, born in New Hampshire, and Ole Jenson, born in Sweden, both proved that they were free American citizens by grunting, "I don't know whether I got any or not," or "Well, you can't expect me to get it delivered by noon."|Main Street|Sinclair Lewis|explicit|5.0|
12:00|noon|I went to see him on Tuesday morning before ten, no, it was couple minutes after ten, but anyway, it was long before noon - I know because I went right from the bank to the meat market to get some steak - my!|Main Street|Sinclair Lewis|explicit|5.0|
12:00|midday|At midday the sky to the south warmed to rose-colour, and marked where the bulge of the earth intervened between the meridian sun and the northern world.|White Fang|Jack London|explicit|5.0|
12:00|twelve o'clock|At twelve o'clock the southern horizon was warmed by the unseen sun; and then began the cold grey of afternoon that would merge, three hours later, into night.|White Fang|Jack London|pm-cue|5.0|
12:00|midday|Bill seemed to have forgotten his forebodings of the previous night, and even waxed facetious with the dogs when, at midday, they overturned the sled on a bad piece of trail.|White Fang|Jack London|explicit|5.0|
12:00|midday|At midday, not only did the sun warm the southern horizon, but it even thrust its upper rim, pale and golden, above the sky-line.|White Fang|Jack London|explicit|5.0|
12:00|noon|On this presumption, she stopped at noon at a neat farmhouse, to rest herself, and buy some dinner for her child and self; for, as the danger decreased with the distance, the supernatural tension of the nervous system lessened, and she found herself both weary and hungry.|Uncle Tom's Cabin|Harriet Beecher Stowe|explicit|5.0|
12:00|noon|Some of the compassionate and curious bystanders joined the party; and headed by one of the constables arm in arm with Bartleby, the silent procession filed its way through all the noise, and heat, and joy of the roaring thoroughfares at noon.|Bartleby, the Scrivener: A Story of Wall-Street|Herman Melville|explicit|5.0|
12:00|noon|As my train emerged from the tunnel into sunlight, only the hot whistles of the National Biscuit Company broke the simmering hush at noon.|The Great Gatsby|F. Scott Fitzgerald|explicit|5.0|
12:00|noon|I was sure he'd start when he saw the newspapers, just as I was sure there'd be a wire from Daisy before noon - but neither a wire nor Mr. Wolfshiem arrived; no one arrived except more police and photographers and newspaper men.|The Great Gatsby|F. Scott Fitzgerald|explicit|5.0|
12:00|noon|By noon the bright-costumed alumni crowded the streets with their bands and choruses, and in the tents there was great reunion under the orange-and-black banners that curled and strained in the wind.|This Side of Paradise|F. Scott Fitzgerald|explicit|5.0|
12:00|noon|He had risen at noon, lunched with Mrs. Lawrence, and then ridden abstractedly homeward atop one of his beloved buses.|This Side of Paradise|F. Scott Fitzgerald|explicit|5.0|
12:00|noon|The drill continued until noon. It consisted of stressing a succession of infinitely remote details, and though Anthony perceived that this was consistent with the logic of war, it none the less irritated him.|The Beautiful and Damned|F. Scott Fitzgerald|explicit|5.0|
12:00|noon|At drill-call he awoke with a high fever and fainted when he tried to leave his tent - at noon he was sent to the base hospital with influenza.|The Beautiful and Damned|F. Scott Fitzgerald|explicit|5.0|
12:00|noon|Nevertheless, at noon when she had called up several of her acquaintances, including the martial Muriel, and found each one engaged for lunch, she gave way to a quiet pity for herself and her loneliness.|The Beautiful and Damned|F. Scott Fitzgerald|explicit|5.0|
12:00|midday|Jacob sang, lying on his back, looking up into the sky at midday, from which every shred of cloud had been withdrawn, so that it was like something permanently displayed with the cover off.|Jacob's Room|Virginia Woolf|explicit|5.0|
12:00|midday|Quiet at midday, except when the hunt scatters across it; quiet in the afternoon, save for the drifting sheep; at night the moor is perfectly quiet.|Jacob's Room|Virginia Woolf|explicit|5.0|
12:00|midday|Jacob sat himself down in the quarry where the Greeks had cut marble for the theatre. It is hot work walking up Greek hills at midday.|Jacob's Room|Virginia Woolf|explicit|5.0|
12:00|midday|The other four got to their feet grumbling more or less, and betook themselves elsewhere to find lunch, for it was already well past midday.|The Man Who Was Thursday: A Nightmare|G. K. Chesterton|explicit|5.0|
12:00|noon|Gentlemen, upon your honour, you will none of you leave the house till tomorrow at noon; there are bedrooms for all.|The innocence of Father Brown|G. K. Chesterton|explicit|5.0|
12:00|noon|Father Brown could not look at anything without blinking; but the priest of Apollo could look on the blaze at noon without a quiver of the eyelid.|The innocence of Father Brown|G. K. Chesterton|explicit|5.0|
12:00|mid-day|He went up to London towards mid-day and ate a slice of turkey and some Christmas pudding by himself at Gatti's, and since he had nothing to do afterwards went to Westminster Abbey for the afternoon service.|Of Human Bondage|W. Somerset Maugham|explicit|5.0|
12:00|mid-day|The autumn air, blithe and vivacious, elated Philip; and when towards mid-day they stood in the great court-yard of the Louvre, he felt inclined to cry like Flanagan: To hell with art.|Of Human Bondage|W. Somerset Maugham|explicit|5.0|
12:00|mid-day|A bottle of milk was left for her every day and she brought in her own loaf of bread; she ate half the loaf and drank half the milk at mid-day when she came back from the school, and consumed the rest in the evening.|Of Human Bondage|W. Somerset Maugham|explicit|5.0|
12:00|mid-day|He took another whiskey and soda to steady himself, and going to bed sank into a dreamless sleep till mid-day.|Of Human Bondage|W. Somerset Maugham|explicit|5.0|
12:00|mid-day|Here the patients waited after having been given their 'letters' at mid-day; and the long rows of them, bottles and gallipots in hand, some tattered and dirty, others decent enough, sitting in the dimness, men and women of all ages, children, gave one an impression which was weird and horrible.|Of Human Bondage|W. Somerset Maugham|explicit|5.0|
12:00|mid-day|When he awoke it was nearly mid-day, and he thought that soon he must be setting out for London so as to be there in the early morning and answer any advertisements which seemed to promise.|Of Human Bondage|W. Somerset Maugham|explicit|5.0|
12:00|noon|"To - - "Your presence is requested at the funeral of Miss Ann Forsyte, in Highgate Cemetery, at noon of Oct. 1st.|The Forsyte saga, Volume 1|John Galsworthy|explicit|5.0|
12:00|noon|The maid Bilson was in the hall, and in answer to his question: "Where is your mistress?" told him that Mrs. Forsyte had left the house about noon, taking with her a trunk and bag.|The Forsyte saga, Volume 1|John Galsworthy|explicit|5.0|
12:00|midday|He came back at midday with the Scotsman. There was nothing in it, except some further evidence of Paddock and the milkman, and a repetition of yesterday's statement that the murderer had gone North.|The Thirty-Nine Steps|John Buchan|explicit|5.0|
12:00|striking twelve|I remember, however, that we were on a dark footpath between woods and fields when the clocks began striking twelve.|The Amateur Cracksman|E. W. Hornung|pm-cue|5.0|
12:00|midday|At midday he went to Dan Burke's and took his lunch - a bottle of lager beer and a small trayful of arrowroot biscuits.|Dubliners|James Joyce|explicit|5.0|
12:00|noon|Mr Harford sometimes formed one of a little detachment which left the city shortly after noon on Sunday with the purpose of arriving as soon as possible at some public-house on the outskirts of the city where its members duly qualified themselves as bona fide travellers.|Dubliners|James Joyce|explicit|5.0|
12:00|midday|The table was already laid for a large number of people, as on Sundays almost all the tenants ate their dinner here at midday.|The Trial|Franz Kafka|explicit|5.0|
12:00|noon|The idea pleased him mightily, and he worked very hard and got all the letters finished by noon, at which hour it was reported to him that there was a small and rather bedraggled weasel at the door, inquiring timidly whether he could be of any service to the gentlemen.|The Wind in the Willows|Kenneth Grahame|explicit|5.0|
12:00|midday|Then there lifted up a huge gray head that Mowgli knew well, and the hot air was filled with the most desolate cry of all the jungle - the hunting howl of a wolf at midday.|The Jungle Book|Rudyard Kipling|explicit|5.0|
12:00|noon|At noon they turned aside to eat, and the meal was good, plentiful, and well-served on plates of clean leaves, in decency, out of drift of the dust.|Kim|Rudyard Kipling|explicit|5.0|
12:00|mid-day|At mid-day, after talk and a little wayfaring, they slept; meeting the world refreshed when the air was cooler.|Kim|Rudyard Kipling|explicit|5.0|
12:00|noon|Watch him, all Babudom laid aside, smoking at noon on a cot, while a woman with turquoise-studded headgear points south-easterly across the bare grass.|Kim|Rudyard Kipling|explicit|5.0|
12:00|noon|In the morning grave, dignified and sweet, at noon laughing, capricious, at evening whatever one least expected.|The King in Yellow|Robert W. Chambers|explicit|5.0|
12:00|noon|At noon the crowd was increased ten-fold, filling the squares about the gates, and swarming over the inner fortifications.|The King in Yellow|Robert W. Chambers|explicit|5.0|
12:00|twelve o'clock|The very night of his arrival he became very much the worse for drink, and, indeed, after twelve o'clock in the day he could hardly ever be said to be sober.|A Study in Scarlet|Arthur Conan Doyle|guess|4.5|
12:00|twelve o'clock|To get him off her hands she suggested at once that he should walk with her to Samsonov's, where she said she absolutely must go "to settle his accounts," and when Mitya accompanied her at once, she said good-by to him at the gate, making him promise to come at twelve o'clock to take her home again.|The Brothers Karamazov|Fyodor Dostoyevsky|guess|4.5|
12:00|twelve o'clock|"Landlord!" said I, "what sort of a chap is he - does he always keep such late hours?" It was now hard upon twelve o'clock.|Moby Dick; Or, The Whale|Herman Melville|guess|4.5|
12:00|Twelve o'clock|"Twelve o'clock; well now we'll see," said she, turning, and opening the door into the passage-way, and standing as if listening.|Uncle Tom's Cabin|Harriet Beecher Stowe|guess|4.5|
12:00|struck twelve|Mr. Huttle had previously said: "The glorious 'Fourth' is a lucky day for America, and, as it has not yet struck twelve, we will celebrate it with a glass of the best wine to be had in the place, and drink good luck to our bit of business."|The Diary of a Nobody|George Grossmith|guess|4.5|
12:00|struck twelve|Catherine went every five minutes to the clock, threatening on each return that, if it still kept on raining another five minutes, she would give up the matter as hopeless. The clock struck twelve, and it still rained.|Northanger Abbey|Jane Austen|guess|4.0|
12:00|struck twelve|Till midnight, she supposed it would be in vain to watch; but then, when the clock had struck twelve, and all was quiet, she would, if not quite appalled by darkness, steal out and look once more.|Northanger Abbey|Jane Austen|guess|4.0|
12:00|twelve o'clock|We made a pause at the toy shop in Fleet Street, to see the giants of Saint Dunstan's strike upon the bells - we had timed our going, so as to catch them at it, at twelve o'clock - and then went on towards Ludgate Hill, and St. Paul's Churchyard.|David Copperfield|Charles Dickens|guess|4.0|
12:00|twelve o'clock|We will therefore return to Mr. Tupman; merely adding that within some few minutes before twelve o'clock that night, the convocation of worthies of Dingley Dell and Muggleton were heard to sing, with great feeling and emphasis, the beautiful and pathetic national air of|The Pickwick Papers|Charles Dickens|pm-cue|4.0|
12:00|striking twelve|The hour and the place were both favourable to contemplation; Mr. Pickwick was roused by the church clock striking twelve.|The Pickwick Papers|Charles Dickens|guess|4.0|
12:00|striking twelve|As the sound of Carker's fastening the door resounded through the intermediate rooms, and seemed to come hushed and stilled into that last distant one, the sound of the Cathedral clock striking twelve mingled with it, in Edith's ears.|Dombey and Son|Charles Dickens|guess|4.0|
12:00|Twelve o'clock|Twelve o'clock having just struck, and the carriage being reported ready in the outer court-yard, the brothers proceeded down-stairs arm-in-arm.|Little Dorrit|Charles Dickens|guess|4.0|
12:00|twelve o'clock|Just before twelve o'clock I just took a look round afore turnin' in, an', bust me, but when I kem opposite to old Bersicker's cage I see the rails broken and twisted about and the cage empty.|Dracula|Bram Stoker|guess|4.0|
12:00|twelve o'clock|29 September, night. - A little before twelve o'clock we three - Arthur, Quincey Morris, and myself - called for the Professor.|Dracula|Bram Stoker|pm-cue|4.0|
12:00|twelve o'clock|It was twelve o'clock before I got any satisfactory hint of such a building, and this I got at a coffee-shop, where some workmen were having their dinner.|Dracula|Bram Stoker|guess|4.0|
12:00|noon|31 October. - Arrived at Veresti at noon. The Professor tells me that this morning at dawn he could hardly hypnotise me at all, and that all I could say was: "dark and quiet."|Dracula|Bram Stoker|explicit|4.0|
12:00|chimed twelve|At any rate, whatever were my wanderings, the clock chimed twelve as I entered the house; and that gave exactly an hour for every mile of the usual way from Wuthering Heights.|Wuthering Heights|Emily Brontë|guess|4.0|
12:00|struck twelve|It struck twelve - I waited till the time-piece had concluded its silver chime, and the clock its hoarse, vibrating stroke, and then I proceeded.|Jane Eyre: An Autobiography|Charlotte Brontë|guess|4.0|
12:00|noon|About noon, I was summoned to dress Madame. (It appeared my place was to be a hybrid between gouvernante and lady's-maid.)|Villette|Charlotte Brontë|explicit|4.0|
12:00|twelve o'clock|Mr. Bulstrode was a member of the Board, and just before twelve o'clock he started from the Bank with the intention of urging the plan of private subscription.|Middlemarch|George Eliot|guess|4.0|
12:00|twelve o'clock|When she had paid the fare for the last coach, she had only a shilling; and as she got down at the sign of the Green Man in Windsor at twelve o'clock in the middle of the seventh day, hungry and faint, the coachman came up, and begged her to "remember him."|Adam Bede|George Eliot|guess|4.0|
12:00|twelve o'clock|At twelve o'clock the rain began to fall, small and steady, commencing and increasing so insensibly that it was difficult to state exactly when dry weather ended or wet established itself.|The Mayor of Casterbridge|Thomas Hardy|guess|4.0|
12:00|twelve o'clock|A few minutes more, and we should have gone to make the little alterations in dress usual before calling-time (twelve o'clock) in Cranford.|Cranford|Elizabeth Cleghorn Gaskell|guess|4.0|
12:00|twelve o'clock|Somehow, after twelve o'clock, we both acknowledged to a sated curiosity about the fashions, and to a certain fatigue of body (which was, in fact, depression of mind) that indisposed us to go out again.|Cranford|Elizabeth Cleghorn Gaskell|guess|4.0|
12:00|twelve o'clock|At twelve o'clock on the day following that on which Bertie went, Mrs. Bold, true also to her word, knocked at Dr. Stanhope's door with a timid hand and palpitating heart.|Barchester Towers|Anthony Trollope|guess|4.0|
12:00|twelve o'clock|At twelve o'clock Mr. Higgs (of the firm of Higgs & Blatherwick, solicitors, Bedford Row) called by appointment, and was ushered into the governor's private room, and closeted there for more than an hour.|Vanity Fair|William Makepeace Thackeray|guess|4.0|
12:00|Twelve o'clock|Twelve o'clock has struck, and I have just come back to close these pages, after looking out at my open window.|The Woman in White|Wilkie Collins|guess|4.0|
12:00|twelve o'clock|If the disappearance of the half-disc of the sun coincided with twelve o'clock on the chronometer, we were at the pole itself.|Twenty Thousand Leagues under the Sea|Jules Verne|guess|4.0|
12:00|struck twelve|Shortly after we entered a place of communal jurisdiction called Ejulberg, and the clock of which would then have struck twelve, if any Icelandic church had been rich enough to possess so valuable and useful an article.|A Journey to the Centre of the Earth|Jules Verne|guess|4.0|
12:00|twelve o'clock|At twelve o'clock exactly, when the sun had attained its highest altitude for the day, the shadow fell upon the edge of the central pit!|A Journey to the Centre of the Earth|Jules Verne|guess|4.0|
12:00|twelve o'clock|On the eighth, however, at twelve o'clock in the day, the fissure suddenly assumed a much more gentle slope still trending in a southeast direction.|A Journey to the Centre of the Earth|Jules Verne|guess|4.0|
12:00|twelve o'clock|When D'Artagnan arrived in sight of the bare spot of ground which extended along the foot of the monastery, Athos had been waiting about five minutes, and twelve o'clock was striking.|The three musketeers|Alexandre Dumas|guess|4.0|
12:00|twelve o'clock|It is twelve o'clock, Maximilian; thank heaven that you came at noon rather than in the evening, or tomorrow morning.|The Count of Monte Cristo|Alexandre Dumas|guess|4.0|
12:00|twelve o'clock|Women of a certain grade are like prosperous grisettes in one respect, they seldom return home after twelve o'clock.|The Count of Monte Cristo|Alexandre Dumas|guess|4.0|
12:00|twelve o'clock|Then enclosing Monte Cristo's receipt in a little pocket-book, he added: - "Yes, come at twelve o'clock; I shall then be far away."|The Count of Monte Cristo|Alexandre Dumas|guess|4.0|
12:00|twelve o'clock|The younger Emperor could not restrain his wish to be present at the battle and, in spite of the remonstrances of his courtiers, at twelve o'clock left the third column with which he had been and galloped toward the vanguard.|War and Peace|graf Leo Tolstoy|guess|4.0|
12:00|twelve o'clock|Precisely at twelve o'clock, when Anna was still sitting at her writing-table, finishing a letter to Dolly, she heard the sound of measured steps in slippers, and Alexey Alexandrovitch, freshly washed and combed, with a book under his arm, came in to her.|Anna Karenina|graf Leo Tolstoy|guess|4.0|
12:00|twelve o'clock|Everything went rapidly in her hands, and before it was twelve o'clock all their things were arranged cleanly and tidily in her rooms, in such a way that the hotel rooms seemed like home: the beds were made, brushes, combs, looking-glasses were put out, table napkins were spread.|Anna Karenina|graf Leo Tolstoy|guess|4.0|
12:00|twelve o'clock|The time appointed was twelve o'clock, and the prince, returning home unexpectedly late, found the general waiting for him.|The Idiot|Fyodor Dostoyevsky|guess|4.0|
12:00|twelve o'clock|Then they met every day at twelve o'clock on the sea-front, lunched and dined together, went for walks, admired the sea.|The Lady with the Dog and Other Stories|Anton Pavlovich Chekhov|guess|4.0|
12:00|noon|- "and waxed past noon and drew toward evensong. Sir Gawaine's strength feebled and waxed passing faint, that unnethes he might dure any longer, and Sir Marhaus was then bigger and bigger - "|A Connecticut Yankee in King Arthur's Court|Mark Twain|explicit|4.0|
12:00|struck twelve|Here the clock struck twelve, and both forgot themselves in watching Beth, for they fancied a change passed over her wan face.|Little Women|Louisa May Alcott|guess|4.0|
12:00|twelve o'clock|She did not mention this meeting at home (though she discovered that, thanks to the upset, her new dress was much damaged by the rivulets of dressing that meandered down the skirt), but went through with the preparations which now seemed more irksome than before, and at twelve o'clock all was ready again.|Little Women|Louisa May Alcott|guess|4.0|
12:00|twelve o'clock|Some of the other players quit, but observant loungers took their places. Time passed, and it came to twelve o'clock.|Sister Carrie: A Novel|Theodore Dreiser|guess|4.0|
12:00|twelve o'clock|The motormen and conductors and other employees of this company having abruptly left its service, an opportunity is now given to all loyal men who have struck against their will to be reinstated, providing they will make their applications by twelve o'clock noon on Wednesday, January 16th.|Sister Carrie: A Novel|Theodore Dreiser|guess|4.0|
12:00|twelve o'clock|By twelve o'clock, with the sun pouring into the room, the heat became quite oppressive, and we wondered when those heavy showers and occasional thunderstorms were going to begin.|Three men in a boat (to say nothing of the dog)|Jerome K. Jerome|guess|4.0|
12:00|noon|How this performance could affect the decision of grave burgesses at the polls was not apparent; but the Anti-Federationists feared that it might, and before noon was come they had engaged two bands and had composed in committee, the following lyric in reply to the first one:|The Old Wives' Tale|Arnold Bennett|explicit|4.0|
12:00|twelve o'clock|At twelve o'clock precisely, we crept cautiously into the coal-lift and lowered ourselves to the second floor.|Poirot Investigates|Agatha Christie|guess|4.0|
12:00|Twelve o'clock|Twelve o'clock sounded from the new spire of St. Francis Xavier, and at the last stroke of the sad-toned bell a figure passed through the wicket beside the portcullis, returned the salute of the sentry, and crossing the street entered the square and advanced toward the Benedick apartment house.|The King in Yellow|Robert W. Chambers|guess|4.0|
12:00|midday|"Please be at the Black Swan Hotel at Winchester at midday to-morrow," it said.|The Adventures of Sherlock Holmes|Arthur Conan Doyle|explicit|3.5|
12:00|midday|"From Portsmouth at midday," said the secretary, examining the superscription.|His last bow|Arthur Conan Doyle|explicit|3.5|
12:00|twelve o'clock at night|To my bedside she came at twelve o'clock at night, and told me she had no present for me: "I must make fidelity advantageous to the St. Pierre," said she; "if I attempt to make it advantageous to you, there will arise misunderstanding between us - perhaps separation.|Villette|Charlotte Brontë|pm-cue|3.5|
12:00|mid-day|Little comforted by this, she clasped her hands upon her knee, and glancing upward, seemed, in silent anguish, to implore divine assistance; then, turning to me, she calmly said, - "To-morrow, if you meet me on the moor about mid-day, I will tell you all you seek to know; and perhaps you will then see the necessity of discontinuing our intimacy - if, indeed, you do not willingly resign me as one no longer worthy of regard."|The Tenant of Wildfell Hall|Anne Brontë|explicit|3.5|
12:00|noon|"I, on behalf of my client," said Mr. Bideawhile, "will consent to wait till Friday at noon."|The Way We Live Now|Anthony Trollope|explicit|3.5|
12:00|noon|"Stop," said Fogg. "I am only due at Allahabad tomorrow before noon."|Around the World in Eighty Days|Jules Verne|explicit|3.5|
12:00|noon|"We shall be on board by noon," replied his master, placidly.|Around the World in Eighty Days|Jules Verne|explicit|3.5|
12:00|noon|"I do not know," he replied. "At noon I will take our bearings."|Twenty Thousand Leagues under the Sea|Jules Verne|explicit|3.5|
12:00|noon|"It is past noon," said she, "and today is Saturday; I dare say it is the doctor, grandpapa."|The Count of Monte Cristo|Alexandre Dumas|explicit|3.5|
12:00|noon|"I take what you said to me at noon as a declaration that you've never known him to be bad."|The Turn of the Screw|Henry James|explicit|3.5|
12:00|noon|They are done now, and I am going to Valrosa to sketch, will you come?" said Amy, as she joined Laurie one lovely day when he lounged in as usual, about noon.|Little Women|Louisa May Alcott|explicit|3.5|
12:00|noon|'We'll only have a lunch at noon,' Ántonia said, and cook the geese for supper, when our papa will be here.|My Ántonia|Willa Cather|explicit|3.5|
12:00|struck twelve|The clock struck twelve as she passed through the hall. "'Tis twelve; I shall not forget to think of you four hours hence; and by this time to-morrow, perhaps, or a little later, I may be thinking of the possibility of their all calling here.|Emma|Jane Austen|pm-cue|3.0|
12:00|noon|About noon, however, she began - but with a caution - a dread of disappointment which for some time kept her silent, even to her friend - to fancy, to hope she could perceive a slight amendment in her sister's pulse; - she waited, watched, and examined it again and again; - and at last, with an agitation more difficult to bury under exterior calmness, than all her foregoing distress, ventured to communicate her hopes.|Sense and Sensibility|Jane Austen|explicit|3.0|
12:00|noon|She worked very diligently under her aunt's directions, but her diligence and her silence concealed a very absent, anxious mind; and about noon she made her escape with her work to the East room, that she might have no concern in another, and, as she deemed it, most unnecessary rehearsal of the first act, which Henry Crawford was just proposing, desirous at once of having her time to herself, and of avoiding the sight of Mr. Rushworth.|Mansfield Park|Jane Austen|explicit|3.0|
12:00|midday|Thus, Saint Antoine in this vinous feature of his, until midday.|A Tale of Two Cities|Charles Dickens|explicit|3.0|
12:00|midday|"All work is stopped, all assemble there, nobody leads the cows out, the cows are there with the rest. At midday, the roll of drums.|A Tale of Two Cities|Charles Dickens|explicit|3.0|
12:00|noon|As it was almost noon, Joe and I held straight on to Miss Havisham's house.|Great Expectations|Charles Dickens|explicit|3.0|
12:00|midday|"I am extremely sorry; but I knew there was a coach from your part of the country at midday, and I thought you would come by that one.|Great Expectations|Charles Dickens|explicit|3.0|
12:00|mid-day|At about mid-day, we set out for the office of Messrs Spenlow and Jorkins, in Doctors' Commons.|David Copperfield|Charles Dickens|explicit|3.0|
12:00|strike twelve|I heard the clocks strike twelve, and was still reading, without knowing what I read, when Agnes touched me.|David Copperfield|Charles Dickens|pm-cue|3.0|
12:00|noon|Kenge and Carboy to Mr. Boythorn informing him that one of their clerks would wait upon him at noon.|Bleak House|Charles Dickens|explicit|3.0|
12:00|twelve o'clock|Said to-day was his birthday and he'd hand 'em over to-night at twelve o'clock.|Bleak House|Charles Dickens|pm-cue|3.0|
12:00|twelve o'clock at night|"We made the discovery in consequence of his having, in his eccentric way, an appointment with you at twelve o'clock at night, when you were to explain some writing to him as you had often done before on account of his not being able to read.|Bleak House|Charles Dickens|pm-cue|3.0|
12:00|twelve o'clock at night|Damp chaise - strange horses - fifteen miles an hour - and twelve o'clock at night!'|The Pickwick Papers|Charles Dickens|pm-cue|3.0|
12:00|noon|Let us hear no more of this, we pray you. Sisters, it is nearly noon.|Nicholas Nickleby|Charles Dickens|explicit|3.0|
12:00|noon|I am going straight home, and shall remain at home to-morrow until noon.|Our Mutual Friend|Charles Dickens|explicit|3.0|
12:00|noon|Next morning it was there; at noon; at night Darkest and most distinct at night, as is now to be told.|Dombey and Son|Charles Dickens|explicit|3.0|
12:00|noon|At noon it poured down more hopelessly and heavily than ever without the faintest promise of abatement.|The Old Curiosity Shop|Charles Dickens|explicit|3.0|
12:00|noon|They worked gaily in ordering and arranging their houses until noon, and then went to visit the clergyman.|The Old Curiosity Shop|Charles Dickens|explicit|3.0|
12:00|noon|"Call for me here at noon to-morrow, and we'll go together and settle everything," he answered.|A Study in Scarlet|Arthur Conan Doyle|explicit|3.0|
12:00|midday|I went out about midday to transact some business in Oxford Street.|The Memoirs of Sherlock Holmes|Arthur Conan Doyle|explicit|3.0|
12:00|midday|Professor Coram was still in bed, for when the weather is bad he seldom rises before midday.|The Return of Sherlock Holmes|Arthur Conan Doyle|explicit|3.0|
12:00|twelve o'clock|He had actually arrived at twelve o'clock, and appeared to be overwhelmed by the unexpected tragedy.|The Return of Sherlock Holmes|Arthur Conan Doyle|pm-cue|3.0|
12:00|noon|Therefore I shall expect to meet you in the smoking-room of the Charing Cross Hotel at noon on Saturday.|His last bow|Arthur Conan Doyle|explicit|3.0|
12:00|midday|Until about midday the Pool of London was an astonishing scene.|The war of the worlds|H. G. Wells|explicit|3.0|
12:00|noon|It was already past noon. Why was I wandering alone in this city of the dead?|The war of the worlds|H. G. Wells|explicit|3.0|
12:00|midday|"I slept during the forenoon, pulling the sheet over my eyes to shut out the light, and about midday I was awakened again by a knocking.|The Invisible Man: A Grotesque Romance|H. G. Wells|explicit|3.0|
12:00|midday|Let him take precautions; it will impress my people. Death starts from the pillar box by midday.|The Invisible Man: A Grotesque Romance|H. G. Wells|explicit|3.0|
12:00|noon|Towards noon certain of them came and squatted basking in the hot sand.|The island of Doctor Moreau|H. G. Wells|explicit|3.0|
12:00|noon|About noon I stopped at the captain's door with some cooling drinks and medicines.|Treasure Island|Robert Louis Stevenson|explicit|3.0|
12:00|noon|"And when? says you," he added. "Why, from about noon observation to about six bells."|Treasure Island|Robert Louis Stevenson|explicit|3.0|
12:00|noon|After dinner the squire and the doctor sat by the captain's side awhile in consultation; and when they had talked to their hearts' content, it being then a little past noon, the doctor took up his hat and pistols, girt on a cutlass, put the chart in his pocket, and with a musket over his shoulder crossed the palisade on the north side and set off briskly through the trees.|Treasure Island|Robert Louis Stevenson|explicit|3.0|
12:00|noon|That was, at least, the end of that; and before noon, to my inexpressible joy, the highest rock of Treasure Island had sunk into the blue round of sea.|Treasure Island|Robert Louis Stevenson|explicit|3.0|
12:00|noon|On 6 July we finished taking in cargo, silver sand and boxes of earth. At noon set sail.|Dracula|Bram Stoker|explicit|3.0|
12:00|noon|There is a funeral at noon, so here we shall all come before long after that.|Dracula|Bram Stoker|explicit|3.0|
12:00|noon|I wonder where Mina is now, and Van Helsing. They should have got to Veresti about noon on Wednesday.|Dracula|Bram Stoker|explicit|3.0|
12:00|noon|"The old man, leaning on his son, walked each day at noon, when it did not rain, as I found it was called when the heavens poured forth its waters.|Frankenstein; or, the modern prometheus|Mary Wollstonecraft Shelley|explicit|3.0|
12:00|noon|This is t' way on 't: - up at sun-down: dice, brandy, cloised shutters, und can'le-light till next day at noon: then, t' fooil gangs banning un raving to his cham'er, makking dacent fowks dig thur fingers i' thur lugs fur varry shame; un' the knave, why he can caint his brass, un' ate, un' sleep, un' off to his neighbour's to gossip wi' t' wife.|Wuthering Heights|Emily Brontë|explicit|3.0|
12:00|noon|"This morning, when I came down, about half an hour before noon, Mr. Earnshaw was sitting by the fire, deadly sick; his evil genius, almost as gaunt and ghastly, leant against the chimney.|Wuthering Heights|Emily Brontë|explicit|3.0|
12:00|noon|Next day, by noon, I was up and dressed, and sat wrapped in a shawl by the nursery hearth.|Jane Eyre: An Autobiography|Charlotte Brontë|explicit|3.0|
12:00|twelve o'clock|Last night I cannot tell you what I suffered when I sought all over the house, and could find you nowhere, nor the master either; and then, at twelve o'clock, saw you come in with him."|Jane Eyre: An Autobiography|Charlotte Brontë|pm-cue|3.0|
12:00|noon|Till noon, she haunted the house in her wrapping-gown, shawl, and soundless slippers.|Villette|Charlotte Brontë|explicit|3.0|
12:00|noon|"Goton could do nothing for me but bring me a little tisane and a crust of bread, and I had rejected both so often during the past week, that the good woman got tired of useless journeys from the dwelling-house kitchen to the school-dormitory, and only came once a day at noon to make my bed.|Villette|Charlotte Brontë|explicit|3.0|
12:00|midday|It was about midday when we reached the place of our destination.|The Tenant of Wildfell Hall|Anne Brontë|explicit|3.0|
12:00|twelve o'clock|But at dinner, when, after breakfasting at twelve o'clock on a bottle of soda-water and a cup of strong coffee, and lunching at two on another bottle of soda-water mingled with brandy, he was finding fault with everything on the table, and declaring we must change our cook, I thought the time was come.|The Tenant of Wildfell Hall|Anne Brontë|pm-cue|3.0|
12:00|twelve o'clock|That night after twelve o'clock Mary Garth relieved the watch in Mr. Featherstone's room, and sat there alone through the small hours.|Middlemarch|George Eliot|pm-cue|3.0|
12:00|noon|I'll go to the village this forenoon, because Mr. Burge 'ull want to see me, and Seth shall stay at home and begin the coffin. I can come back at noon, and then he can go."|Adam Bede|George Eliot|explicit|3.0|
12:00|twelve o'clock|That would not be for more than an hour to come, for Seth would scarcely be at home much before their dinner-time, which was twelve o'clock.|Adam Bede|George Eliot|pm-cue|3.0|
12:00|mid-day|Its heavy scents weighed upon them, and at mid-day the landscape seemed lying in a swoon.|Tess of the d'Urbervilles: A Pure Woman|Thomas Hardy|explicit|3.0|
12:00|noon|However, about noon she paused by a gate on the edge of the basin in which Emminster and its Vicarage lay.|Tess of the d'Urbervilles: A Pure Woman|Thomas Hardy|explicit|3.0|
12:00|twelve o'clock|Conjecture was useless, and just after twelve o'clock he entered and went to bed.|Tess of the d'Urbervilles: A Pure Woman|Thomas Hardy|pm-cue|3.0|
12:00|twelve o'clock|I'll sit up for him myself till twelve o'clock, and if he has not arrived by that time, I shall give him up and go to bed too."|Far from the Madding Crowd|Thomas Hardy|pm-cue|3.0|
12:00|midday|In another part of the hill an altogether different scene began to force itself upon the eye towards midday.|Far from the Madding Crowd|Thomas Hardy|explicit|3.0|
12:00|noon|From six that morning till past noon the huge wood fire in the kitchen roared and sparkled at its highest, the kettle, the saucepan, and the three-legged pot appearing in the midst of the flames like Shadrach, Meshach, and Abednego; moreover, roasting and basting operations were continually carried on in front of the genial blaze.|Far from the Madding Crowd|Thomas Hardy|explicit|3.0|
12:00|mid-day|So that, though close to the turnpike-road, crimes might be perpetrated there unseen at mid-day.|The Mayor of Casterbridge|Thomas Hardy|explicit|3.0|
12:00|noon|She found him asleep in his room at noon and again at two; and when she sought him again he had flown.|The Way We Live Now|Anthony Trollope|explicit|3.0|
12:00|noon|Georgiana condescended to borrow the carriage and reached her friend's house a little after noon.|The Way We Live Now|Anthony Trollope|explicit|3.0|
12:00|noon|The 'Adriatic,' - that's a White Star boat, goes on Thursday week at noon.|The Way We Live Now|Anthony Trollope|explicit|3.0|
12:00|noon|Don't let us be done out of all our settled arrangements by the folly of an idle girl. Will you come on Sunday morning about noon?"|The Way We Live Now|Anthony Trollope|explicit|3.0|
12:00|noon|I have come to say that, if you will undertake to stop proceedings which have been commenced in the City, I will have fifty thousand pounds, - which is the amount due to these two gentlemen, - ready for payment on Friday at noon."|The Way We Live Now|Anthony Trollope|explicit|3.0|
12:00|noon|She did not go to rest till very late and seldom rose till after noon.|Vanity Fair|William Makepeace Thackeray|explicit|3.0|
12:00|midday|Towards midday I went downstairs to attend to some of my regular duties.|The Woman in White|Wilkie Collins|explicit|3.0|
12:00|noon|It was just too late to start by the train which left London before noon.|The Moonstone|Wilkie Collins|explicit|3.0|
12:00|noon|A steamer leaves Calcutta for Hong Kong at noon, on the 25th.|Around the World in Eighty Days|Jules Verne|explicit|3.0|
12:00|noon|At noon the Parsee gave the signal of departure. The country soon presented a very savage aspect.|Around the World in Eighty Days|Jules Verne|explicit|3.0|
12:00|noon|"But the steamer leaves at noon!" observed Passepartout, nervously.|Around the World in Eighty Days|Jules Verne|explicit|3.0|
12:00|noon|The breeze subsided a little towards noon, and set in from the south-west.|Around the World in Eighty Days|Jules Verne|explicit|3.0|
12:00|noon|All sails were now hoisted, and at noon the "Tankadere" was within forty-five miles of Shanghai.|Around the World in Eighty Days|Jules Verne|explicit|3.0|
12:00|noon|About noon Mudge perceived by certain landmarks that he was crossing the Platte River.|Around the World in Eighty Days|Jules Verne|explicit|3.0|
12:00|noon|At noon the next day, a man mounted the bridge to ascertain the vessel's position.|Around the World in Eighty Days|Jules Verne|explicit|3.0|
12:00|noon|I worked in my room till noon, without having seen Captain Nemo, even for an instant.|Twenty Thousand Leagues under the Sea|Jules Verne|explicit|3.0|
12:00|noon|That day at noon, after the bearings were taken, Captain Nemo mounted the platform, where I happened to be, and I was determined not to let him go down again without at least pressing him regarding his ulterior projects.|Twenty Thousand Leagues under the Sea|Jules Verne|explicit|3.0|
12:00|noon|At noon the sun showed itself for an instant. The second profited by this brightness to take its height.|Twenty Thousand Leagues under the Sea|Jules Verne|explicit|3.0|
12:00|noon|"But this statement is not mathematically correct, because the equinox does not necessarily begin at noon."|Twenty Thousand Leagues under the Sea|Jules Verne|explicit|3.0|
12:00|midday|At the moment when he was about to retire, she was cheered with a ray of hope, for she thought he was about to speak; but his lips moved without any sound leaving his mouth, and making a powerful effort to control himself, he sent back to his heart the words that were about to escape from his lips, and went out. Toward midday, Lord de Winter entered.|The three musketeers|Alexandre Dumas|explicit|3.0|
12:00|twelve o'clock|Tomorrow, by twelve o'clock, I shall have the order for your exile, signed, Buckingham.|The three musketeers|Alexandre Dumas|pm-cue|3.0|
12:00|striking twelve|Then, having blown out the lights, the two fugitives, looking and listening eagerly, with outstretched necks, opened the door of a dressing-room which led by a side staircase down to the yard, - Eugénie going first, and holding with one arm the portmanteau, which by the opposite handle Mademoiselle d'Armilly scarcely raised with both hands. The yard was empty; the clock was striking twelve.|The Count of Monte Cristo|Alexandre Dumas|pm-cue|3.0|
12:00|midday|The "sheet" which he held, although Royalist, of course, announced for the following day, without any softening phrases, one of these little events which were of daily occurrence at that date in Paris: "That the students of the schools of law and medicine were to assemble on the Place du Panthéon, at midday, - to deliberate."|Les Misérables|Victor Hugo|explicit|3.0|
12:00|midday|If one were to squeeze their noses, milk would burst out. And they deliberate to-morrow, at midday.|Les Misérables|Victor Hugo|explicit|3.0|
12:00|midday|In spring, sad souls grow light, as light falls into cellars at midday.|Les Misérables|Victor Hugo|explicit|3.0|
12:00|midday|Jean Valjean experienced an indescribable contagion of tranquillity in that alley of ancient Paris, which is so narrow that it is barred against carriages by a transverse beam placed on two posts, which is deaf and dumb in the midst of the clamorous city, dimly lighted at midday, and is, so to speak, incapable of emotions between two rows of lofty houses centuries old, which hold their peace like ancients as they are.|Les Misérables|Victor Hugo|explicit|3.0|
12:00|midday|It might have been three hours past midday when he reached the belt-sewer.|Les Misérables|Victor Hugo|explicit|3.0|
12:00|midday|The emotion on that day, of being at midday and of dreaming of midnight is indescribable.|Les Misérables|Victor Hugo|explicit|3.0|
12:00|midday|"Fool! 'tis here that she is to make her apology in her shift! the good God is going to cough Latin in her face! That is always done here, at midday.|Notre-Dame de Paris|Victor Hugo|explicit|3.0|
12:00|noon|The next day at noon Rodolphe appeared at Charles's door with two saddle-horses.|Madame Bovary|Gustave Flaubert|explicit|3.0|
12:00|midday|"It is at the Hotel de Provence, is it not, that you will wait for me at midday?"|Madame Bovary|Gustave Flaubert|explicit|3.0|
12:00|twelve o'clock|At twelve o'clock, be in the little room behind the chimney-place of the big crush-room.|The Phantom of the Opera|Gaston Leroux|pm-cue|3.0|
12:00|noon|Particularly vivid, humiliating, and shameful was the recollection of how one day soon after his marriage he came out of the bedroom into his study a little before noon in his silk dressing gown and found his head steward there, who, bowing respectfully, looked into his face and at his dressing gown and smiled slightly, as if expressing respectful understanding of his employer's happiness.|War and Peace|graf Leo Tolstoy|explicit|3.0|
12:00|noon|But at noon the adjutant of the regiment came into Rostóv's and Denísov's dugout with a grave and serious face and regretfully showed them a paper addressed to Major Denísov from the regimental commander in which inquiries were made about yesterday's occurrence.|War and Peace|graf Leo Tolstoy|explicit|3.0|
12:00|noon|Denísov lay asleep on his bed with his head under the blanket, though it was nearly noon.|War and Peace|graf Leo Tolstoy|explicit|3.0|
12:00|midday|At midday they put the hounds into a ravine thickly overgrown with young trees.|War and Peace|graf Leo Tolstoy|explicit|3.0|
12:00|midday|The price of weapons, of gold, of carts and horses, kept rising, but the value of paper money and city articles kept falling, so that by midday there were instances of carters removing valuable goods, such as cloth, and receiving in payment a half of what they carted, while peasant horses were fetching five hundred rubles each, and furniture, mirrors, and bronzes were being given away for nothing.|War and Peace|graf Leo Tolstoy|explicit|3.0|
12:00|noon|"No, probably he won't make his entry into Moscow before noon."|War and Peace|graf Leo Tolstoy|explicit|3.0|
12:00|midday|Soon after midday he took his portfolio, full of papers, and drove to his office.|The Lady with the Dog and Other Stories|Anton Pavlovich Chekhov|explicit|3.0|
12:00|midday|The brilliant warm sunshine beating in at the open windows and at the door upon the balcony, the shouts below, the splash of oars, the tinkle of bells, the prolonged boom of the cannon at midday, and the feeling of perfect, perfect freedom, did wonders with me; I felt as though I were growing strong, broad wings which were bearing me God knows whither.|The Lady with the Dog and Other Stories|Anton Pavlovich Chekhov|explicit|3.0|
12:00|mid-day|And perhaps, at mid-day, in the fairest weather, with one half-throttled shriek you drop through that transparent air into the summer sea, no more to rise for ever.|Moby Dick; Or, The Whale|Herman Melville|explicit|3.0|
12:00|midday|No use sterning all, then; but as I was groping at midday, with a blinding sun, all crown-jewels; as I was groping, I say, after the second iron, to toss it overboard - down comes the tail like a Lima tower, cutting my boat in two, leaving each half in splinters; and, flukes first, the white hump backed through the wreck, as though it was all chips.|Moby Dick; Or, The Whale|Herman Melville|explicit|3.0|
12:00|mid-day|With matted beard, and swathed in a bristling shark-skin apron, about mid-day, Perth was standing between his forge and anvil, the latter placed upon an iron-wood log, with one hand holding a pike-head in the coals, and with the other at his forge's lungs, when Captain Ahab came along, carrying in his hand a small rusty-looking leathern bag.|Moby Dick; Or, The Whale|Herman Melville|explicit|3.0|
12:00|noon|So the next day after the funeral, along about noon-time, the girls' joy got the first jolt.|Adventures of Huckleberry Finn|Mark Twain|explicit|3.0|
12:00|noon|About noon the next day the boys arrived at the dead tree; they had come for their tools.|The Adventures of Tom Sawyer, Complete|Mark Twain|explicit|3.0|
12:00|noon|On Saturday, shortly after noon, the boys were at the dead tree again.|The Adventures of Tom Sawyer, Complete|Mark Twain|explicit|3.0|
12:00|noon|A trifle after noon the boys borrowed a small skiff from a citizen who was absent, and got under way at once.|The Adventures of Tom Sawyer, Complete|Mark Twain|explicit|3.0|
12:00|noon|Two days later, toward noon, Sandy began to show signs of excitement and feverish expectancy.|A Connecticut Yankee in King Arthur's Court|Mark Twain|explicit|3.0|
12:00|noon|On my way home at noon, I met Sandy. She had been sampling the hermits.|A Connecticut Yankee in King Arthur's Court|Mark Twain|explicit|3.0|
12:00|noon|"Yes, keep open. Isn't that plain enough? Do they knock off at noon?"|A Connecticut Yankee in King Arthur's Court|Mark Twain|explicit|3.0|
12:00|noon|We took up our line of march and passed out of Cambenet at noon; and it seemed to me unaccountably strange and odd that the King of England and his chief minister, marching manacled and fettered and yoked, in a slave convoy, could move by all manner of idle men and women, and under windows where sat the sweet and the lovely, and yet never attract a curious eye, never provoke a single remark.|A Connecticut Yankee in King Arthur's Court|Mark Twain|explicit|3.0|
12:00|noon|If little Phœbe was about the house, I should not mind knocking; but Miss Hepzibah, likely as not, would scowl down at me out of the window, and look cross, even if she felt pleasantly. So, I'll come back at noon."|The House of the Seven Gables|Nathaniel Hawthorne|explicit|3.0|
12:00|noon|"When next day we left at noon, the crowd, of whose presence behind the curtain of trees I had been acutely conscious all the time, flowed out of the woods again, filled the clearing, covered the slope with a mass of naked, breathing, quivering, bronze bodies.|Heart of Darkness|Joseph Conrad|explicit|3.0|
12:00|noon|Every morning the sun, as if keeping pace in his revolutions with the progress of the pilgrimage, emerged with a silent burst of light exactly at the same distance astern of the ship, caught up with her at noon, pouring the concentrated fire of his rays on the pious purposes of the men, glided past on his descent, and sank mysteriously into the sea evening after evening, preserving the same distance ahead of her advancing bows.|Lord Jim|Joseph Conrad|explicit|3.0|
12:00|noon|It was almost noon when they reached town and found their way to "Beechwood."|Anne of Green Gables|L. M. Montgomery|explicit|3.0|
12:00|noon|But at noon, when the sun was over their heads, they did not know which was east and which was west, and that was the reason they were lost in the great fields.|The Wonderful Wizard of Oz|L. Frank Baum|explicit|3.0|
12:00|noon|"Hello," remarked one of the stout-wristed sole-workers to her at noon.|Sister Carrie: A Novel|Theodore Dreiser|explicit|3.0|
12:00|noon|She would go down in the morning and hunt for work. At noon she would meet Drouet as agreed and tell him.|Sister Carrie: A Novel|Theodore Dreiser|explicit|3.0|
12:00|noon|At five the attorneys would have gone home. He still had the morrow until noon.|Sister Carrie: A Novel|Theodore Dreiser|explicit|3.0|
12:00|noon|"Mayhew won't open the safe till nine," he thought. "They can't get on my track before noon."|Sister Carrie: A Novel|Theodore Dreiser|explicit|3.0|
12:00|noon|Out came the sun by noon, and poured a golden flood through their open windows.|Sister Carrie: A Novel|Theodore Dreiser|explicit|3.0|
12:00|noon|She knew that out in Chicago this very day the same factory chamber was full of poor homely-clad girls working in long lines at clattering machines; that at noon they would eat a miserable lunch in a half-hour; that Saturday they would gather, as they had when she was one of them, and accept the small pay for work a hundred times harder than she was now doing.|Sister Carrie: A Novel|Theodore Dreiser|explicit|3.0|
12:00|noon|At noon she took an uptown car and met McTeague at the corner of Polk Street.|McTeague: A Story of San Francisco|Frank Norris|explicit|3.0|
12:00|noon|At noon she lunched, warming over the coffee left from breakfast, and frying a couple of sausages.|McTeague: A Story of San Francisco|Frank Norris|explicit|3.0|
12:00|noon|At noon, after he had been tramping for some two hours, he halted at a point where the road dipped suddenly.|McTeague: A Story of San Francisco|Frank Norris|explicit|3.0|
12:00|noon|By noon they were climbing the eastern slope of the Panamint Range.|McTeague: A Story of San Francisco|Frank Norris|explicit|3.0|
12:00|noon|Next day our men had to shovel until noon to reach the barn - and the snow was still falling!|My Ántonia|Willa Cather|explicit|3.0|
12:00|noon|When Frances came home at noon, she played until dinner was ready.|My Ántonia|Willa Cather|explicit|3.0|
12:00|midday|At a little past midday, I knew I must be nearing my destination.|My Ántonia|Willa Cather|explicit|3.0|
12:00|noon|They had made an early start one morning and had driven a long way before noon.|O Pioneers!|Willa Cather|explicit|3.0|
12:00|noon|You'd lie abed till noon and play your idiotic fiddle till midnight!|Babbitt|Sinclair Lewis|explicit|3.0|
12:00|noon|Gunch revealed the shocking truth: He had seen Babbitt coming out of a motion-picture theater - at noon!|Babbitt|Sinclair Lewis|explicit|3.0|
12:00|noon|Till she went, four days later, she was curiously still, he cumbrously affectionate. Her train left at noon.|Babbitt|Sinclair Lewis|explicit|3.0|
12:00|noon|At noon they drove into her first farmyard, a private village, a white house with no porches save a low and quite dirty stoop at the back, a crimson barn with white trimmings, a glazed brick silo, an ex-carriage-shed, now the garage of a Ford, an unpainted cow-stable, a chicken-house, a pig-pen, a corn-crib, a granary, the galvanized-iron skeleton tower of a wind-mill.|Main Street|Sinclair Lewis|explicit|3.0|
12:00|noon|Bjornstam had not finished his work at noon, and she invited him to have dinner with Bea in the kitchen.|Main Street|Sinclair Lewis|explicit|3.0|
12:00|noon|Through daylight and dark I follow the bark I keep like a hound on her trail; I'm strongest at noon, yet under the moon, I stiffen the bunt of her sail."|The Sea-Wolf|Jack London|explicit|3.0|
12:00|midday|By midday, though we were well up in the northerly latitudes, the heat was sickening.|The Sea-Wolf|Jack London|explicit|3.0|
12:00|noon|It was a simple affair, now, to go forth in the morning and return by noon with a boatload of seals.|The Sea-Wolf|Jack London|explicit|3.0|
12:00|twelve o'clock|All his blots upon my documents, were dropped there after twelve o'clock, meridian.|Bartleby, the Scrivener: A Story of Wall-Street|Herman Melville|pm-cue|3.0|
12:00|noon|Just before noon the phone woke me, and I started up with sweat breaking out on my forehead.|The Great Gatsby|F. Scott Fitzgerald|explicit|3.0|
12:00|noon|He must have been tired and walking slowly, for he didn't reach Gad's Hill until noon.|The Great Gatsby|F. Scott Fitzgerald|explicit|3.0|
12:00|noon|At noon he ran into a crowd in the Biltmore bar, and the riot began again.|This Side of Paradise|F. Scott Fitzgerald|explicit|3.0|
12:00|noon|At noon Anthony set off at a run for the nearest canteen telephone.|The Beautiful and Damned|F. Scott Fitzgerald|explicit|3.0|
12:00|mid-day|At mid-day young women walk out into the air. All the men are busy in the town.|Jacob's Room|Virginia Woolf|explicit|3.0|
12:00|midday|Although the beauty is sufficiently humane to weaken us, to stir the deep deposit of mud - memories, abandonments, regrets, sentimental devotions - the Parthenon is separate from all that; and if you consider how it has stood out all night, for centuries, you begin to connect the blaze (at midday the glare is dazzling and the frieze almost invisible) with the idea that perhaps it is beauty alone that is immortal.|Jacob's Room|Virginia Woolf|explicit|3.0|
12:00|mid-day|But there was no letter from her in the morning, and, when about mid-day he called, the maid told him she had not arrived.|Of Human Bondage|W. Somerset Maugham|explicit|3.0|
12:00|noon|There was never any sound in the flat, outside the kitchen, until noon.|The Old Wives' Tale|Arnold Bennett|explicit|3.0|
12:00|noon|About noon, when Sophia was moving anxiously around her, she suddenly screamed.|The Old Wives' Tale|Arnold Bennett|explicit|3.0|
12:00|midday|It was past midday when they climbed the steep path to the manor.|Sons and Lovers|D. H. Lawrence|explicit|3.0|
12:00|midday|Her face was like a small, fine mask, sinister too, masked with unwilling suffering. It was almost midday.|Women in Love|D. H. Lawrence|explicit|3.0|
12:00|midday|About midday I entered a long straggling village, and had a mind to stop and eat.|The Thirty-Nine Steps|John Buchan|explicit|3.0|
12:00|noon|I went on with my work, and as the morning grew towards noon I was cheered by a little traffic.|The Thirty-Nine Steps|John Buchan|explicit|3.0|
12:00|midday|Just about midday a big car stole down the hill, glided past and drew up a hundred yards beyond.|The Thirty-Nine Steps|John Buchan|explicit|3.0|
12:00|midday|It was as well, for the weather changed before midday to a thick drizzle of rain.|The Thirty-Nine Steps|John Buchan|explicit|3.0|
12:00|mid-day|Go, if you want to, and come again about mid-day for the cash.|The Amateur Cracksman|E. W. Hornung|explicit|3.0|
12:00|Twelve o'clock|"Twelve o'clock to-morrow. Piccadilly Tube station. Will that suit you?"|The Secret Adversary|Agatha Christie|pm-cue|3.0|
12:00|noon|By walking stifflegged. Suffered untold misery. Deadly agony. About noon.|Ulysses|James Joyce|explicit|3.0|
12:00|midday|"Oh! not before midday!" my aunt would reply in a tone of resignation, darting an uneasy glance at the clock, but stealthily, so as not to let it be seen that she, who had renounced all earthly joys, yet found a keen satisfaction in learning that Mme. Goupil was expecting company to luncheon, though, alas, she must wait a little more than an hour still before enjoying the spectacle.|Swann's Way|Marcel Proust|explicit|3.0|
12:00|noon|He drew back his hanger; and for that instant his sun was at noon.|Peter Pan|J. M. Barrie|explicit|3.0|
12:00|midday|So Baloo, the Teacher of the Law, taught him the Wood and Water Laws: how to tell a rotten branch from a sound one; how to speak politely to the wild bees when he came upon a hive of them fifty feet above ground; what to say to Mang the Bat when he disturbed him in the branches at midday; and how to warn the water-snakes in the pools before he splashed down among them.|The Jungle Book|Rudyard Kipling|explicit|3.0|
12:00|noon|"It was to have been next September, but an hour ago a despatch came ordering our regiment to the Presidio, San Francisco. We leave at noon to-morrow.|The King in Yellow|Robert W. Chambers|explicit|3.0|
12:00|noon|At noon next day when I called, I found Boris walking restlessly about his studio.|The King in Yellow|Robert W. Chambers|explicit|3.0|
12:00|noon|By noon I had the study fairly well rubbed in and Tessie came to look at it.|The King in Yellow|Robert W. Chambers|explicit|3.0|
12:00|noon|Elliott raised his voice: "I say, you fellows, we saw some flowers carried into Rue Barrée's house at noon."|The King in Yellow|Robert W. Chambers|explicit|3.0|
12:00|twelve o'clock|'Why, he has a troublesome affair of business,' replied Crowl, 'and will not be home before twelve o'clock.|Nicholas Nickleby|Charles Dickens|guess|2.5|
12:00|twelve o'clock|'Do you know what the time is?' said Mr Groves, who was smoking with his friends. 'Past twelve o'clock - '|The Old Curiosity Shop|Charles Dickens|guess|2.5|
12:00|twelve o'clock|Cheap entertainment for man and beast,' said Mr Groves, quoting his sign-board. 'Half-past twelve o'clock.'|The Old Curiosity Shop|Charles Dickens|guess|2.5|
12:00|twelve o'clock|"Papa, I thought you were never coming back," said the lady; "it's twelve o'clock."|The Warden|Anthony Trollope|guess|2.5|
12:00|noon|At length, towards noon, upon the final dismissal of the ship's riggers, and after the Pequod had been hauled out from the wharf, and after the ever-thoughtful Charity had come off in a whale-boat, with her last gift - a night-cap for Stubb, the second mate, her brother-in-law, and a spare Bible for the steward - after all this, the two Captains, Peleg and Bildad, issued from the cabin, and turning to the chief mate, Peleg said:|Moby Dick; Or, The Whale|Herman Melville|explicit|2.5|
12:00|struck twelve|The clock struck twelve - and Catherine had been half an hour asleep.|Northanger Abbey|Jane Austen|guess|2.0|
12:00|struck twelve|He waited and waited, and the clock struck twelve; but Doctor Manette did not come back.|A Tale of Two Cities|Charles Dickens|guess|2.0|
12:00|struck twelve|Therefore, when we went upstairs and had waited listening until the clock struck twelve in order that only I might be the first to wish my darling all good wishes on her birthday and to take her to my heart, I set before her, just as I had set before myself, the goodness and honour of her cousin John and the happy life that was in store for me.|Bleak House|Charles Dickens|guess|2.0|
12:00|twelve o'clock|About half-past twelve o'clock, when Mr. Winkle had been revelling some twenty minutes in the full luxury of his first sleep, he was suddenly awakened by a loud knocking at his chamber door, which, being repeated with increased vehemence, caused him to start up in bed, and inquire who was there, and what the matter was.|The Pickwick Papers|Charles Dickens|guess|2.0|
12:00|twelve o'clock|He wouldn't be, till twelve o'clock; there was no chance of it.|Nicholas Nickleby|Charles Dickens|guess|2.0|
12:00|twelve o'clock|'Nobody will pay you interest for the money, I suppose, between this and twelve o'clock; will they?'|Nicholas Nickleby|Charles Dickens|guess|2.0|
12:00|twelve o'clock|"I have requested Mrs Granger's permission to call on her to-morrow morning - for a purpose - and she has appointed twelve o'clock.|Dombey and Son|Charles Dickens|guess|2.0|
12:00|twelve o'clock|No; you are strict, you are; we must wait over twelve o'clock, and get into Monday.|Little Dorrit|Charles Dickens|guess|2.0|
12:00|twelve o'clock|He took the telegram out of his pocket, and handed it to me. It was dated from Poplar at twelve o'clock.|The Sign of the Four|Arthur Conan Doyle|guess|2.0|
12:00|Twelve o'clock|Twelve o'clock had scarce rung out over London, ere the knocker sounded very gently on the door.|The strange case of Dr. Jekyll and Mr. Hyde|Robert Louis Stevenson|guess|2.0|
12:00|strike twelve|Just after I had taken my place I heard a distant clock strike twelve, and in time came one and two.|Dracula|Bram Stoker|guess|2.0|
12:00|noon|1 October. - It was towards noon when I was awakened by the Professor walking into my room.|Dracula|Bram Stoker|explicit|2.0|
12:00|striking twelve|"Myself!" she gasped, "and the clock is striking twelve! It's true, then! that's dreadful!"|Wuthering Heights|Emily Brontë|guess|2.0|
12:00|twelve o'clock|She was fast relapsing into stupor; nor did her mind again rally: at twelve o'clock that night she died.|Jane Eyre: An Autobiography|Charlotte Brontë|guess|2.0|
12:00|twelve o'clock|The Baronet added in very obliging words that he himself was particularly desirous of seeing the Freshitt and Tipton estates under the same management, and he hoped to be able to show that the double agency might be held on terms agreeable to Mr. Garth, whom he would be glad to see at the Hall at twelve o'clock on the following day.|Middlemarch|George Eliot|guess|2.0|
12:00|twelve o'clock|Before twelve o'clock there had been some heavy storms of rain, and the water lay in deep gutters on the sides of the gravel walks in the garden of Broxton Parsonage; the great Provence roses had been cruelly tossed by the wind and beaten by the rain, and all the delicate-stemmed border flowers had been dashed down and stained with the wet soil.|Adam Bede|George Eliot|guess|2.0|
12:00|twelve o'clock|George's son had done his work so thoroughly that he was considered too good a workman to live, and was, in fact, taken and tragically shot at twelve o'clock that same day - another instance of the untoward fate which so often attends dogs and other philosophers who follow out a train of reasoning to its logical conclusion, and attempt perfectly consistent conduct in a world made up so largely of compromise.|Far from the Madding Crowd|Thomas Hardy|guess|2.0|
12:00|twelve o'clock|"In Casterbridge, or rather I shall be living here after twelve o'clock to-day."|The Mayor of Casterbridge|Thomas Hardy|guess|2.0|
12:00|twelve o'clock|He heard, however, but few particulars beyond those known to him already, the incident of the deepest interest on the journey being the soft pealing of the Casterbridge bells, which reached the travellers' ears while the van paused on the top of Yalbury Hill to have the drag lowered. The time was just after twelve o'clock.|The Mayor of Casterbridge|Thomas Hardy|guess|2.0|
12:00|twelve o'clock|Passepartout approached and read one of these notices, which stated that Elder William Hitch, Mormon missionary, taking advantage of his presence on train No. 48, would deliver a lecture on Mormonism in car No. 117, from eleven to twelve o'clock; and that he invited all who were desirous of being instructed concerning the mysteries of the religion of the "Latter Day Saints" to attend.|Around the World in Eighty Days|Jules Verne|guess|2.0|
12:00|twelve o'clock|He neither thought of eating nor drinking. In this way twelve o'clock came round.|A Journey to the Centre of the Earth|Jules Verne|guess|2.0|
12:00|twelve o'clock|The last alternative seemed the most prudent, so he waited until twelve o'clock.|The Count of Monte Cristo|Alexandre Dumas|guess|2.0|
12:00|twelve o'clock|The priest thought of midday; twelve o'clock had come back again.|Notre-Dame de Paris|Victor Hugo|guess|2.0|
12:00|twelve o'clock|But the next day at twelve o'clock she received a summons, and the sight of the stamped paper, on which appeared several times in large letters, "Maitre Hareng, bailiff at Buchy," so frightened her that she rushed in hot haste to the linendraper's.|Madame Bovary|Gustave Flaubert|guess|2.0|
12:00|twelve o'clock|Zossimov has gone, so you must. Don't go. What's the time? Is it twelve o'clock?|Crime and Punishment|Fyodor Dostoyevsky|guess|2.0|
12:00|struck twelve|A cheap little clock on the wall struck twelve hurriedly, and served to begin the conversation.|The Brothers Karamazov|Fyodor Dostoyevsky|guess|2.0|
12:00|twelve o'clock|But it was not twelve o'clock when a messenger came to say that Nastasia was very bad, and he must come at once.|The Idiot|Fyodor Dostoyevsky|guess|2.0|
12:00|strike twelve|And it took four minutes to strike twelve. Then there was a hush; and again it seemed as though everything were dead.|The Lady with the Dog and Other Stories|Anton Pavlovich Chekhov|guess|2.0|
12:00|noon|When school broke up at noon, Tom flew to Becky Thatcher, and whispered in her ear:|The Adventures of Tom Sawyer, Complete|Mark Twain|explicit|2.0|
12:00|twelve o'clock|When he arrived home, about half-past twelve o'clock, he saw a telegram lying on the hall table.|The Picture of Dorian Gray|Oscar Wilde|guess|2.0|
12:00|Twelve o'clock|Twelve o'clock arrived, the hour for closing, and with it the company took leave.|Sister Carrie: A Novel|Theodore Dreiser|guess|2.0|
12:00|twelve o'clock|It was after twelve o'clock when this laborious vehicle dropped him at old Catherine's.|The Age of Innocence|Edith Wharton|guess|2.0|
12:00|struck twelve|After a while, Mrs. Bird opened a wardrobe, and, taking from thence a plain, serviceable dress or two, she sat down busily to her work-table, and, with needle, scissors, and thimble, at hand, quietly commenced the "letting down" process which her husband had recommended, and continued busily at it till the old clock in the corner struck twelve, and she heard the low rattling of wheels at the door.|Uncle Tom's Cabin|Harriet Beecher Stowe|guess|2.0|
12:00|struck twelve|A heavy old Dutch clock, that stood in the corner of the room, began, and slowly struck twelve.|Uncle Tom's Cabin|Harriet Beecher Stowe|guess|2.0|
12:00|twelve o'clock|Nevertheless, as he was in many ways a most valuable person to me, and all the time before twelve o'clock, meridian, was the quickest, steadiest creature too, accomplishing a great deal of work in a style not easy to be matched - for these reasons, I was willing to overlook his eccentricities, though indeed, occasionally, I remonstrated with him.|Bartleby, the Scrivener: A Story of Wall-Street|Herman Melville|guess|2.0|
12:00|twelve o'clock|He jumped to his feet and looked at the phosphorescent hands of his wrist watch. It was twelve o'clock.|The Beautiful and Damned|F. Scott Fitzgerald|guess|2.0|
12:00|struck twelve|The clock struck twelve, and the model with a cry of relief stepped down from the stand.|Of Human Bondage|W. Somerset Maugham|guess|2.0|
12:00|twelve o'clock|Often, on bright sunny mornings, the men are seen trooping home again at ten, eleven, or twelve o'clock.|Sons and Lovers|D. H. Lawrence|guess|2.0|
12:05|five minutes past twelve o'clock|At five minutes past twelve o'clock next day, he directed Mrs. Bounderby's property to be carefully packed up and sent to Tom Gradgrind's; advertised his country retreat for sale by private contract; and resumed a bachelor life.|Hard Times|Charles Dickens|pm-cue|5.0|
12:05|five minutes past twelve|All the stuffs were cheap and showy and shabby; all the furniture was cracked, warped, or broken. The clock showed five minutes past twelve at five o'clock.|The Old Wives' Tale|Arnold Bennett|guess|4.0|
12:05|five minutes past twelve|Pauline Stacey fell from this floor to the ground at five minutes past twelve.|The innocence of Father Brown|G. K. Chesterton|guess|2.0|
12:15|a quarter past midday|It was a quarter past midday. The sun was in its zenith, and the spot chosen for the scene of the duel was exposed to its full ardor.|The three musketeers|Alexandre Dumas|explicit|5.0|
12:15|12.15|It gave her an excuse, and after encountering quite a number of them, and noting that the clock registered 12.15, she decided that it would be no use to seek further to-day, so she got on a car and went to Lincoln Park.|Sister Carrie: A Novel|Theodore Dreiser|guess|4.0|
12:15|a quarter after twelve o'clock|'Outside,' replied Riderhood, always beating it out, with his head determinedly set askew, and his eyes watchfully dividing their attention between his two auditors, 'outside the door of the Six Jolly Fellowships, towards a quarter after twelve o'clock at midnight - but I will not in my conscience undertake to swear to so fine a matter as five minutes - on the night when he picked up the body.|Our Mutual Friend|Charles Dickens|pm-cue|3.5|
12:15|a quarter past twelve o'clock|"It is well," said the abbé; "we have some hours before us - it is now just a quarter past twelve o'clock."|The Count of Monte Cristo|Alexandre Dumas|guess|2.5|
12:15|quarter past twelve|"Endeavor not to make me wait; for at quarter past twelve I will cut off your ears as you run."|The three musketeers|Alexandre Dumas|guess|2.0|
12:15|a quarter past twelve|At a quarter past twelve they issued forth side by side, heavily clad, into the mournful streets.|The Old Wives' Tale|Arnold Bennett|guess|2.0|
12:17|seventeen minutes past twelve|This went on until seventeen minutes past twelve, the precise instant at which we rejoined Hans, who, having been somewhat in advance, had suddenly stopped.|A Journey to the Centre of the Earth|Jules Verne|guess|4.0|
12:20|twenty minutes past twelve|"In the Baltic Sea, in the dead of night; five-and-twenty minutes past twelve when the captain's watch stopped in his pocket; he lying dead against the main-mast - on the fourteenth of February, seventeen forty-nine!" cried Walter, with great animation.|Dombey and Son|Charles Dickens|pm-cue|5.5|
12:20|twenty minutes after twelve|There, it is twenty minutes after twelve, and now I shall give it up entirely.|Northanger Abbey|Jane Austen|pm-cue|3.0|
12:20|forty to one|"Oh Lord!" groaned Terry. "The Colonels! It's all up - they're forty to one."|Herland|Charlotte Perkins Gilman|guess|2.0|
12:23|twenty-three minutes past twelve|The time, now, was twenty-three minutes past twelve. The next half hour, at most, would decide the question of whether he would, or would not, get up from his bed, and leave the room.|The Moonstone|Wilkie Collins|pm-cue|5.0|
12:30|half past twelve|The counting-house clock was at half past twelve, and there was general preparation for going to dinner, when Mr. Quinion tapped at the counting-house window, and beckoned to me to go in.|David Copperfield|Charles Dickens|pm-cue|5.0|
12:30|12.30 p.m|It was dated March 25, 12.30 p.m., and witnessed by Albert Pike, confectioner, and Jessie Pike, married woman.|Poirot Investigates|Agatha Christie|explicit|5.0|
12:30|half past twelve|At half past twelve, when Catherine's anxious attention to the weather was over and she could no longer claim any merit from its amendment, the sky began voluntarily to clear.|Northanger Abbey|Jane Austen|guess|4.0|
12:30|half past twelve o'clock|This was in part confirmed by his aunt, who saw him at half past twelve o'clock, soon after his release, and affirmed that he was then as red as I was.|David Copperfield|Charles Dickens|guess|4.0|
12:30|twelve-thirty|The assistants crowded in noisily, and sat down on forms still warm from those who had dined at twelve-thirty.|Of Human Bondage|W. Somerset Maugham|guess|4.0|
12:30|half past twelve|Does anybody wonder that I got home at half past twelve instead of half past ten?|The Moonstone|Wilkie Collins|pm-cue|3.0|
12:40|twenty to one|He wondered if the dear little thing were thinking of him too - twenty to one she was.|Adam Bede|George Eliot|pm-cue|3.0|
12:40|twenty to one|Why, of course, the chances are twenty to one that it has nothing to do with them.|The innocence of Father Brown|G. K. Chesterton|pm-cue|3.0|
12:40|twenty to one|There never was a time when there wasn't trouble when you and that brother of yours got together, and I'll lay twenty to one on that."|The Sea-Wolf|Jack London|guess|2.0|
12:45|a quarter before one|Carriages were to come in at the gate in the town and depart at the gate outside. They were desired to take up at a quarter before one.|Barchester Towers|Anthony Trollope|pm-cue|5.0|
12:45|a quarter to one|At half-past twelve she peeped into the kitchen; at a quarter to one she was joined by her brother; and just then the first fashionable arrival took place.|Barchester Towers|Anthony Trollope|guess|4.0|
12:45|a quarter to one|At one o'clock, or, rather, at a quarter to one, Mr. Pappleworth disappeared to catch his train: he lived in the suburbs.|Sons and Lovers|D. H. Lawrence|guess|4.0|
12:45|a quarter to one|As if he had nailed his clothing against the desk, he stood there and worked, forcing every stroke out of himself. It was a quarter to one; he could clear away.|Sons and Lovers|D. H. Lawrence|guess|4.0|
12:45|a quarter to one|These will make an end of themselves at a quarter to one P.M. on Tuesday, if no Post-office order is in the interim received from Nicodemus Boffin, Esquire; arriving after a quarter to one P.M. on Tuesday, it need not be sent, as they will then (having made an exact memorandum of the heartless circumstances) be 'cold in death.'|Our Mutual Friend|Charles Dickens|pm-cue|3.0|
12:45|a quarter to one|"I'm hanged if it isn't a quarter to one," said the Journalist.|The Time Machine|H. G. Wells|guess|2.5|
12:45|fifteen to one|You could have got fifteen to one yesterday, but the price has become shorter and shorter, until you can hardly get three to one now."|The Memoirs of Sherlock Holmes|Arthur Conan Doyle|guess|2.0|
12:45|12:45|He has just now, 12:45, come from Carfax hurriedly and hastened towards the South.|Dracula|Bram Stoker|guess|2.0|
12:47|thirteen minutes to one|He rose at thirteen minutes to one, and directed his steps towards the large hall, a sumptuous apartment adorned with lavishly-framed paintings.|Around the World in Eighty Days|Jules Verne|pm-cue|5.0|
12:50|12.50|The packing was done at 12.50; and Harris sat on the big hamper, and said he hoped nothing would be found broken.|Three men in a boat (to say nothing of the dog)|Jerome K. Jerome|guess|4.5|
12:50|Ten to one|"Corpse!" said Dartie, in whom the recollection of his defeat at Richmond flared up. "He's all right. Ten to one if he wasn't tight!"|The Forsyte saga, Volume 1|John Galsworthy|guess|4.5|
12:50|Ten to one|"Well," said the tall detective, "I shall make for the seaports. Ten to one, they've smuggled him on board a ship."|Poirot Investigates|Agatha Christie|guess|4.5|
12:50|ten to one|If he begged at a farmer's house, ten to one but they threatened to set the dog on him; and when he showed his nose in a shop, they talked about the beadle - which brought Oliver's heart into his mouth, - very often the only thing he had there, for many hours together.|Oliver Twist|Charles Dickens|guess|4.0|
12:50|ten to one|He declared it was like a ballad; that he would do his best to help me; that I should have paper, pen, and ink, and write one line to Mr. Campbell and another to Mr. Rankeillor; and that if I had told the truth, ten to one he would be able (with their help) to pull me through and set me in my rights.|Kidnapped|Robert Louis Stevenson|guess|4.0|
12:50|ten to one|"Because, I imagine, there must be only a very, very few men in the world that I should like to marry; and of those few, it is ten to one I may never be acquainted with one; or if I should, it is twenty to one he may not happen to be single, or to take a fancy to me."|The Tenant of Wildfell Hall|Anne Brontë|guess|4.0|
12:50|ten to one|A boy's sheepishness is by no means a sign of overmastering reverence; and while you are making encouraging advances to him under the idea that he is overwhelmed by a sense of your age and wisdom, ten to one he is thinking you extremely queer.|The Mill on the Floss|George Eliot|guess|4.0|
12:50|ten to one|Eustacia knew it was ten to one that Clym Yeobright would go to no church at all during his few days of leave, and that it would be a waste of labour for her to go driving the pony and gig over a bad road in hope to see him there.|The Return of the Native|Thomas Hardy|guess|4.0|
12:50|ten to one|"I'm loth to make another one lose instead of me, if it is a loss; but, you see, five pounds is a deal of money to a man with a family; and, as you say, ten to one in a day or two the note will be as good as gold again."|Cranford|Elizabeth Cleghorn Gaskell|guess|4.0|
12:50|ten to one|Some unfortunate Liberal was to be made to run against him, for the sake of the party; but the odds were ten to one on Melmotte.|The Way We Live Now|Anthony Trollope|guess|4.0|
12:50|ten to one|When a traveller talks to you perpetually about the splendour of his luggage, which he does not happen to have with him, my son, beware of that traveller! He is, ten to one, an impostor.|Vanity Fair|William Makepeace Thackeray|guess|4.0|
12:50|ten to one|It was ten to one that I had saved him from starvation - of that peculiar sort that is almost invariably associated with drink.|Lord Jim|Joseph Conrad|guess|4.0|
12:50|ten to one|White Fang's backers were correspondingly depressed, and refused bets of ten to one and twenty to one, though one man was rash enough to close a wager of fifty to one.|White Fang|Jack London|guess|4.0|
12:50|Ten to one|Ten to one it will be refused at the Salon; if it's accepted, people glance at it for ten seconds as they pass; if you're lucky some ignorant fool will buy it and put it on his walls and look at it as little as he looks at his dining-room table.|Of Human Bondage|W. Somerset Maugham|guess|4.0|
12:50|ten to one|With all those Kaffirs about, however, it's ten to one on the whiskey, and a hundred to one against us if we go looking for it.|The Amateur Cracksman|E. W. Hornung|guess|4.0|
12:50|Ten to one|Where Cranly led me to get rich quick, hunting his winners among the mudsplashed brakes, amid the bawls of bookies on their pitches and reek of the canteen, over the motley slush. Even money Fair Rebel. Ten to one the field.|Ulysses|James Joyce|guess|4.0|
12:50|ten to one|Then I reflected that if that aeroplane came back the chances were ten to one that I would be discovered.|The Thirty-Nine Steps|John Buchan|pm-cue|3.0|
12:50|Ten to one|"Keep indoors, men," said the captain. "Ten to one this is a trick."|Treasure Island|Robert Louis Stevenson|guess|2.5|
12:50|ten to one|"You are a sportsman, Lord Tony," said Marguerite, merrily; "ten to one on the little bantam."|The Scarlet Pimpernel|Baroness Emmuska Orczy Orczy|guess|2.5|
12:50|ten to one|"You needn't expect to see him, because ten to one you won't," said Mrs. Medlock.|The Secret Garden|Frances Hodgson Burnett|guess|2.5|
12:50|Ten to one|Ten to one but he guesses the reason, and that is exactly what I want to avoid, so I shall insist on his keeping his conjecture to himself."|Northanger Abbey|Jane Austen|guess|2.0|
12:50|ten to one|It is ten to one but you are thrown together again in the course of a few years; and then what a pleasure it will be!"|Northanger Abbey|Jane Austen|guess|2.0|
12:50|ten to one|"Then you are fretting about General Tilney, and that is very simple of you; for ten to one whether you ever see him again.|Northanger Abbey|Jane Austen|guess|2.0|
12:50|ten minutes of one o'clock|By that time it wanted but ten minutes of one o'clock, and we began to look out for her smoke.|Great Expectations|Charles Dickens|guess|2.0|
12:50|ten to one|We have their footmarks, we have their description, it's ten to one that we trace them.|The Return of Sherlock Holmes|Arthur Conan Doyle|guess|2.0|
12:50|Ten to one|Ten to one, you would have thought him a tasteless, indiscreet, methodistical man.|Adam Bede|George Eliot|guess|2.0|
12:50|Ten to one|Ten to one most of the small shopkeepers in their vicinity saw nothing at all in them.|Adam Bede|George Eliot|guess|2.0|
12:50|ten to one|You will leave out some word or letter in your answer, and the ignorance of the cathedral clergy will be harped upon; you will make some small mistake, which will be a falsehood, or some admission, which will be self-condemnation; you will find yourself to have been vulgar, ill-tempered, irreverend, and illiterate, and the chances are ten to one, but that being a clergyman, you will have been guilty of blasphemy!|The Warden|Anthony Trollope|guess|2.0|
12:50|ten to one|"I bet ten to one he does," the boy answered. "Look, Mother, there's the smoke of the steamer."|Vanity Fair|William Makepeace Thackeray|guess|2.0|
12:50|Ten to one|Ten to one that he makes the wench pay for the oath and the gendarme for the amour!|Notre-Dame de Paris|Victor Hugo|guess|2.0|
12:50|ten to one|No one accepted his offer, and he went on: "In which event, I'll lay ten to one there's trouble breezing up."|The Sea-Wolf|Jack London|guess|2.0|
12:50|ten to one|Cicero, when he buried his darling and only daughter, had a heart as full of honest grief as poor Tom's, - perhaps no fuller, for both were only men; - but Cicero could pause over no such sublime words of hope, and look to no such future reunion; and if he had seen them, ten to one he would not have believed, - he must fill his head first with a thousand questions of authenticity of manuscript, and correctness of translation.|Uncle Tom's Cabin|Harriet Beecher Stowe|guess|2.0|
12:50|ten to one|And that young man mocked at them all, and wanted us to repeat the feats then and there, and to bet us ten to one that we didn't.|Three men in a boat (to say nothing of the dog)|Jerome K. Jerome|guess|2.0|
12:50|ten to one|"Let me give you a useful tip, Emerson: attribute nothing to Fate. Don't say, 'I didn't do this,' for you did it, ten to one.|A Room with a View|E. M. Forster|guess|2.0|
12:50|ten to one|But if you're on the biggest kind of job and are bound to get to the real boss, ten to one you are brought up against a little white-faced Jew in a bath-chair with an eye like a rattlesnake.|The Thirty-Nine Steps|John Buchan|guess|2.0|
12:50|12.50|It was King's Cross, not Charing Cross.) 12.50, that's the train she went by. 2.10, that's gone. 3.20 is the next - and a damned slow train too."|The Secret Adversary|Agatha Christie|guess|2.0|
12:50|ten to one|I'd stay in London - in the heart of things, travel by tubes and buses; ten to one I'd never be recognized.|Poirot Investigates|Agatha Christie|guess|2.0|
12:50|Ten to one|Card of the races. Racing card! Ten to one the field! Tommy on the clay here!|Ulysses|James Joyce|guess|2.0|
12:50|Ten to one|Tommy on the clay here! Tommy on the clay! Ten to one bar one!|Ulysses|James Joyce|guess|2.0|
12:50|Ten to one|Tommy on the clay here! Tommy on the clay! Ten to one bar one! Ten to one bar one!|Ulysses|James Joyce|guess|2.0|
12:50|Ten to one|Ten to one bar one! Try your luck on Spinning Jenny! Ten to one bar one!|Ulysses|James Joyce|guess|2.0|
12:50|ten to one|Sell the monkey, boys! Sell the monkey! I'll give ten to one!|Ulysses|James Joyce|guess|2.0|
12:50|Ten to one|Sell the monkey, boys! Sell the monkey! I'll give ten to one! Ten to one bar one!|Ulysses|James Joyce|guess|2.0|
12:51|nine to one|Where the land with serf-labor and good management gave a yield of nine to one, on the half-crop system it yields three to one.|Anna Karenina|graf Leo Tolstoy|guess|4.0|
12:51|nine to one|The eighth and largest group, which in its enormous numbers was to the others as ninety-nine to one, consisted of men who desired neither peace nor war, neither an advance nor a defensive camp at the Drissa or anywhere else, neither Barclay nor the Emperor, neither Pfuel nor Bennigsen, but only the one most essential thing - as much advantage and pleasure for themselves as possible.|War and Peace|graf Leo Tolstoy|guess|2.0|
12:53|seven to one|I could have got seven to one against Saint Amant a fortnight before.|Ulysses|James Joyce|guess|2.0|
12:54|six to one|(The reference was to a light poll which had been taken several years before, when no interest had been aroused and the immature project yet defeated by a six to one majority.)|The Old Wives' Tale|Arnold Bennett|guess|3.0|
12:54|Six of one|Mostly they come for skill - or idleness. Six of one, and half-a-dozen of the other.|Bleak House|Charles Dickens|guess|2.0|
12:54|six to one|They were six to one at Montmirail, and he scattered them like sheep.|Vanity Fair|William Makepeace Thackeray|guess|2.0|
12:54|six of one|We were not a happy couple, and not a miserable couple. We were six of one and half-a-dozen of the other.|The Moonstone|Wilkie Collins|guess|2.0|
12:55|five to one|How are you to get up the sympathies of the audience in a legitimate manner, if there isn't a little man contending against a big one? - unless there's at least five to one, and we haven't hands enough for that business in our company.'|Nicholas Nickleby|Charles Dickens|guess|4.0|
12:55|five to one|We had no weapons, and if we did try to do any damage, with a chair, say, why five to one was too many for us, even if they were women; that we had found out to our sorrow.|Herland|Charlotte Perkins Gilman|guess|4.0|
12:55|five minutes to one|I knew he would not move until Lady Portarles had exhausted the subject, which will not be for another quarter of an hour at least, and it is five minutes to one now."|The Scarlet Pimpernel|Baroness Emmuska Orczy Orczy|guess|2.0|
12:56|four to one|We walked with a regular step, which rang upon the ground with astonishing intensity; the slightest noise was transmitted with a quickness to which the ear is unaccustomed on the earth; indeed, water is a better conductor of sound than air, in the ratio of four to one.|Twenty Thousand Leagues under the Sea|Jules Verne|guess|4.0|
12:57|three to one|This had a modest self-denying appearance; but it soon turned out that as, by reason of the impossibility of standing the glass upright while there was anything in it, it required to be emptied as soon as filled, Mr Riderhood managed to drink in the proportion of three to one.|Our Mutual Friend|Charles Dickens|guess|4.0|
12:57|three to one|Up to the time of the catastrophe he was the first favourite for the Wessex Cup, the betting being three to one on him.|The Memoirs of Sherlock Holmes|Arthur Conan Doyle|guess|4.0|
12:57|three minutes of one|Promise to hold your tongue, and before that clock strikes - it wants three minutes of one - you're a free woman!'|Wuthering Heights|Emily Brontë|guess|4.0|
12:57|three to one|Soldiers! these same Prussians who are so arrogant to-day, were three to one against you at Jena, and six to one at Montmirail.|Vanity Fair|William Makepeace Thackeray|guess|4.0|
12:57|three to one|"Nonsense, sir, we are three to one, sir, against any force Boney can bring into the field," Mr. Sedley objected; "the Austrians and the Russians are on their march.|Vanity Fair|William Makepeace Thackeray|guess|2.0|
12:57|three to one|Three invalids. - Sufferings of George and Harris. - A victim to one hundred and seven fatal maladies. - Useful prescriptions. - Cure for liver complaint in children. - We agree that we are overworked, and need rest. - A week on the rolling deep? - George suggests the River. - Montmorency lodges an objection. - Original motion carried by majority of three to one.|Three men in a boat (to say nothing of the dog)|Jerome K. Jerome|guess|2.0|
12:57|three to one|What earthly chance? They were three to one - and they made me happy.|The Good Soldier|Ford Madox Ford|guess|2.0|
12:58|two to one|Since Harker's bust was one in three, the chances were exactly as I told you - two to one against the pearl being inside it.|The Return of Sherlock Holmes|Arthur Conan Doyle|pm-cue|5.0|
12:58|two to one|I shall have him, Doctor - I'll lay you two to one that I have him.|A Study in Scarlet|Arthur Conan Doyle|guess|2.0|
12:58|two to one|Handing one of the pistols to Raoul, he added, "In this duel, we shall be two to one; but you must be prepared for everything, for we shall be fighting the most terrible adversary that you can imagine.|The Phantom of the Opera|Gaston Leroux|guess|2.0|
12:58|two to one|Men offered odds of two to one that Buck could not budge the sled.|The call of the wild|Jack London|guess|2.0|
12:58|two to one|The crowd fell silent; only could be heard the voices of the gamblers vainly offering two to one.|The call of the wild|Jack London|guess|2.0|
12:58|two to one|Live axle drives are souped. Lay you two to one Jenatzy licks him ruddy well hollow.|Ulysses|James Joyce|guess|2.0|
13:00|one o'clock in the afternoon|A week last Monday, towards one o'clock in the afternoon, I was going towards Hetton Coppice, and about a quarter of a mile from the coppice I saw the prisoner, in a red cloak, sitting under a bit of a haystack not far off the stile.|Adam Bede|George Eliot|afternoon|7.0|
13:00|one o'clock in the night|It was very late, almost one o'clock in the night, but nobody went away: the strain was so great that no one could think of repose.|The Brothers Karamazov|Fyodor Dostoyevsky|night|7.0|
13:00|one o'clock|"One was, 'I start myself to-morrow,'" she said quietly; "the other - 'If you wish to speak to me, I shall be in the supper-room at one o'clock precisely.'"|The Scarlet Pimpernel|Baroness Emmuska Orczy Orczy|pm-cue|5.5|
13:00|one o'clock|He declined any renewal of the conversation, however, for that night: suddenly remembering that it was past one o'clock.|Oliver Twist|Charles Dickens|pm-cue|5.0|
13:00|one o'clock|It was impossible to make any great way against such obstacles united; it was hard upon one o'clock already; and nearly two hours were consumed in getting to the end of the stage.|The Pickwick Papers|Charles Dickens|pm-cue|5.0|
13:00|one o'clock|Night after night he had risen from his bed of wretchedness at twelve or one o'clock, and had sat at his window watching the sickly lamps in the yard, and looking upward for the first wan trace of day, hours before it was possible that the sky could show it to him.|Little Dorrit|Charles Dickens|pm-cue|5.0|
13:00|struck One|Now, being prepared for almost anything, he was not by any means prepared for nothing; and, consequently, when the Bell struck One, and no shape appeared, he was taken with a violent fit of trembling.|A Christmas Carol in Prose; Being a Ghost Story of Christmas|Charles Dickens|pm-cue|5.0|
13:00|one o'clock|Make a note of the address, 126B, Corporation Street, and remember that one o'clock to-morrow is your appointment.|The Memoirs of Sherlock Holmes|Arthur Conan Doyle|pm-cue|5.0|
13:00|one o'clock|Next day, the third of March, soon after one o'clock, two hundred and fifty members of the English Club and fifty guests were awaiting the guest of honor and hero of the Austrian campaign, Prince Bagratión, to dinner.|War and Peace|graf Leo Tolstoy|pm-cue|5.0|
13:00|struck one|The old count's hospitality and good nature, which struck one especially in Petersburg as a pleasant surprise, were such that Prince Andrew could not refuse to stay to dinner.|War and Peace|graf Leo Tolstoy|pm-cue|5.0|
13:00|one o'clock at night|Having changed horses twice and galloped twenty miles in an hour and a half over a sticky, muddy road, Bolkhovítinov reached Litashëvka after one o'clock at night.|War and Peace|graf Leo Tolstoy|pm-cue|5.0|
13:00|one o'clock|On reaching home Alexey Alexandrovitch went to his study, as he usually did, seated himself in his low chair, opened a book on the Papacy at the place where he had laid the paper-knife in it, and read till one o'clock, just as he usually did.|Anna Karenina|graf Leo Tolstoy|pm-cue|5.0|
13:00|one o'clock|"Tonight, at one o'clock," she whispered, and, with a heavy sigh, she walked with her light, swift step to meet her son.|Anna Karenina|graf Leo Tolstoy|pm-cue|5.0|
13:00|one o'clock|Sviazhsky went with him into the hall, yawning and wondering at the strange humor his friend was in. It was past one o'clock.|Anna Karenina|graf Leo Tolstoy|pm-cue|5.0|
13:00|one o'clock|She had practised her make-up in the morning, had rehearsed and arranged her material for the evening by one o'clock, and had gone home to have a final look at her part, waiting for the evening to come.|Sister Carrie: A Novel|Theodore Dreiser|pm-cue|5.0|
13:00|one o'clock|The latter departed, and at one o'clock reappeared, stunningly arrayed in a dark-blue walking dress, with a nobby hat to match.|Sister Carrie: A Novel|Theodore Dreiser|pm-cue|5.0|
13:00|one o'clock|He saw that he had made an appointment at one o'clock for Miss Baker, the retired dressmaker, a little old maid who had a tiny room a few doors down the hall.|McTeague: A Story of San Francisco|Frank Norris|pm-cue|5.0|
13:00|struck one|His cigarette, its smoke bordering the thin folds of curtain with rims of faint white spray, glowed on until the clock in St. Anne's down the street struck one with a querulous fashionable beauty.|The Beautiful and Damned|F. Scott Fitzgerald|pm-cue|5.0|
13:00|one o'clock|Dinner was at one o'clock; and on Monday, Tuesday, and Wednesday it consisted of beef, roast, hashed, and minced, and on Thursday, Friday, and Saturday of mutton.|Of Human Bondage|W. Somerset Maugham|pm-cue|5.0|
13:00|one o'clock|A bell summoned him to dinner at one o'clock, and he found the Frau Professor's guests assembled in the drawing-room.|Of Human Bondage|W. Somerset Maugham|pm-cue|5.0|
13:00|one o'clock|Mr. Sampson turned away; and Philip, trying to remember where this or the other department was, watched anxiously for the customer in search of information. At one o'clock he went up to dinner.|Of Human Bondage|W. Somerset Maugham|pm-cue|5.0|
13:00|one o'clock|At one o'clock, Paul, feeling very lost, took his dinner-basket down into the stockroom in the basement, that had the long table on trestles, and ate his meal hurriedly, alone in that cellar of gloom and desolation.|Sons and Lovers|D. H. Lawrence|pm-cue|5.0|
13:00|one o'clock|When he came in at eight in the morning he took his basket to her, and when he came down at one o'clock she had his dinner ready.|Sons and Lovers|D. H. Lawrence|pm-cue|5.0|
13:00|struck one|The clock struck one. Still the game continued. Mrs. Radford had done all the little jobs preparatory to going to bed, had locked the door and filled the kettle.|Sons and Lovers|D. H. Lawrence|pm-cue|5.0|
13:00|struck one|'I BEG,' said Mr. Spenlow, more like Punch than I had ever seen him, as he energetically struck one hand upon the other - I could not help noticing that even in my despair; 'that YOU Will NOT talk to me of engagements, Mr. Copperfield!'|David Copperfield|Charles Dickens|guess|4.5|
13:00|struck one|I thought, once, I would have stayed there: when I saw her face again - it is hers yet! - he had hard work to stir me; but he said it would change if the air blew on it, and so I struck one side of the coffin loose, and covered it up: not Linton's side, damn him!|Wuthering Heights|Emily Brontë|guess|4.5|
13:00|one o'clock|"Say that there is no answer," said Countess Lidia Ivanovna, and immediately opening her blotting-book, she wrote to Alexey Alexandrovitch that she hoped to see him at one o'clock at the levee.|Anna Karenina|graf Leo Tolstoy|guess|4.5|
13:00|one o'clock|Both Lord Fancourt and Chauvelin himself had assured her that no one had been in the dining-room at one o'clock except the Frenchman himself and Percy - Yes! - Percy! she might have asked him, had she thought of it!|The Scarlet Pimpernel|Baroness Emmuska Orczy Orczy|guess|4.5|
13:00|striking one|The great bell of Saint Paul's was striking one in the cleared air, when Mr. Lorry, escorted by Jerry, high-booted and bearing a lantern, set forth on his return-passage to Clerkenwell.|A Tale of Two Cities|Charles Dickens|guess|4.0|
13:00|one o'clock|He soon returns with the intelligence that Mr. Krook is at home and that he has seen him through the shop-door, sitting in the back premises, sleeping "like one o'clock."|Bleak House|Charles Dickens|guess|4.0|
13:00|one o'clock|Mr. Guppy and Mr. Jobling repair to the rag and bottle shop, where they find Krook still sleeping like one o'clock, that is to say, breathing stertorously with his chin upon his breast and quite insensible to any external sounds or even to gentle shaking.|Bleak House|Charles Dickens|guess|4.0|
13:00|one o'clock|Let me come up with her alone - a hard matter - and I'll do my best, but I don't answer for what the best may be. Time flies; it's getting on for one o'clock.|Bleak House|Charles Dickens|guess|4.0|
13:00|One o'clock|One o'clock. The carriages that rumbled in the distance, turned away, or stopped short, or went past; the silence gradually deepened, and was more and more rarely broken, save by a rush of wind or sweep of rain.|Dombey and Son|Charles Dickens|guess|4.0|
13:00|struck one|A few stragglers from the theatres hurried by, and now and then I turned aside to avoid some noisy drunkard as he reeled homewards, but these interruptions were not frequent and soon ceased. The clocks struck one.|The Old Curiosity Shop|Charles Dickens|guess|4.0|
13:00|one o'clock|Went into the Marshal's house once to try a new piano for him. Played it, I understand, like one o'clock - beautiful!|Little Dorrit|Charles Dickens|guess|4.0|
13:00|tolled one|Scrooge lay in this state until the chime had gone three quarters more, when he remembered, on a sudden, that the Ghost had warned him of a visitation when the bell tolled one.|A Christmas Carol in Prose; Being a Ghost Story of Christmas|Charles Dickens|guess|4.0|
13:00|one o'clock|It was one o'clock when we left No. 3, Lauriston Gardens. Sherlock Holmes led me to the nearest telegraph office, whence he dispatched a long telegram.|A Study in Scarlet|Arthur Conan Doyle|guess|4.0|
13:00|one o'clock|At one o'clock it began to rain, and I met Harry Murcher - him who has the Holland Grove beat - and we stood together at the corner of Henrietta Street a-talkin'.|A Study in Scarlet|Arthur Conan Doyle|guess|4.0|
13:00|struck one|Inside, a gravel path wound through desolate grounds to a huge clump of a house, square and prosaic, all plunged in shadow save where a moonbeam struck one corner and glimmered in a garret window.|The Sign of the Four|Arthur Conan Doyle|guess|4.0|
13:00|one o'clock|"He had been there since one o'clock. There was rain about that time, and his death had certainly been before the rain."|His last bow|Arthur Conan Doyle|guess|4.0|
13:00|one o'clock|It is equally certain that this house cannot be more than a mile or two from Oxshott, since Garcia was walking in that direction and hoped, according to my reading of the facts, to be back in Wisteria Lodge in time to avail himself of an alibi, which would only be valid up to one o'clock.|His last bow|Arthur Conan Doyle|guess|4.0|
13:00|striking one|Starting up in the darkness I snatched at my matches and, hastily striking one, I saw three stooping white creatures similar to the one I had seen above ground in the ruin, hastily retreating before the light.|The Time Machine|H. G. Wells|guess|4.0|
13:00|striking one|Her face had naturally drawn his attention as a new and striking one at church, and he had been introduced to her during a short call on business at Mr Deane's, but he had never spoken more than three words to her.|The Mill on the Floss|George Eliot|guess|4.0|
13:00|one o'clock|At one o'clock the next day, Adam was alone in his dull upper room; his watch lay before him on the table, as if he were counting the long minutes.|Adam Bede|George Eliot|guess|4.0|
13:00|One o'clock|One o'clock struck, two, three, four - and still the slips flew about all round him; still the untiring pen scraped its way ceaselessly from top to bottom of the page, still the white chaos of paper rose higher and higher all round his chair.|The Woman in White|Wilkie Collins|guess|4.0|
13:00|one o'clock|If the wind held good, the distance might be traversed in five hours; if no accident happened the sledge might reach Omaha by one o'clock.|Around the World in Eighty Days|Jules Verne|guess|4.0|
13:00|one o'clock|At last the light of the ship appeared, and its luminous track guided us to the Nautilus. At one o'clock we had returned.|Twenty Thousand Leagues under the Sea|Jules Verne|guess|4.0|
13:00|one o'clock|Although the Musketeer was not expected before one o'clock, the procurator's wife had been on the watch ever since midday, reckoning that the heart, or perhaps the stomach, of her lover would bring him before his time.|The three musketeers|Alexandre Dumas|guess|4.0|
13:00|struck one|The clock of the Invalides struck one when the carriage which conveyed Madame de Morcerf rolled away on the pavement of the Champs-Élysées, and made Monte Cristo raise his head.|The Count of Monte Cristo|Alexandre Dumas|guess|4.0|
13:00|one o'clock|The post-wagon which set out from Arras at one o'clock every night, after the mail from Paris had passed, arrived at M. sur M. a little before five o'clock in the morning.|Les Misérables|Victor Hugo|guess|4.0|
13:00|striking one|Then the violins played very shrilly and merrily and one of the women with thick bare legs and thin arms, separating from the others, went behind the wings, adjusted her bodice, returned to the middle of the stage, and began jumping and striking one foot rapidly against the other.|War and Peace|graf Leo Tolstoy|guess|4.0|
13:00|struck one|"Know that if you stir up Prussia against me, I'll wipe it off the map of Europe!" he declared, his face pale and distorted by anger, and he struck one of his small hands energetically with the other.|War and Peace|graf Leo Tolstoy|guess|4.0|
13:00|one o'clock|Prince Andrew's regiment was among the reserves which till after one o'clock were stationed inactive behind Semënovsk, under heavy artillery fire.|War and Peace|graf Leo Tolstoy|guess|4.0|
13:00|strike one|In a trice may joy turn to sorrow, should one halt long enough over it: in a trice only God can say what ideas may strike one.|Dead Souls|Nikolai Vasilevich Gogol|guess|4.0|
13:00|one o'clock|Madame Shumihin and Nyuta waked up at one o'clock. Volodya heard Madame Shumihin open her window with a bang, heard Nyuta go off into a peal of laughter in reply to her coarse voice.|The Lady with the Dog and Other Stories|Anton Pavlovich Chekhov|guess|4.0|
13:00|one o'clock|At one o'clock she changed her dress in the room next to the study, which from that time she called hers, and she went off with Orlov to lunch.|The Lady with the Dog and Other Stories|Anton Pavlovich Chekhov|guess|4.0|
13:00|struck one|He sat down to the piano, struck one chord, then began playing, and sang softly, "What does the coming day bring me?" but as usual he got up suddenly and tossed his head.|The Lady with the Dog and Other Stories|Anton Pavlovich Chekhov|guess|4.0|
13:00|one o'clock|It must a been close on to one o'clock when we got below the island at last, and the raft did seem to go mighty slow.|Adventures of Huckleberry Finn|Mark Twain|guess|4.0|
13:00|one o'clock|Some men crowded around him and tried to get him to shut up, but he wouldn't; they told him it would be one o'clock in about fifteen minutes, and so he must go home - he must go right away.|Adventures of Huckleberry Finn|Mark Twain|guess|4.0|
13:00|struck one|As the chime struck one, Campbell turned round, and looking at Dorian Gray, saw that his eyes were filled with tears.|The Picture of Dorian Gray|Oscar Wilde|guess|4.0|
13:00|one o'clock|Coming back, he kept to the Park until 110th Street, and then turned into Seventh Avenue again, reaching the pretty river by one o'clock.|Sister Carrie: A Novel|Theodore Dreiser|guess|4.0|
13:00|one o'clock|At one o'clock they separated, the dentist returning to the "Parlors," Trina settling to her work on the Noah's ark animals.|McTeague: A Story of San Francisco|Frank Norris|guess|4.0|
13:00|one o'clock|The prayer-meeting at Uncle Tom's had, in the order of hymn-singing, been protracted to a very late hour; and, as Uncle Tom had indulged himself in a few lengthy solos afterwards, the consequence was, that, although it was now between twelve and one o'clock, he and his worthy helpmeet were not yet asleep.|Uncle Tom's Cabin|Harriet Beecher Stowe|guess|4.0|
13:00|One o'clock|One o'clock. With her fork she would tantalize the heart of an adoring artichoke, while her escort served himself up in the thick, dripping sentences of an enraptured man.|The Beautiful and Damned|F. Scott Fitzgerald|guess|4.0|
13:00|one o'clock|It was after one o'clock and the hall seemed extraordinarily quiet when Gloria, wide-eyed and sleepless, traversed it and pushed open the door of his room.|The Beautiful and Damned|F. Scott Fitzgerald|guess|4.0|
13:00|one o'clock|At her urging he went at one o'clock to the appointed address, where he found himself one of a dense miscellany of men waiting in front of the door.|The Beautiful and Damned|F. Scott Fitzgerald|guess|4.0|
13:00|one o'clock|It was after one o'clock and she had breakfasted at eleven, so, deciding to forego luncheon, she started for a walk in the Park.|The Beautiful and Damned|F. Scott Fitzgerald|guess|4.0|
13:00|one o'clock|After visiting the wine-cellar, she dressed, and then came the wedding, which seemed a small affair when compared with the preparations for it. Everything went like one o'clock.|Howards End|E. M. Forster|guess|4.0|
13:00|one o'clock|Philip expostulated, but the other was firm, and at length they arranged that he should come on the following Monday at one o'clock.|Of Human Bondage|W. Somerset Maugham|guess|4.0|
13:00|one o'clock|Shops had been closed for it, and the churchwarden took out of his pocket the notice which had been printed: "Owing to the funeral of Mrs. Carey this establishment will not be opened till one o'clock."|Of Human Bondage|W. Somerset Maugham|guess|4.0|
13:00|struck one|The clock struck one before old Jolyon had finished, and at the sound of its striking his principles came back.|The Forsyte saga, Volume 1|John Galsworthy|guess|4.0|
13:00|struck one|Meanwhile a clock on the chimney-piece struck one, and one again for the half-hour, without a word between us.|The Amateur Cracksman|E. W. Hornung|guess|4.0|
13:00|One o'clock|One o'clock precisely! It was now close upon eleven, the last minuet was being danced, with Sir Andrew Ffoulkes and beautiful Lady Blakeney leading the couples, through its delicate and intricate figures.|The Scarlet Pimpernel|Baroness Emmuska Orczy Orczy|guess|4.0|
13:00|one o'clock|It was between twelve and one o'clock when I reached the Temple, and the gates were shut.|Great Expectations|Charles Dickens|pm-cue|3.0|
13:00|one o'clock|The attempt, whatever it may be, is to come off, we will say, before one o'clock.|His last bow|Arthur Conan Doyle|pm-cue|3.0|
13:00|striking one|The clock was striking one as I was in the Crescent, and there was not a soul in sight.|Dracula|Bram Stoker|pm-cue|3.0|
13:00|one o'clock|It was past one o'clock when Pierre left his friend. It was a cloudless, northern, summer night.|War and Peace|graf Leo Tolstoy|pm-cue|3.0|
13:00|one o'clock at night|They played till one o'clock at night, and then broke up to go to bed.|The Lady with the Dog and Other Stories|Anton Pavlovich Chekhov|pm-cue|3.0|
13:00|one o'clock|"Dear Sir: We beg to inform you that we are instructed to wait until to-morrow (Thursday) at one o'clock, before filing suit against you, on behalf of Mrs. Julia Hurstwood, for divorce and alimony.|Sister Carrie: A Novel|Theodore Dreiser|pm-cue|3.0|
13:00|one o'clock|There followed an address on Madison Avenue, and instructions to appear at one o'clock that afternoon.|The Beautiful and Damned|F. Scott Fitzgerald|pm-cue|3.0|
13:00|struck one|The church clock struck one and two and sometimes three before they could drag themselves to bed.|Of Human Bondage|W. Somerset Maugham|pm-cue|3.0|
13:00|one o'clock|The doctor looked at his watch and then at the patient. Philip saw that it was one o'clock.|Of Human Bondage|W. Somerset Maugham|pm-cue|3.0|
13:00|one o'clock|At the same time one o'clock struck, and the public-houses opened with their customary admirable promptitude.|The Old Wives' Tale|Arnold Bennett|pm-cue|3.0|
13:00|one o'clock|The doctor got him to bed. He passed away at one o'clock this afternoon.|The Old Wives' Tale|Arnold Bennett|pm-cue|3.0|
13:00|one o'clock|The children came home to one o'clock dinner, but Mother was not there.|The Railway Children|E. Nesbit|pm-cue|3.0|
13:00|one o'clock|"If you wish to speak to me again, I shall be in the supper-room at one o'clock precisely."|The Scarlet Pimpernel|Baroness Emmuska Orczy Orczy|pm-cue|3.0|
13:00|one o'clock|"On whom I shall see in the supper-room at one o'clock precisely."|The Scarlet Pimpernel|Baroness Emmuska Orczy Orczy|pm-cue|3.0|
13:00|one o'clock|I have helped you to-night . . . surely I have the right to know. What happened in the dining-room at one o'clock just now?"|The Scarlet Pimpernel|Baroness Emmuska Orczy Orczy|pm-cue|3.0|
13:00|striking one|"Here! and here!" replied Catherine, striking one hand on her forehead, and the other on her breast: "in whichever place the soul lives.|Wuthering Heights|Emily Brontë|guess|2.5|
13:00|one o'clock|"Very well, at one o'clock, then," replied D'Artagnan, turning the angle of the street.|The three musketeers|Alexandre Dumas|guess|2.5|
13:00|strike one|When one lives in the world, a man or woman's marrying for money is too common to strike one as it ought.|Persuasion|Jane Austen|guess|2.0|
13:00|one o'clock|We both did what we had to do without any hindrance, and when we met again at one o'clock reported it done.|Great Expectations|Charles Dickens|guess|2.0|
13:00|one o'clock|I had emerged by another door, and stood in the street for a little while, as if I really were a stranger upon earth: but the unceremonious pushing and hustling that I received, soon recalled me to myself, and put me in the road back to the hotel; whither I went, revolving the glorious vision all the way; and where, after some porter and oysters, I sat revolving it still, at past one o'clock, with my eyes on the coffee-room fire.|David Copperfield|Charles Dickens|guess|2.0|
13:00|one o'clock|At one o'clock an open carriage arrived for us, and a cart for our luggage.|Bleak House|Charles Dickens|guess|2.0|
13:00|one o'clock|Eleven - twelve - one o'clock had struck, and the gentlemen had not arrived.|The Pickwick Papers|Charles Dickens|guess|2.0|
13:00|one o'clock|So, the petition in favour of the bill was agreed upon, and the meeting adjourned with acclamations, and Mr. Nickleby and the other directors went to the office to lunch, as they did every day at half-past one o'clock; and to remunerate themselves for which trouble, (as the company was yet in its infancy,) they only charged three guineas each man for every such attendance.|Nicholas Nickleby|Charles Dickens|guess|2.0|
13:00|one o'clock|At one o'clock there was a dinner, chiefly of the farinaceous and vegetable kind, when Miss Pankey (a mild little blue-eyed morsel of a child, who was shampoo'd every morning, and seemed in danger of being rubbed away, altogether) was led in from captivity by the ogress herself, and instructed that nobody who sniffed before visitors ever went to Heaven.|Dombey and Son|Charles Dickens|guess|2.0|
13:00|one o'clock|"Nota bene, in Madam's telegram he went south from Carfax, that means he went to cross the river, and he could only do so at slack of tide, which should be something before one o'clock.|Dracula|Bram Stoker|guess|2.0|
13:00|one o'clock|"Czarina Catherine reported entering Galatz at one o'clock to-day."|Dracula|Bram Stoker|guess|2.0|
13:00|one o'clock|But a visitor had come in at one o'clock, and Mr. Bulstrode had so much to say to him, that there was little chance of the interview being over in half an hour.|Middlemarch|George Eliot|guess|2.0|
13:00|struck one|Unsophistication was a thing to talk of; but he had not known how it really struck one until he came here.|Tess of the d'Urbervilles: A Pure Woman|Thomas Hardy|guess|2.0|
13:00|struck one|After loading there was a long delay before the horses were brought, these having been unharnessed during the ridding; but at length, about two o'clock, the whole was under way, the cooking-pot swinging from the axle of the waggon, Mrs Durbeyfield and family at the top, the matron having in her lap, to prevent injury to its works, the head of the clock, which, at any exceptional lurch of the waggon, struck one, or one-and-a-half, in hurt tones.|Tess of the d'Urbervilles: A Pure Woman|Thomas Hardy|guess|2.0|
13:00|struck one|They rode along silently for a long weary time. Coggan's watch struck one.|Far from the Madding Crowd|Thomas Hardy|guess|2.0|
13:00|one o'clock|He did not make love to her, nor sigh, nor look languishing, but he was amusing and familiar, yet respectful; and when he left Eleanor at her own door at one o'clock, which he did by the by with the assistance of the now jealous Slope, she thought that he was one of the most agreeable men and the Stanhopes decidedly the most agreeable family that she had ever met.|Barchester Towers|Anthony Trollope|guess|2.0|
13:00|one o'clock|He - together with all the clerical world of England - had heard it rumoured about that Mrs. Proudie did not confine herself to her wardrobes, still-rooms, and laundries; but yet it had never occurred to him that if he called on a bishop at one o'clock in the day, he could by any possibility find him closeted with his wife; or that if he did so, the wife would remain longer than necessary to make her curtsey.|Barchester Towers|Anthony Trollope|guess|2.0|
13:00|one o'clock|At one o'clock the "Rangoon" was at the quay, and the passengers were going ashore.|Around the World in Eighty Days|Jules Verne|guess|2.0|
13:00|struck one|The Custom House clock struck one. Mr. Fogg observed that his watch was two hours too fast.|Around the World in Eighty Days|Jules Verne|guess|2.0|
13:00|striking one|And fate served our Canadian so well that, instead of one whale, he harpooned two with a double blow, striking one straight to the heart, and catching the other after some minutes' pursuit.|Twenty Thousand Leagues under the Sea|Jules Verne|guess|2.0|
13:00|one o'clock|He had retired at one o'clock under the pretense of being indisposed.|The three musketeers|Alexandre Dumas|guess|2.0|
13:00|one o'clock|Presently it sounded one o'clock. It was necessary to separate.|The three musketeers|Alexandre Dumas|guess|2.0|
13:00|struck one|No one could be seen or heard. The clock of the Invalides struck one.|The Count of Monte Cristo|Alexandre Dumas|guess|2.0|
13:00|struck one|Monte Cristo trembled from head to foot and as if his determination had been taken with the rapidity of lightning, he struck one of the panes of glass with his elbow; the glass was shivered to atoms, then withdrawing the curtain he saw Morrel, who had been writing at his desk, bound from his seat at the noise of the broken window.|The Count of Monte Cristo|Alexandre Dumas|guess|2.0|
13:00|struck one|Madame de Villefort raised her arms to heaven, and convulsively struck one hand against the other.|The Count of Monte Cristo|Alexandre Dumas|guess|2.0|
13:00|one o'clock|At that moment, one o'clock struck from the church of Saint-Médard.|Les Misérables|Victor Hugo|guess|2.0|
13:00|One o'clock|One o'clock had just struck, the trap was to be sprung at six.|Les Misérables|Victor Hugo|guess|2.0|
13:00|one o'clock|They meet at Richefeu's. They are to be found there between twelve and one o'clock.|Les Misérables|Victor Hugo|guess|2.0|
13:00|One o'clock|One o'clock was striking from the Vaugirard steeple when Enjolras reached the Richefeu smoking-room.|Les Misérables|Victor Hugo|guess|2.0|
13:00|struck one|The goat lifted its fore foot, and struck one blow upon the tambourine.|Notre-Dame de Paris|Victor Hugo|guess|2.0|
13:00|one o'clock|He heard the sound of a scuffle and Sónya's disapproving voice: "It's past one o'clock."|War and Peace|graf Leo Tolstoy|guess|2.0|
13:00|one o'clock|But not far from Bald Hills he again came out on the road and overtook his regiment at its halting place by the dam of a small pond. It was past one o'clock.|War and Peace|graf Leo Tolstoy|guess|2.0|
13:00|one o'clock|"The Father Superior invites all of you gentlemen to dine with him after your visit to the hermitage. At one o'clock, not later.|The Brothers Karamazov|Fyodor Dostoyevsky|guess|2.0|
13:00|strike one|I had had a glimpse of her before. She doesn't strike one at first sight.|The Brothers Karamazov|Fyodor Dostoyevsky|guess|2.0|
13:00|one o'clock|"Do you know it is past one o'clock? Come on," and he mounted the steps and went into their room.|The Awakening, and Selected Short Stories|Kate Chopin|guess|2.0|
13:00|one o'clock|At one o'clock he thought of eating, and went to a restaurant in Madison Square.|Sister Carrie: A Novel|Theodore Dreiser|guess|2.0|
13:00|One o'clock|One o'clock came while he was still on the car practising, and he began to feel hungry.|Sister Carrie: A Novel|Theodore Dreiser|guess|2.0|
13:00|one o'clock|At one o'clock the cable stopped, leaving an abrupt silence in the air.|McTeague: A Story of San Francisco|Frank Norris|guess|2.0|
13:00|one o'clock|I looked at my watch. It was one o'clock. I had slept seven hours!|The Sea-Wolf|Jack London|guess|2.0|
13:00|one o'clock|At one o'clock, the landlady would come in to ask if we weren't going out, as it seemed such a lovely day.|Three men in a boat (to say nothing of the dog)|Jerome K. Jerome|guess|2.0|
13:00|one o'clock|He gave Philip his address, and Philip promised to dine with him at one o'clock on the following Sunday.|Of Human Bondage|W. Somerset Maugham|guess|2.0|
13:00|one o'clock|And see him I did, towards one o'clock next day. I was watching for him from my window in Mount Street, when he drove up furiously in a hansom, and jumped out without a word to the man.|The Amateur Cracksman|E. W. Hornung|guess|2.0|
13:00|one o'clock|At one o'clock Annette reappeared with another tray, but this time Conrad accompanied her.|The Secret Adversary|Agatha Christie|guess|2.0|
13:01|one after one|Susan, Farfrae, Lucetta, Elizabeth - all had gone from him, one after one, either by his fault or by his misfortune.|The Mayor of Casterbridge|Thomas Hardy|guess|4.0|
13:10|ten minutes past one|It was now ten minutes past one. I heard, through the dead silence, the soft drip of the rain and the tremulous passage of the night air through the trees.|The Moonstone|Wilkie Collins|pm-cue|5.0|
13:10|Ten minutes after one|These two ingredients are mixed in equal proportions, and formed into pills. Ten minutes after one is taken, the effect is produced.|The Count of Monte Cristo|Alexandre Dumas|guess|4.0|
13:13|thirteen minutes past one|When we were quite ready, our watches indicated thirteen minutes past one!|A Journey to the Centre of the Earth|Jules Verne|guess|2.0|
13:15|one fifteen|When I first had the happiness of looking upon you, it was one fifteen, and had stood at that figure for a lengthened period.|Bleak House|Charles Dickens|guess|4.0|
13:15|one fifteen|There were rays of giant size, five yards long, and endowed with great muscular strength, which enabled them to shoot above the waves; sharks of many kinds; amongst others, one fifteen feet long, with triangular sharp teeth, and whose transparency rendered it almost invisible in the water.|Twenty Thousand Leagues under the Sea|Jules Verne|guess|4.0|
13:20|twenty minutes past one|It will take him time to arrive here - see, it is twenty minutes past one - and there are yet some times before he can hither come, be he never so quick.|Dracula|Bram Stoker|pm-cue|5.0|
13:20|twenty minutes past one|Sergeant Tuson, of the City Police, was somewhat surprised, therefore to see a gentleman with a carpet bag come down the steps at twenty minutes past one.|The Memoirs of Sherlock Holmes|Arthur Conan Doyle|guess|4.0|
13:25|1.25|A few steps brought them to a smaller restaurant, where a dozen people were already lunching on the pavement under an awning; on the window was announced in large white letters: Dejeuner 1.25, vin compris.|Of Human Bondage|W. Somerset Maugham|guess|4.0|
13:25|twenty-five minutes past one o'clock|His head fell on the sofa cushions. It was then twenty-five minutes past one o'clock.|The Moonstone|Wilkie Collins|guess|2.0|
13:30|half past one|The moments slip away so, in the confidence of old times, Master Copperfield, that it's almost half past one!'|David Copperfield|Charles Dickens|guess|4.0|
13:30|half after one|It is now half after one; we drove out of the inn-yard at Tetbury as the town clock struck eleven; and I defy any man in England to make my horse go less than ten miles an hour in harness; that makes it exactly twenty-five."|Northanger Abbey|Jane Austen|guess|2.0|
13:30|half after one|"At half after one." Says Mr. Bagnet. "To the minute. They'll be done."|Bleak House|Charles Dickens|guess|2.0|
13:30|one-thirty|At one-thirty he went to Rector's for lunch, and when he returned a messenger was waiting for him.|Sister Carrie: A Novel|Theodore Dreiser|guess|2.0|
13:30|1.30|He walked several blocks up the street. His watch only registered 1.30.|Sister Carrie: A Novel|Theodore Dreiser|guess|2.0|
13:30|half past one|At half past one the house-physician came in, rang the bell, and told the porter to send in the old patients.|Of Human Bondage|W. Somerset Maugham|guess|2.0|
13:30|one-thirty|Well, we made the ship all right by one-thirty - and there was a tempest blowing.|The Good Soldier|Ford Madox Ford|guess|2.0|
13:40|twenty minutes to two|He could easily burn them afterwards. Then he pulled out his watch. It was twenty minutes to two.|The Picture of Dorian Gray|Oscar Wilde|guess|2.0|
13:45|a quarter to two|Notwithstanding the interruption in their walk, the excellent habit which Mrs. Poyser's clock had of taking time by the forelock had secured their arrival at the village while it was still a quarter to two, though almost every one who meant to go to church was already within the churchyard gates.|Adam Bede|George Eliot|guess|4.0|
13:45|A quarter to two|'A quarter to two,' said Pell, looking at the parlour clock.|The Pickwick Papers|Charles Dickens|guess|2.5|
13:45|a quarter to two|It was not yet a quarter to two when I heard horses' feet and wheels outside.|Bleak House|Charles Dickens|guess|2.0|
13:54|six to two|Bloom, having the advantage of ten seconds at the initiation and taking, from the concave surface of a spoon along the handle of which a steady flow of heat was conducted, three sips to his opponent's one, six to two, nine to three.|Ulysses|James Joyce|guess|4.0|
13:55|five to two|She can't stand it, Mrs. Crawley - she must go - flesh and blood won't bear it! and I lay five to two, Matilda drops in a year."|Vanity Fair|William Makepeace Thackeray|guess|2.0|
13:57|three to two|"I take your three to two," here said Rawdon, at the card-table.|Vanity Fair|William Makepeace Thackeray|guess|2.5|
13:59|one of two|For I believed one of two other persons to have become possessed of it, and to have turned it to this cruel account.|Great Expectations|Charles Dickens|guess|4.0|
13:59|one of two|To be in the halting state of Mr Henry Gowan; to have left one of two powers in disgust; to want the necessary qualifications for finding promotion with another, and to be loitering moodily about on neutral ground, cursing both; is to be in a situation unwholesome for the mind, which time is not likely to improve.|Little Dorrit|Charles Dickens|guess|4.0|
13:59|one of two|He has grown grey in the service, is a gentleman, a favoured guest in the most exalted houses, and, above all, a man whose patriotism is beyond suspicion. He is one of two who have a key of the safe.|His last bow|Arthur Conan Doyle|guess|4.0|
13:59|One of two|One of two arrangements should certainly be made in these days: either let all speech-making on festive occasions be utterly tabooed and made as it were impossible; or else let those who are to exercise the privilege be first subjected to a competing examination before the civil-service examining commissioners.|Barchester Towers|Anthony Trollope|guess|4.0|
13:59|one of two|He must have been in expectation of one of two things; either that a vertical well was about to open under his feet, and thus allow him to continue his descent, or that some insurmountable obstacle would compel us to stop and go back by the road we had so long traveled.|A Journey to the Centre of the Earth|Jules Verne|guess|4.0|
13:59|one of two|Fatal declivity down which the most honest and the firmest as well as the most feeble and most vicious are drawn, and which ends in one of two holds, suicide or crime.|Les Misérables|Victor Hugo|guess|4.0|
13:59|one of two|"Yet," Homais went on, "one of two things; either she died in a state of grace (as the Church has it), and then she has no need of our prayers; or else she departed impertinent (that is, I believe, the ecclesiastical expression), and then - "|Madame Bovary|Gustave Flaubert|guess|4.0|
13:59|one of two|Putting her head on one side, Margaret then remarked, "To me one of two things is very clear; either God does not know his own mind about England and Germany, or else these do not know the mind of God."|Howards End|E. M. Forster|guess|4.0|
13:59|One of two|Mr. Bruff dismissed the man. "One of two things," he said to me.|The Moonstone|Wilkie Collins|guess|2.5|
13:59|one of two|Their faces seemed all with one of two expressions - a leaping exultation and energy or a grim resolution.|The war of the worlds|H. G. Wells|guess|2.0|
13:59|one of two|That Mr. Godfrey Ablewhite was entrusted with the care of a sum of twenty thousand pounds - as one of two Trustees for a young gentleman, who was still a minor in the year eighteen hundred and forty-eight.|The Moonstone|Wilkie Collins|guess|2.0|
13:59|one of two|You can understand that one of two things must have happened; he must either have fallen flat, in which case the blow, from a height of ninety feet, must have killed him instantly, or he must have fallen upright, and then the weight would have dragged him to the bottom, where he remained - poor fellow!"|The Count of Monte Cristo|Alexandre Dumas|guess|2.0|
13:59|One of two|One of two things: either let him take her away, act with energy, or give her a divorce.|Anna Karenina|graf Leo Tolstoy|guess|2.0|
13:59|one of two|One must do one of two things: either admit that the existing order of society is just, and then stick up for one's rights in it; or acknowledge that you are enjoying unjust privileges, as I do, and then enjoy them and be satisfied."|Anna Karenina|graf Leo Tolstoy|guess|2.0|
13:59|one of two|His conclusion was that one of two things must be the explanation - either that this was a begging impostor, or that the prince, if prince he were, was simply a fool, without the slightest ambition; for a sensible prince with any ambition would certainly not wait about in ante-rooms with servants, and talk of his own private affairs like this.|The Idiot|Fyodor Dostoyevsky|guess|2.0|
13:59|one of two|A man - one of two who happened to be passing by - caught the urchin's arm.|The House of the Seven Gables|Nathaniel Hawthorne|guess|2.0|
13:59|one of two|When a girl leaves her home at eighteen, she does one of two things.|Sister Carrie: A Novel|Theodore Dreiser|guess|2.0|
14:00|two o'clock in the afternoon|I mentioned two o'clock in the afternoon as the hour of our coming, and I sent the letter myself by the first coach in the morning.|David Copperfield|Charles Dickens|afternoon|7.0|
14:00|two o'clock in the afternoon|It was more than two o'clock in the afternoon when Adam came in sight of the grey town on the hill-side and looked searchingly towards the green valley below, for the first glimpse of the old thatched roof near the ugly red mill.|Adam Bede|George Eliot|afternoon|7.0|
14:00|two o'clock in the afternoon|Towards two o'clock in the afternoon, while it was snowing hard, long whistles were heard approaching from the east.|Around the World in Eighty Days|Jules Verne|afternoon|7.0|
14:00|two o'clock in the afternoon|Before two o'clock in the afternoon the Rostóvs' four carriages, packed full and with the horses harnessed, stood at the front door.|War and Peace|graf Leo Tolstoy|afternoon|7.0|
14:00|two o'clock at night|The Russian troops were passing through Moscow from two o'clock at night till two in the afternoon and bore away with them the wounded and the last of the inhabitants who were leaving.|War and Peace|graf Leo Tolstoy|afternoon|7.0|
14:00|two o'clock in the afternoon|The board sidewalks were gray with trampled snow, but at two o'clock in the afternoon the shopkeepers, having come back from dinner, were keeping well behind their frosty windows.|O Pioneers!|Willa Cather|afternoon|7.0|
14:00|two o'clock in the afternoon|At two o'clock in the afternoon Alexandra's cart drove up to the Shabatas' gate, and Marie saw Mrs. Lee's red shawl come bobbing up the path.|O Pioneers!|Willa Cather|afternoon|7.0|
14:00|two o'clock|The "Evening Pulpit" was supposed to give daily to its readers all that had been said and done up to two o'clock in the day by all the leading people in the metropolis, and to prophesy with wonderful accuracy what would be the sayings and doings of the twelve following hours.|The Way We Live Now|Anthony Trollope|pm-cue|5.5|
14:00|two o'clock in the night|At two o'clock in the night my husband came to me and said: 'You dare not go away.|The Lady with the Dog and Other Stories|Anton Pavlovich Chekhov|night|5.5|
14:00|two o'clock in the afternoon|Early to-morrow have your horses ready, so that they may be in starting trim at two o'clock in the afternoon."|A Tale of Two Cities|Charles Dickens|afternoon|5.0|
14:00|two o'clock|It was the afternoon coach by which I had taken my place, and, as winter had now come round, I should not arrive at my destination until two or three hours after dark. Our time of starting from the Cross Keys was two o'clock.|Great Expectations|Charles Dickens|pm-cue|5.0|
14:00|two o'clock|At last, when the night was slow to creep on towards two o'clock, I felt that I absolutely could no longer bear the place as a place to lie down in, and that I must get up.|Great Expectations|Charles Dickens|pm-cue|5.0|
14:00|two o'clock|"Just at dinner-time - two o'clock this afternoon. Charley and I made our lucky up the wash-us chimney, and Bolter got into the empty water-butt, head downwards; but his legs were so precious long that they stuck out at the top, and so they took him too."|Oliver Twist|Charles Dickens|pm-cue|5.0|
14:00|two o'clock|You are to come to lunch at Hillingham to-morrow, two o'clock, so as not to arouse any suspicion in Mrs. Westenra, and after lunch Lucy will take an opportunity of being alone with you.|Dracula|Bram Stoker|pm-cue|5.0|
14:00|struck two|I tried again to sleep; but my heart beat anxiously: my inward tranquillity was broken. The clock, far down in the hall, struck two.|Jane Eyre: An Autobiography|Charlotte Brontë|pm-cue|5.0|
14:00|two o'clock|Notwithstanding this resolution, I found my bed so intolerable that, before two o'clock, I rose, and lighting my candle by the rushlight that was still burning, I got my desk and sat down in my dressing-gown to recount the events of the past evening.|The Tenant of Wildfell Hall|Anne Brontë|pm-cue|5.0|
14:00|struck two|Again they hastened on. Coggan's watch struck two. When they looked again the hoof-marks were so spaced as to form a sort of zigzag if united, like the lamps along a street.|Far from the Madding Crowd|Thomas Hardy|pm-cue|5.0|
14:00|two o'clock in the afternoon|There was an up train at two o'clock in the afternoon, and by that train I returned to London.|The Woman in White|Wilkie Collins|afternoon|5.0|
14:00|two o'clock|Judging by the closest calculation of time that Laura and I could make, we arrived at the conclusion that Anne Catherick must have appeared at the boat-house at half-past two o'clock on the afternoon of yesterday.|The Woman in White|Wilkie Collins|pm-cue|5.0|
14:00|struck two|It is a matter of great doubt to me now, to what violent measures my uncle's impetuosity might have led him, had not the clock struck two, and our old French cook called out to let us know that dinner was on the table.|A Journey to the Centre of the Earth|Jules Verne|pm-cue|5.0|
14:00|two o'clock|From two o'clock till five Franz and Albert followed in the fête, exchanging handfuls of confetti with the other carriages and the pedestrians, who crowded amongst the horses' feet and the carriage wheels without a single accident, a single dispute, or a single fight.|The Count of Monte Cristo|Alexandre Dumas|pm-cue|5.0|
14:00|two o'clock in the afternoon|By two o'clock in the afternoon, the table at which they sat was covered with empty bottles.|Les Misérables|Victor Hugo|afternoon|5.0|
14:00|two o'clock in the afternoon|And he reproached me with not having finished dressing at that time of day: he was good enough to tell me that it was two o'clock in the afternoon.|The Phantom of the Opera|Gaston Leroux|afternoon|5.0|
14:00|two o'clock|On returning home at two o'clock that night he sent for his secretary, Shishkóv, and told him to write an order to the troops and a rescript to Field Marshal Prince Saltykóv, in which he insisted on the words being inserted that he would not make peace so long as a single armed Frenchman remained on Russian soil.|War and Peace|graf Leo Tolstoy|pm-cue|5.0|
14:00|two o'clock in the afternoon|It was two o'clock in the afternoon. The French had already entered Moscow.|War and Peace|graf Leo Tolstoy|afternoon|5.0|
14:00|two o'clock in the afternoon|After some hours' sleep the fever left him, but he woke up late, two o'clock in the afternoon.|Crime and Punishment|Fyodor Dostoyevsky|afternoon|5.0|
14:00|two o'clock in the afternoon|She is spoilt, whimsical, sleeps till two o'clock in the afternoon, while you are a deacon's son, a district doctor...."|The Lady with the Dog and Other Stories|Anton Pavlovich Chekhov|afternoon|5.0|
14:00|two o'clock|In St. Petersburg they used to say there was twenty or thirty thousand people in St. Louis, but I never believed it till I see that wonderful spread of lights at two o'clock that still night.|Adventures of Huckleberry Finn|Mark Twain|pm-cue|5.0|
14:00|two o'clock at night|It was between one and two o'clock at night, as Cassy was returning from her ministrations to poor Tom, that she heard the sound of wild shrieking, whooping, halloing, and singing, from the sitting-room, mingled with the barking of dogs, and other symptoms of general uproar.|Uncle Tom's Cabin|Harriet Beecher Stowe|pm-cue|5.0|
14:00|Two o'clock|Two o'clock and the whole corner of the peninsula was blazing with light, which fell unreal on the shrubbery and made thin elongating glints upon the roadside wires.|The Great Gatsby|F. Scott Fitzgerald|pm-cue|5.0|
14:00|Two o'clock|Two o'clock saw her dry-eyed, staring with steady persistent grief into the darkness, remembering, remembering unmercifully, blaming herself for a hundred fancied unkindnesses, making a likeness of Anthony akin to some martyred and transfigured Christ.|The Beautiful and Damned|F. Scott Fitzgerald|pm-cue|5.0|
14:00|two o'clock|From two o'clock precisely till eight o'clock precisely he took charge of John Baines, reigning autocratically over the bedroom.|The Old Wives' Tale|Arnold Bennett|pm-cue|5.0|
14:00|struck two|On Thursday afternoon of the same week the youth whom Constance had ended by hiring for the manipulation of shutters and other jobs unsuitable for fragile women, was closing the shop. The clock had struck two.|The Old Wives' Tale|Arnold Bennett|pm-cue|5.0|
14:00|two o'clock|At two o'clock he looked at his watch, by the light of the green candle - he was in a safe working - and again at half-past two.|Sons and Lovers|D. H. Lawrence|pm-cue|5.0|
14:00|two o'clock|At two o'clock he wakened me from my slumbers in the smoking-room armchair, and led me blinking into the dark starry night.|The Thirty-Nine Steps|John Buchan|pm-cue|5.0|
14:00|two o'clock|In the evening, to my surprise, he called with a very nice letter from Mr. Finsworth, saying if we (including Carrie) would dine with them to-morrow (Sunday), at two o'clock, he would be delighted.|The Diary of a Nobody|George Grossmith|pm-cue|5.0|
14:00|two o'clock|'Remember, Tim,' said brother Charles, 'that we dine at half-past five today instead of two o'clock; we always depart from our usual custom on this anniversary, as you very well know, Tim Linkinwater.|Nicholas Nickleby|Charles Dickens|guess|4.5|
14:00|two o'clock|"Shall we not set forth?" asked the sweet, silvery voice of Mercédès; "two o'clock has just struck, and you know we are expected in a quarter of an hour."|The Count of Monte Cristo|Alexandre Dumas|guess|4.5|
14:00|two o'clock|This served in lieu of a watch or clock to the poor women of the quarter who said, "It is two o'clock; there he is returning to the Tuileries."|Les Misérables|Victor Hugo|guess|4.5|
14:00|struck Two|Breathing more freely in a little while, he sat down at the table, and listened again until the clock struck Two.|A Tale of Two Cities|Charles Dickens|guess|4.0|
14:00|struck two|The hour had not struck two minutes, when a young lady, accompanied by a grey-haired gentleman, alighted from a hackney-carriage within a short distance of the bridge, and, having dismissed the vehicle, walked straight towards it.|Oliver Twist|Charles Dickens|guess|4.0|
14:00|struck two|'In one instant, after the clock struck two, the whole of this deserted and quiet spot had become a scene of most extraordinary life and animation.|The Pickwick Papers|Charles Dickens|guess|4.0|
14:00|Two o'clock|The carriages that rumbled in the distance, turned away, or stopped short, or went past; the silence gradually deepened, and was more and more rarely broken, save by a rush of wind or sweep of rain. Two o'clock.|Dombey and Son|Charles Dickens|guess|4.0|
14:00|two o'clock|At two o'clock he bade me good-day, complimented me upon the amount that I had written, and locked the door of the office after me.|The Adventures of Sherlock Holmes|Arthur Conan Doyle|guess|4.0|
14:00|two o'clock|Looking at my watch, I saw that it was half-past two o'clock, and high time, therefore, that I started upon my homeward journey.|The Lost World|Arthur Conan Doyle|guess|4.0|
14:00|two o'clock|By two o'clock even he might still have removed himself out of the district by getting aboard a train, but after two that became impossible.|The Invisible Man: A Grotesque Romance|H. G. Wells|guess|4.0|
14:00|two o'clock|They had decided to fulfil the plan of going for a few days to the lodgings in the old farmhouse near Wellbridge Mill, at which he meant to reside during his investigation of flour processes. At two o'clock there was nothing left to do but to start.|Tess of the d'Urbervilles: A Pure Woman|Thomas Hardy|guess|4.0|
14:00|two o'clock|When two o'clock arrived the professional reed-drawers tossed off the last half-pint in their flagon, put down their hooks, tied their last sheaves, and went away.|Tess of the d'Urbervilles: A Pure Woman|Thomas Hardy|guess|4.0|
14:00|two o'clock|She started at two o'clock, and her meeting with Eustacia was hastened by the appearance of the young lady beside the pool and bank which bordered her grandfather's premises, where she stood surveying the scene, and perhaps thinking of the romantic enactments it had witnessed in past days.|The Return of the Native|Thomas Hardy|guess|4.0|
14:00|two o'clock|On Christmas Day and Good Friday she drummed from breakfast till church, from church-time till two o'clock - unless when the fire wanted stirring, when she invariably knocked down the fire-irons, and scolded Miss Matty for it.|Cranford|Elizabeth Cleghorn Gaskell|guess|4.0|
14:00|two o'clock|Was he not Mr. Longestaffe of Caversham, a Deputy-Lieutenant of his County, and accustomed to lunch punctually at two o'clock?|The Way We Live Now|Anthony Trollope|guess|4.0|
14:00|struck two|Exactly as the clock struck two (there was no doubt an appointment between the pair) Mr. Frederick Bullock called, and he and Mr. Osborne walked away together.|Vanity Fair|William Makepeace Thackeray|guess|4.0|
14:00|two o'clock|In anticipation of their following my directions, which, accident apart, I knew they would do, I went to secure a fly to fetch Lady Glyde from the railway, directing it to be at my house on the 26th, at two o'clock.|The Woman in White|Wilkie Collins|guess|4.0|
14:00|two o'clock|My lady directed me to give the coachman her orders, that the carriage was not to come for Miss Rachel until two o'clock.|The Moonstone|Wilkie Collins|guess|4.0|
14:00|struck two|The clock struck two, as he put the question; and, punctual to the moment, the carriage came round to take Miss Rachel to her aunt's.|The Moonstone|Wilkie Collins|guess|4.0|
14:00|two o'clock|Soon after two o'clock I was again on the field of pious conflict, addressing more kind inquiries to Samuel at Lady Verinder's door.|The Moonstone|Wilkie Collins|guess|4.0|
14:00|two o'clock|It lasted more or less through the night; and then intermitted, at that terrible time in the early morning - from two o'clock to five - when the vital energies even of the healthiest of us are at their lowest.|The Moonstone|Wilkie Collins|guess|4.0|
14:00|Two o'clock|Two o'clock. - I have just returned from my round of medical visits; having begun, of course, by calling at the hotel.|The Moonstone|Wilkie Collins|guess|4.0|
14:00|two o'clock|At two o'clock the guide entered a thick forest which extended several miles; he preferred to travel under cover of the woods.|Around the World in Eighty Days|Jules Verne|guess|4.0|
14:00|two o'clock|We have purchased permission to waive the usual delay; and at half-past two o'clock the Mayor of Marseilles will be waiting for us at the city hall.|The Count of Monte Cristo|Alexandre Dumas|guess|4.0|
14:00|two o'clock|He had sent away his carriage with orders for it to fetch him at two o'clock; fortunately the Palazzo Bracciano, which is on one side in the Corso, and on the other in the Square of the Holy Apostles, is hardly ten minutes' walk from the Hôtel de Londres.|The Count of Monte Cristo|Alexandre Dumas|guess|4.0|
14:00|two o'clock|"I beg your excellency's pardon," interposed the steward in a deprecating manner, "for venturing to observe that it is already two o'clock."|The Count of Monte Cristo|Alexandre Dumas|guess|4.0|
14:00|two o'clock|He gave orders that he should be informed as soon as Madame Danglars appeared; but at two o'clock she had not returned.|The Count of Monte Cristo|Alexandre Dumas|guess|4.0|
14:00|two o'clock|When, at two o'clock, the royal carriage, surrounded by a squadron of the body-guard all covered with silver lace, debouched on the boulevard, after having made the turn of the Salpêtrière, he appeared surprised and almost alarmed.|Les Misérables|Victor Hugo|guess|4.0|
14:00|two o'clock|He listened with all his ears, as attentive as if at a sermon, not daring even to cross his legs or lean on his elbow; and when at two o'clock the bell rang, the master was obliged to tell him to fall into line with the rest of us.|Madame Bovary|Gustave Flaubert|guess|4.0|
14:00|struck two|The church clock struck two. They could hear the loud murmur of the river flowing in the darkness at the foot of the terrace.|Madame Bovary|Gustave Flaubert|guess|4.0|
14:00|two o'clock|Between twelve and two o'clock, as the day was mapped out, the prince rested and the princess played the clavichord.|War and Peace|graf Leo Tolstoy|guess|4.0|
14:00|two o'clock|Till two o'clock the sitting would go on without a break, and at two o'clock there would be an interval and luncheon.|Anna Karenina|graf Leo Tolstoy|guess|4.0|
14:00|two o'clock|This boulevard was never much frequented; and now, at two o'clock, in the stifling heat, it was quite deserted.|Crime and Punishment|Fyodor Dostoyevsky|guess|4.0|
14:00|two o'clock|Fearful, despairing cries rose shrilly from the street, sounds which he heard every night, indeed, under his window after two o'clock.|Crime and Punishment|Fyodor Dostoyevsky|guess|4.0|
14:00|two o'clock|"Ah! the drunken men are coming out of the taverns," he thought, "it's past two o'clock," and at once he leaped up, as though someone had pulled him from the sofa.|Crime and Punishment|Fyodor Dostoyevsky|guess|4.0|
14:00|struck two|To the hissing sound there succeeded a wheezing one, until, putting forth its best efforts, the thing struck two with as much clatter as though some one had been hitting an iron pot with a cudgel.|Dead Souls|Nikolai Vasilevich Gogol|guess|4.0|
14:00|two o'clock|However, it was not good politics to let the king come without any fuss and feathers at all, so I went down and drummed up a procession of pilgrims and smoked out a batch of hermits and started them out at two o'clock to meet him.|A Connecticut Yankee in King Arthur's Court|Mark Twain|guess|4.0|
14:00|Two o'clock|"Never," he repeated dreamily without looking at me, and then flew into sudden activity. "Jove! Two o'clock, and I sail at four!"|Lord Jim|Joseph Conrad|guess|4.0|
14:00|struck two|He seemed to have thrown himself back in his chair, tired out, and sat there with his eyes shut till the clock struck two, when he jumped up, put his books in his pocket, as if ready for another lesson, and taking little Tina who had fallen asleep on the sofa in his arms, he carried her quietly away.|Little Women|Louisa May Alcott|guess|4.0|
14:00|two o'clock|He had, however, taken the precaution to engage in advance a run-about with a pair of old livery-stable trotters that could still do their eighteen miles on level roads; and at two o'clock, hastily deserting the luncheon-table, he sprang into the light carriage and drove off.|The Age of Innocence|Edith Wharton|guess|4.0|
14:00|two o'clock|The flowers were unnecessary, for at two o'clock a greenhouse arrived from Gatsby's, with innumerable receptacles to contain it.|The Great Gatsby|F. Scott Fitzgerald|guess|4.0|
14:00|two o'clock|At two o'clock Gatsby put on his bathing-suit and left word with the butler that if anyone phoned word was to be brought to him at the pool.|The Great Gatsby|F. Scott Fitzgerald|guess|4.0|
14:00|two o'clock|He called at a bleak two o'clock and as they shook hands he wondered confusedly whether he had ever kissed her; it was almost unbelievable - he seriously doubted if she remembered it.|The Beautiful and Damned|F. Scott Fitzgerald|guess|4.0|
14:00|two o'clock|At two o'clock Richard Caramel's car arrived at the door and, when he phoned up, Anthony took Gloria down in the elevator and walked with her to the curb.|The Beautiful and Damned|F. Scott Fitzgerald|guess|4.0|
14:00|two o'clock|As a rule, when all the girls came back at two o'clock, he ran upstairs to Fanny, the hunchback, in the finishing-off room.|Sons and Lovers|D. H. Lawrence|guess|4.0|
14:00|two o'clock|It was two o'clock when I got home. Although I was so tired, I could not sleep except for short intervals - then only to dream.|The Diary of a Nobody|George Grossmith|guess|4.0|
14:00|two o'clock|It was two o'clock when Elliott strolled back, and frankly admitting that he had eluded Rowden, sat down beside Colette and prepared to doze with satisfaction.|The King in Yellow|Robert W. Chambers|guess|4.0|
14:00|two o'clock|"Perhaps he really is ill," she said, turned and went out. She came in again at two o'clock with soup.|Crime and Punishment|Fyodor Dostoyevsky|pm-cue|3.5|
14:00|striking two|Dark and lonely distance lay around him everywhere, and the clocks were faintly striking two.|Dombey and Son|Charles Dickens|pm-cue|3.0|
14:00|two o'clock|At two o'clock yesterday afternoon a small packet, wrapped in brown paper, was handed in by the postman.|The Memoirs of Sherlock Holmes|Arthur Conan Doyle|pm-cue|3.0|
14:00|two o'clock|It was two o'clock before Dr. Kemp had finished his work for the night.|The Invisible Man: A Grotesque Romance|H. G. Wells|pm-cue|3.0|
14:00|two o'clock|"My uncle Deane has appointed the creditors to meet to-morrow at the Golden Lion, and he has ordered a dinner for them at two o'clock.|The Mill on the Floss|George Eliot|pm-cue|3.0|
14:00|two o'clock|He reached the race-course at two o'clock, and remained either there or in the town till nine.|Far from the Madding Crowd|Thomas Hardy|pm-cue|3.0|
14:00|two o'clock|Cold meat will do capitally for a lunch, which is the light in which Mr. Lennox will most likely look upon a two o'clock dinner."|North and South|Elizabeth Cleghorn Gaskell|pm-cue|3.0|
14:00|struck two|He paced up and down, setting his teeth now and then. At last it struck two.|North and South|Elizabeth Cleghorn Gaskell|pm-cue|3.0|
14:00|two o'clock|There were two dinner parties every day, one at two o'clock called lunch, and the other at eight.|The Way We Live Now|Anthony Trollope|pm-cue|3.0|
14:00|two o'clock|I shall have the pleasure of introducing you to my sister by that time, and we will occupy the afternoon in driving round the neighbourhood and showing you all our pet points of view. Till two o'clock, then, farewell."|The Woman in White|Wilkie Collins|pm-cue|3.0|
14:00|two o'clock in the afternoon|But as he did not think of giving this order till five hours after the event - that is to say, till two o'clock in the afternoon - two vessels had already left the port, the one bearing, as we know, Milady, who, already anticipating the event, was further confirmed in that belief by seeing the black flag flying at the masthead of the admiral's ship.|The three musketeers|Alexandre Dumas|afternoon|3.0|
14:00|two o'clock|"That two executions of considerable interest will take place the day after tomorrow at two o'clock, as is customary at Rome at the commencement of all great festivals.|The Count of Monte Cristo|Alexandre Dumas|pm-cue|3.0|
14:00|two o'clock|"I was looking out for you till two o'clock last night. Where did you go after the Shtcherbatskys'?"|Anna Karenina|graf Leo Tolstoy|pm-cue|3.0|
14:00|two o'clock|She was just settling herself to read when the footman came in again. "Madame Borozdina? Tell her, tomorrow at two o'clock.|Anna Karenina|graf Leo Tolstoy|pm-cue|3.0|
14:00|two o'clock|"Ach, Rodya, that was only till two o'clock. Dounia and I never go to bed before two at home."|Crime and Punishment|Fyodor Dostoyevsky|pm-cue|3.0|
14:00|two o'clock|They sat up whispering till two o'clock, but the girl went to bed much earlier, amazed and rather sorrowful.|Crime and Punishment|Fyodor Dostoyevsky|pm-cue|3.0|
14:00|two o'clock|It was very late, but Ivan was still awake and reflecting. He sat up late that night, till two o'clock.|The Brothers Karamazov|Fyodor Dostoyevsky|pm-cue|3.0|
14:00|two o'clock|Let me know if you can't meet me at Jackson and Throop Streets Wednesday afternoon at two o'clock.|Sister Carrie: A Novel|Theodore Dreiser|pm-cue|3.0|
14:00|two o'clock at night|Not that Tom had not his own way of speaking his mind occasionally, with something of the tact often observable in his class; as, for example, the very day after the Sabbath we have described, St. Clare was invited out to a convivial party of choice spirits, and was helped home, between one and two o'clock at night, in a condition when the physical had decidedly attained the upper hand of the intellectual.|Uncle Tom's Cabin|Harriet Beecher Stowe|pm-cue|3.0|
14:00|two o'clock at night|It was between one and two o'clock at night, - broad, calm, still moonlight.|Uncle Tom's Cabin|Harriet Beecher Stowe|pm-cue|3.0|
14:00|two o'clock|She could not be sure how long she had slept. The hour might be two o'clock or it might be six o'clock.|The Old Wives' Tale|Arnold Bennett|pm-cue|3.0|
14:00|two o'clock|Roger, indeed, after making himself consistently disagreeable about the dance, would come down presently, with his fresh colour and bumpy forehead, as though he had been its promoter; and he would smile, and probably take the prettiest woman in to supper; and at two o'clock, just as they were getting into the swing, he would go up secretly to the musicians and tell them to play "God Save the Queen," and go away.|The Forsyte saga, Volume 1|John Galsworthy|pm-cue|3.0|
14:00|two o'clock|He raved, and raved, and would not come to consciousness. At two o'clock, in a dreadful paroxysm, he died.|Sons and Lovers|D. H. Lawrence|pm-cue|3.0|
14:00|struck two|As Clara came upstairs, he would intercept her. He waited. All was dead silence. The clock struck two.|Sons and Lovers|D. H. Lawrence|pm-cue|3.0|
14:00|two o'clock|"My son," said he, "it's two o'clock. Recollect your school at Kensington at three."|Bleak House|Charles Dickens|guess|2.5|
14:00|Two o'clock|Suddenly he sprang from his chair and glanced at his watch. "Two o'clock, gentlemen," said he.|The Return of Sherlock Holmes|Arthur Conan Doyle|guess|2.5|
14:00|two o'clock|"In case Sir Percival should come back to-morrow before two o'clock," I said to Laura, "the wisest plan for you to adopt is to be out in the grounds all the morning with your book or your work, and not to appear at the house till the messenger has had time to arrive with the letter.|The Woman in White|Wilkie Collins|guess|2.5|
14:00|two o'clock|"But not until two o'clock," said D'Artagnan, with the same calmness.|The three musketeers|Alexandre Dumas|guess|2.5|
14:00|two o'clock|"What are we waiting for?" I asked dejectedly. "It's two o'clock."|The Lady with the Dog and Other Stories|Anton Pavlovich Chekhov|guess|2.5|
14:00|two o'clock|At two o'clock back at the Weatherbys' Sally asked her if she and Amory had had a "time" in the den.|This Side of Paradise|F. Scott Fitzgerald|guess|2.5|
14:00|two o'clock|"Is that two o'clock striking?" Mrs. Dawes said in surprise.|Sons and Lovers|D. H. Lawrence|guess|2.5|
14:00|struck two|"I only went for their togs," said he. "You never struck two such stony-broke cusses in yer life!"|The Amateur Cracksman|E. W. Hornung|guess|2.5|
14:00|struck two|As the clock struck two, she was there, and at four she turned resignedly away.|A Tale of Two Cities|Charles Dickens|guess|2.0|
14:00|two o'clock|What will they think of us! It will be two o'clock by the time we get back.|The Old Curiosity Shop|Charles Dickens|guess|2.0|
14:00|two o'clock|So it was, my dear Watson, that at two o'clock to-day I found myself in my old armchair in my own old room, and only wishing that I could have seen my old friend Watson in the other chair which he has so often adorned."|The Return of Sherlock Holmes|Arthur Conan Doyle|guess|2.0|
14:00|two o'clock|People were fighting savagely for standing-room in the carriages even at two o'clock.|The war of the worlds|H. G. Wells|guess|2.0|
14:00|two o'clock|It was two o'clock when she came to herself and called for the police.|The strange case of Dr. Jekyll and Mr. Hyde|Robert Louis Stevenson|guess|2.0|
14:00|two o'clock|It was half-past two o'clock when the knock came. I took my courage à deux mains and waited.|Dracula|Bram Stoker|guess|2.0|
14:00|two o'clock|Last night, or rather this morning, I was dancing till two o'clock.|Jane Eyre: An Autobiography|Charlotte Brontë|guess|2.0|
14:00|two o'clock|"It must be two o'clock, for there is the gong beginning to sound for the tenants' dinners."|Adam Bede|George Eliot|guess|2.0|
14:00|two o'clock|Between one and two o'clock they packed up the remainder and went on again.|Tess of the d'Urbervilles: A Pure Woman|Thomas Hardy|guess|2.0|
14:00|two o'clock|He had hired a conveyance and sent off his goods by two o'clock that day.|The Return of the Native|Thomas Hardy|guess|2.0|
14:00|two o'clock|At two o'clock Mr. Fairlie sent to say he was well enough to see me.|The Woman in White|Wilkie Collins|guess|2.0|
14:00|Two o'clock|"Brougham to Count Fosco, 5 Forest Road. Two o'clock. (John Owen)."|The Woman in White|Wilkie Collins|guess|2.0|
14:00|two o'clock|I must go to Frizinghall myself tomorrow morning - and I shall be back by two o'clock, if not before.|The Moonstone|Wilkie Collins|guess|2.0|
14:00|two o'clock|The train reached Ogden at two o'clock, where it rested for six hours, Mr. Fogg and his party had time to pay a visit to Salt Lake City, connected with Ogden by a branch road; and they spent two hours in this strikingly American town, built on the pattern of other cities of the Union, like a checker-board, "with the sombre sadness of right-angles," as Victor Hugo expresses it.|Around the World in Eighty Days|Jules Verne|guess|2.0|
14:00|two o'clock|It was just two o'clock by Albert's watch when the two friends entered into the dancing-room.|The Count of Monte Cristo|Alexandre Dumas|guess|2.0|
14:00|two o'clock|From twelve to two o'clock Danglars had remained in his study, unsealing his dispatches, and becoming more and more sad every minute, heaping figure upon figure, and receiving, among other visits, one from Major Cavalcanti, who, as stiff and exact as ever, presented himself precisely at the hour named the night before, to terminate his business with the banker.|The Count of Monte Cristo|Alexandre Dumas|guess|2.0|
14:00|two o'clock|The horses only arrived at two o'clock, and the cicerone did not bring the passport till three.|The Count of Monte Cristo|Alexandre Dumas|guess|2.0|
14:00|two o'clock|At two o'clock they were still at a table opposite each other.|Madame Bovary|Gustave Flaubert|guess|2.0|
14:00|two o'clock|At two o'clock she hurried to Léon, and knocked at the door.|Madame Bovary|Gustave Flaubert|guess|2.0|
14:00|struck two|At that moment the great clock struck two and another with a shrill tone joined in from the drawing room.|War and Peace|graf Leo Tolstoy|guess|2.0|
14:00|two o'clock|Toward two o'clock the regiment, having already lost more than two hundred men, was moved forward into a trampled oatfield in the gap between Semënovsk and the Knoll Battery, where thousands of men perished that day and on which an intense, concentrated fire from several hundred enemy guns was directed between one and two o'clock.|War and Peace|graf Leo Tolstoy|guess|2.0|
14:00|two o'clock|"This page of the album, framed in gold, hung on the wall of my sister's drawing-room all her life, in the most conspicuous place, till the day of her death; where it is now, I really don't know. Heavens! it's two o'clock!|The Idiot|Fyodor Dostoyevsky|guess|2.0|
14:00|two o'clock|At that moment the watchman in the yard began striking two o'clock.|The Lady with the Dog and Other Stories|Anton Pavlovich Chekhov|guess|2.0|
14:00|two o'clock|"Yes, I went there and waited almost till two o'clock. I suffered...."|The Lady with the Dog and Other Stories|Anton Pavlovich Chekhov|guess|2.0|
14:00|two o'clock|He had to go at two o'clock, and it was only half-past one when he had finished dressing.|The Lady with the Dog and Other Stories|Anton Pavlovich Chekhov|guess|2.0|
14:00|two o'clock|"Well, you might find him in between eleven and twelve. He's here after two o'clock."|Sister Carrie: A Novel|Theodore Dreiser|guess|2.0|
14:00|two o'clock|At two o'clock on Tuesdays, Thursdays, and Saturdays Trina arrived and took her place in the operating chair.|McTeague: A Story of San Francisco|Frank Norris|guess|2.0|
14:00|two o'clock|"That is just like the extraordinary things that foreigners invent about us. They think we dine at two o'clock and countenance divorce!|The Age of Innocence|Edith Wharton|guess|2.0|
14:00|Two o'clock|Two o'clock by her little gold watch. She should have a new watch, one made in a platinum oblong and incrusted with diamonds - but those cost even more than squirrel coats and of course they were out of her reach now, like everything else - unless perhaps the right letter was awaiting her ... in about an hour ... fifty-eight minutes exactly.|The Beautiful and Damned|F. Scott Fitzgerald|guess|2.0|
14:00|two o'clock|"Ay!" repeated Mr. Critchlow. "Seemingly it began at two o'clock - or thereabouts."|The Old Wives' Tale|Arnold Bennett|guess|2.0|
14:00|struck two|He watched them as it were from a long way off. The church clock struck two.|Sons and Lovers|D. H. Lawrence|guess|2.0|
14:00|striking two|So we went out together as the clock on the chimney-piece was striking two.|The Amateur Cracksman|E. W. Hornung|guess|2.0|
14:03|three minutes past two|At thirty-three minutes past two he heard a singular noise outside, then a hasty opening of doors.|Around the World in Eighty Days|Jules Verne|guess|2.0|
14:05|five past two|Then he thought he would be late at the meeting-place. He was at the Fountain at five past two.|Sons and Lovers|D. H. Lawrence|pm-cue|3.0|
14:05|five after two|A child of five after two lessons would draw better than you do.|Of Human Bondage|W. Somerset Maugham|guess|2.0|
14:10|Ten minutes past two|"Ten minutes past two, sir," answered the man, looking at the clock and blinking.|The Picture of Dorian Gray|Oscar Wilde|guess|2.0|
14:15|two fifteen|Prescott's dyeworks van over there. If I get Billy Prescott's ad: two fifteen.|Ulysses|James Joyce|guess|2.0|
14:15|A quarter past two|For in the end, after a supreme crisis of hesitation, my uncle would utter, infallibly, the words: "A quarter past two," which the servant would echo with amazement, but without disputing them: "A quarter past two!|Swann's Way|Marcel Proust|guess|2.0|
14:15|two fifteen|"Mumps one pound, that is what I have put down, but I daresay it will be more like thirty shillings - don't speak - measles one five, German measles half a guinea, makes two fifteen six - don't waggle your finger - whooping-cough, say fifteen shillings" - and so on it went, and it added up differently each time; but at last Wendy just got through, with mumps reduced to twelve six, and the two kinds of measles treated as one.|Peter Pan|J. M. Barrie|guess|2.0|
14:20|twenty minutes past two|She looked at her watch, and it was twenty minutes past two.|A Tale of Two Cities|Charles Dickens|guess|2.0|
14:30|two-thirty|"Let's see. Two, two-thirty - no, that's evening. By gad, you won't get a train till five-thirty."|The Beautiful and Damned|F. Scott Fitzgerald|pm-cue|3.0|
14:30|2.30|Sunday was the same: bed till noon, the Palmerston Arms till 2.30, dinner, and bed; scarcely a word spoken.|Sons and Lovers|D. H. Lawrence|pm-cue|3.0|
14:40|twenty minutes to three|"To-morrow," added the Captain, rising, "to-morrow, at twenty minutes to three p.m., the Nautilus shall float, and leave the Strait of Torres uninjured."|Twenty Thousand Leagues under the Sea|Jules Verne|pm-cue|5.0|
14:40|twenty minutes to three|He waited for Mr. Pappleworth, not knowing what to do, sitting scribbling on the yellow order-paper. Mr. Pappleworth came at twenty minutes to three.|Sons and Lovers|D. H. Lawrence|guess|4.0|
14:40|twenty to three|Mr. Pappleworth did not appear till twenty to three, and he often found his boy sitting beside Fanny, talking, or drawing, or singing with the girls.|Sons and Lovers|D. H. Lawrence|guess|4.0|
14:40|forty minutes past two|Phileas Fogg asked if there was an express train about to leave for London. It was forty minutes past two.|Around the World in Eighty Days|Jules Verne|guess|2.5|
14:40|twenty minutes to three|At five-and-twenty minutes to three, Captain Nemo appeared in the saloon.|Twenty Thousand Leagues under the Sea|Jules Verne|guess|2.0|
14:45|a quarter before three|'Thanks to your worthy governor, Sir,' said Mr. Trotter, 'we have half a leg of mutton, baked, at a quarter before three, with the potatoes under it to save boiling.'|The Pickwick Papers|Charles Dickens|guess|4.5|
14:45|a quarter to three|Lupin not having come down, I went up again at half-past one, and said we dined at two; he said he "would be there." He never came down till a quarter to three.|The Diary of a Nobody|George Grossmith|guess|4.5|
14:45|a quarter to three|"There's a train at a quarter to three, gets to Knype at ten minutes past." said Amy. officiously.|The Old Wives' Tale|Arnold Bennett|guess|2.5|
14:45|a quarter to three o'clock|Nobody saw me and nobody followed me. It was then a quarter to three o'clock by my watch.|The Woman in White|Wilkie Collins|guess|2.0|
14:45|a quarter to three|He looked now at the clock - a quarter to three! It would be all over in a quarter of an hour.|The Forsyte saga, Volume 1|John Galsworthy|guess|2.0|
14:55|five to three|In New York City the proletariat were being "disciplined," and the odds on Harvard were generally quoted at five to three.|The Beautiful and Damned|F. Scott Fitzgerald|guess|4.0|
14:55|five minutes to three|At five minutes to three the Vaults spewed forth a squirt of roysterers who walked on the pavement as on a tight-rope; among them was the bandsman, his silver instrument only half enveloped in its bag of green serge.|The Old Wives' Tale|Arnold Bennett|guess|4.0|
14:55|Five to three|J. reset his smooth watch in his interior pocket as he came down the presbytery steps. Five to three.|Ulysses|James Joyce|guess|2.0|
14:58|two of three|After swallowing two of three glasses of spirits, Mr. Sikes condescended to take some notice of the young gentlemen; which gracious act led to a conversation, in which the cause and manner of Oliver's capture were circumstantially detailed, with such alterations and improvements on the truth, as to the Dodger appeared most advisable under the circumstances.|Oliver Twist|Charles Dickens|guess|2.0|
14:58|two of three|D'Artagnan remained for a moment motionless, asking himself where he could be; but soon a ray of light which penetrated through the chamber, together with the warm and perfumed air which reached him from the same aperture, the conversation of two of three ladies in language at once respectful and refined, and the word "Majesty" several times repeated, indicated clearly that he was in a closet attached to the queen's apartment.|The three musketeers|Alexandre Dumas|guess|2.0|
14:59|one of three|In theory he was still free, he could have carried on walking, through one of three dark little wooden doors not far in front of him and away from there.|The Trial|Franz Kafka|pm-cue|5.0|
14:59|2.59 p.m|A private wireless telegraph which would transmit by dot and dash system the result of a national equine handicap (flat or steeplechase) of 1 or more miles and furlongs won by an outsider at odds of 50 to 1 at 3 hr 8 m p.m. at Ascot (Greenwich time), the message being received and available for betting purposes in Dublin at 2.59 p.m.|Ulysses|James Joyce|explicit|3.0|
14:59|one of three|That 'ere wolf what we called Bersicker was one of three grey ones that came from Norway to Jamrach's, which we bought off him four years ago.|Dracula|Bram Stoker|guess|2.0|
14:59|one of three|Babbitt's green and white Dutch Colonial house was one of three in that block on Chatham Road.|Babbitt|Sinclair Lewis|guess|2.0|
15:00|three o'clock in the afternoon|We arrived there at two or three o'clock in the afternoon, and had very little way to walk to Mr. Pocket's house.|Great Expectations|Charles Dickens|afternoon|7.0|
15:00|three o'clock in the afternoon|We had started from Yarmouth at three o'clock in the afternoon, and we were due in London about eight next morning.|David Copperfield|Charles Dickens|afternoon|7.0|
15:00|three o'clock in the afternoon|The events narrated in the last chapter were yet but two days old, when Oliver found himself, at three o'clock in the afternoon, in a travelling-carriage rolling fast towards his native town.|Oliver Twist|Charles Dickens|afternoon|7.0|
15:00|three o'clock in the afternoon|The place was a handsome suite of private apartments in Regent Street; the time was three o'clock in the afternoon to the dull and plodding, and the first hour of morning to the gay and spirited; the persons were Lord Frederick Verisopht, and his friend Sir Mulberry Hawk.|Nicholas Nickleby|Charles Dickens|afternoon|7.0|
15:00|three o'clock in the afternoon|At three o'clock in the afternoon there was a loud peal at the bell, an authoritative voice in the hall, and, to my surprise, no less a person than Mr. Athelney Jones was shown up to me.|The Sign of the Four|Arthur Conan Doyle|afternoon|7.0|
15:00|three o'clock in the afternoon|This club was not to be opened till three o'clock in the afternoon, before which hour the promoters of the Beargarden thought it improbable that they and their fellows would want a club.|The Way We Live Now|Anthony Trollope|afternoon|7.0|
15:00|three o'clock in the afternoon|For it was understood that, though the Beargarden was not to be open before three o'clock in the afternoon, the accommodation denied during the day was to be given freely during the night.|The Way We Live Now|Anthony Trollope|afternoon|7.0|
15:00|three o'clock in the afternoon|Returning to Frizinghall, I left a note for Betteredge, telling him that I had been unexpectedly called away for a few hours, but that he might certainly expect me to return towards three o'clock in the afternoon.|The Moonstone|Wilkie Collins|afternoon|7.0|
15:00|three o'clock in the afternoon|As Emil rode homewards at three o'clock in the afternoon, he saw Amédée staggering out of the wheatfield, supported by two of his cousins.|O Pioneers!|Willa Cather|afternoon|7.0|
15:00|three o'clock in the afternoon|The snow, which had been falling all night, lay at three o'clock in the afternoon over the fields and the hill.|Jacob's Room|Virginia Woolf|afternoon|7.0|
15:00|three o'clock at night|They used to play cards till two, sometimes till three o'clock at night, and then, stretching, they would go into the dining-room to supper, or, as Orlov said, for a snack of something.|The Lady with the Dog and Other Stories|Anton Pavlovich Chekhov|pm-cue|5.5|
15:00|three o'clock|I have known her to be thrown into fainting fits by the king's taxes at three o'clock, and to eat lamb chops, breaded, and drink warm ale (paid for with two tea-spoons that had gone to the pawnbroker's) at four.|David Copperfield|Charles Dickens|pm-cue|5.0|
15:00|three o'clock|As the night lags tardily on - or rather when it seems to stop altogether, at between two and three o'clock - they find a restless craving on him to know more about the weather, now he cannot see it.|Bleak House|Charles Dickens|pm-cue|5.0|
15:00|three o'clock|At three o'clock that afternoon, Mr. Pickwick took a last look at his little room, and made his way, as well as he could, through the throng of debtors who pressed eagerly forward to shake him by the hand, until he reached the lodge steps.|The Pickwick Papers|Charles Dickens|pm-cue|5.0|
15:00|three o'clock in the afternoon|But his heart failed him so much as he approached the scene of action, that, although he arrived on the ground at three o'clock in the afternoon, it was six before he knocked at the door.|Dombey and Son|Charles Dickens|afternoon|5.0|
15:00|three o'clock in the afternoon|The Serpent of old Nile (not to mention her disrespectfully) was reposing on her sofa, sipping her morning chocolate at three o'clock in the afternoon, and Flowers the Maid was fastening on her youthful cuffs and frills, and performing a kind of private coronation ceremony on her, with a peach-coloured velvet bonnet; the artificial roses in which nodded to uncommon advantage, as the palsy trifled with them, like a breeze.|Dombey and Son|Charles Dickens|afternoon|5.0|
15:00|Three o'clock|Florence, more agitated, paced her room; and paced the gallery outside; and looked out at the night, blurred and wavy with the raindrops on the glass, and the tears in her own eyes; and looked up at the hurry in the sky, so different from the repose below, and yet so tranquil and solitary. Three o'clock!|Dombey and Son|Charles Dickens|pm-cue|5.0|
15:00|three o'clock|Nothing further passed up to Mr Swiveller's dinner-time, which was at three o'clock, and seemed about three weeks in coming.|The Old Curiosity Shop|Charles Dickens|pm-cue|5.0|
15:00|three o'clock|"If you will be good enough to call to-morrow afternoon at three o'clock I should like to chat this little matter over with you."|The Adventures of Sherlock Holmes|Arthur Conan Doyle|pm-cue|5.0|
15:00|three o'clock|I had no difficulty in getting leave to come into Winchester this morning, but I must be back before three o'clock, for Mr. and Mrs. Rucastle are going on a visit, and will be away all the evening, so that I must look after the child.|The Adventures of Sherlock Holmes|Arthur Conan Doyle|pm-cue|5.0|
15:00|three o'clock|Mounted policemen rode along the country lanes, stopping at every cottage and warning the people to lock up their houses, and keep indoors unless they were armed, and all the elementary schools had broken up by three o'clock, and the children, scared and keeping together in groups, were hurrying home.|The Invisible Man: A Grotesque Romance|H. G. Wells|pm-cue|5.0|
15:00|three o'clock|I left Moor House at three o'clock P.M., and soon after four I stood at the foot of the sign-post of Whitcross, waiting the arrival of the coach which was to take me to distant Thornfield.|Jane Eyre: An Autobiography|Charlotte Brontë|pm-cue|5.0|
15:00|three o'clock in the afternoon|An August sun beat straight down into the street at three o'clock in the afternoon.|North and South|Elizabeth Cleghorn Gaskell|afternoon|5.0|
15:00|three o'clock|I started in the fly, leaving the false Lady Glyde dead in the house, to receive the true Lady Glyde on her arrival by the railway at three o'clock.|The Woman in White|Wilkie Collins|pm-cue|5.0|
15:00|three o'clock in the evening|Towards three o'clock in the evening this feeling rose to a violent degree.|Twenty Thousand Leagues under the Sea|Jules Verne|evening|5.0|
15:00|three o'clock in the afternoon|On the morrow, at three o'clock in the afternoon, they arrived at Surgères.|The three musketeers|Alexandre Dumas|afternoon|5.0|
15:00|Three o'clock|Three o'clock struck. At the third stroke, Fantine sat up in bed; she who could, in general, hardly turn over, joined her yellow, fleshless hands in a sort of convulsive clasp, and the nun heard her utter one of those profound sighs which seem to throw off dejection.|Les Misérables|Victor Hugo|pm-cue|5.0|
15:00|three o'clock in the afternoon|But before three o'clock in the afternoon that something took place to which I alluded at the end of the last book, something so unexpected by all of us and so contrary to the general hope, that, I repeat, this trivial incident has been minutely remembered to this day in our town and all the surrounding neighborhood.|The Brothers Karamazov|Fyodor Dostoyevsky|afternoon|5.0|
15:00|three o'clock in the afternoon|At three o'clock in the afternoon, all the fashionable world at Nice may be seen on the Promenade des Anglais - a charming place, for the wide walk, bordered with palms, flowers, and tropical shrubs, is bounded on one side by the sea, on the other by the grand drive, lined with hotels and villas, while beyond lie orange orchards and the hills.|Little Women|Louisa May Alcott|afternoon|5.0|
15:00|three o'clock|By three o'clock she was sure it must be six, and by four it seemed as if they had forgotten to note the hour and were letting all work overtime.|Sister Carrie: A Novel|Theodore Dreiser|pm-cue|5.0|
15:00|Three o'clock|He had thought to be joyously aiding Carrie by now in the task of joining her interests to his, and here it was afternoon and nothing done. Three o'clock came, four, five, six, and no letter.|Sister Carrie: A Novel|Theodore Dreiser|pm-cue|5.0|
15:00|three o'clock|Underneath him the branch post-office was opening its doors, as was its custom between two and three o'clock on Sunday afternoons.|McTeague: A Story of San Francisco|Frank Norris|pm-cue|5.0|
15:00|three o'clock|At three o'clock one met little girls in white dresses and little boys in the round-collared shirts of the time, hurrying along the sidewalk on their way to the tent.|My Ántonia|Willa Cather|pm-cue|5.0|
15:00|three o'clock|The grey light of day that remained lasted until three o'clock, when it, too, faded, and the pall of the Arctic night descended upon the lone and silent land.|White Fang|Jack London|pm-cue|5.0|
15:00|three o'clock|A gambling fever swept through the sophomore class and they bent over the bones till three o'clock many a sultry night.|This Side of Paradise|F. Scott Fitzgerald|pm-cue|5.0|
15:00|three o'clock|Towards noon he rose, cut himself food in the pantry, ate it with his head dropped, then pulled on his boots, and went out, to return at three o'clock slightly tipsy and relieved; then once more straight to bed.|Sons and Lovers|D. H. Lawrence|pm-cue|5.0|
15:00|three o'clock|"So soon! my good friend," said Sir Thomas, producing his watch with all necessary caution; "it is three o'clock, and your sister is not used to these sort of hours."|Mansfield Park|Jane Austen|guess|4.5|
15:00|three o'clock|At three o'clock that day, when Hetty was on the coach that was to take her, they said, to Leicester - part of the long, long way to Windsor - she felt dimly that she might be travelling all this weary journey towards the beginning of new misery.|Adam Bede|George Eliot|guess|4.5|
15:00|three o'clock|They had then reached the first hours of that Spartan day of the 6th of June when, in the barricade Saint-Merry, Jeanne, surrounded by the insurgents who demanded bread, replied to all combatants crying: "Something to eat!" with: "Why? It is three o'clock; at four we shall be dead."|Les Misérables|Victor Hugo|guess|4.5|
15:00|three o'clock|"Dating from three o'clock yesterday. My perpetual influence could not begin earlier, or you would not have been so much out of humour before."|Emma|Jane Austen|guess|4.0|
15:00|three o'clock|They reached town by three o'clock the third day, glad to be released, after such a journey, from the confinement of a carriage, and ready to enjoy all the luxury of a good fire.|Sense and Sensibility|Jane Austen|guess|4.0|
15:00|three o'clock|When they arrived at Mrs. Allen's door, the astonishment of Isabella was hardly to be expressed, on finding that it was too late in the day for them to attend her friend into the house: "Past three o'clock!"|Northanger Abbey|Jane Austen|guess|4.0|
15:00|three o'clock|Finally, he had proposed, after anxious consideration, that Miss Pross and Jerry, who were at liberty to leave the city, should leave it at three o'clock in the lightest-wheeled conveyance known to that period.|A Tale of Two Cities|Charles Dickens|guess|4.0|
15:00|struck three|Just as the clock struck three, there was blown into the crescent a sedan-chair with Mrs. Dowler inside, borne by one short, fat chairman, and one long, thin one, who had had much ado to keep their bodies perpendicular: to say nothing of the chair.|The Pickwick Papers|Charles Dickens|guess|4.0|
15:00|struck three|Upon which Mr. Weller struck three distinct blows upon his nose in token of intelligence, smiled, winked, and proceeded to put the steps up, with a countenance expressive of lively satisfaction.|The Pickwick Papers|Charles Dickens|guess|4.0|
15:00|struck three|Pointing out this gateway, and informing Florence that when the clocks struck three she was to go to the left, Mrs Brown, after making a parting grasp at her hair which seemed involuntary and quite beyond her own control, told her she knew what to do, and bade her go and do it: remembering that she was watched.|Dombey and Son|Charles Dickens|guess|4.0|
15:00|strike three|Florence remained there, looking at the bustle in the street, and more and more bewildered by it; and in the meanwhile the clocks appeared to have made up their minds never to strike three any more.|Dombey and Son|Charles Dickens|guess|4.0|
15:00|three o'clock|I had gone downstairs at three o'clock to fetch a jug of water; and was passing through the hall with it in my hand, when a sharp knock at the front door made me jump.|Wuthering Heights|Emily Brontë|guess|4.0|
15:00|three o'clock|It was three o'clock; the church bell tolled as I passed under the belfry: the charm of the hour lay in its approaching dimness, in the low-gliding and pale-beaming sun.|Jane Eyre: An Autobiography|Charlotte Brontë|guess|4.0|
15:00|three o'clock|A number of people had heroically gathered in the field but by three o'clock Henchard discerned that his project was doomed to end in failure.|The Mayor of Casterbridge|Thomas Hardy|guess|4.0|
15:00|three o'clock|At three o'clock they again went into church, and now Mr. Arabin read the service and the archdeacon preached.|Barchester Towers|Anthony Trollope|guess|4.0|
15:00|three o'clock|It was three o'clock before they took off their aprons, and released Penelope (much the worse for the vehicle), and cleaned themselves of their mess.|The Moonstone|Wilkie Collins|guess|4.0|
15:00|three o'clock|It was now three o'clock; and pilot-boat No. 43, with its crew on board, and its provisions stored away, was ready for departure.|Around the World in Eighty Days|Jules Verne|guess|4.0|
15:00|three o'clock|The performance, so noisily announced by the Honourable Mr. Batulcar, was to commence at three o'clock, and soon the deafening instruments of a Japanese orchestra resounded at the door.|Around the World in Eighty Days|Jules Verne|guess|4.0|
15:00|three o'clock|Before three o'clock the large shed was invaded by the spectators, comprising Europeans and natives, Chinese and Japanese, men, women and children, who precipitated themselves upon the narrow benches and into the boxes opposite the stage.|Around the World in Eighty Days|Jules Verne|guess|4.0|
15:00|three o'clock|The travellers, then, were promenading, at three o'clock, about the streets of the town built between the banks of the Jordan and the spurs of the Wahsatch Range.|Around the World in Eighty Days|Jules Verne|guess|4.0|
15:00|three o'clock|There were several rapid locomotives on hand; but the railway arrangements did not permit the special train to leave until three o'clock.|Around the World in Eighty Days|Jules Verne|guess|4.0|
15:00|three o'clock|At three o'clock the sound of fireworks, let off on the Piazza del Popolo and the Piazza di Venezia (heard with difficulty amid the din and confusion) announced that the races were about to begin.|The Count of Monte Cristo|Alexandre Dumas|guess|4.0|
15:00|three o'clock|It was three o'clock; at a quarter past, a merchant presented himself to insure two ships; it was a clear profit of 15,000 francs.|The Count of Monte Cristo|Alexandre Dumas|guess|4.0|
15:00|Three o'clock|His mind wavered for a whole hour in fluctuations with which there was certainly mingled some struggle. Three o'clock struck.|Les Misérables|Victor Hugo|guess|4.0|
15:00|three o'clock|On Wednesday at three o'clock, Monsieur and Madame Bovary, seated in their dog-cart, set out for Vaubyessard, with a great trunk strapped on behind and a bonnet-box in front of the apron.|Madame Bovary|Gustave Flaubert|guess|4.0|
15:00|three o'clock|Toward three o'clock the French attacks ceased. On the faces of all who came from the field of battle, and of those who stood around him, Kutúzov noticed an expression of extreme tension.|War and Peace|graf Leo Tolstoy|guess|4.0|
15:00|three o'clock|In the same way on the Saturday we have to fast till three o'clock, and then take a little bread and water and drink a single cup of wine.|The Brothers Karamazov|Fyodor Dostoyevsky|guess|4.0|
15:00|three o'clock|The fact is that a smell of decomposition began to come from the coffin, growing gradually more marked, and by three o'clock it was quite unmistakable.|The Brothers Karamazov|Fyodor Dostoyevsky|guess|4.0|
15:00|three o'clock|After three o'clock the rush of worldly visitors was greatly increased and this was no doubt owing to the shocking news.|The Brothers Karamazov|Fyodor Dostoyevsky|guess|4.0|
15:00|three o'clock|At supper they talked of nothing but the morning frost, and it was settled that Tanya should not go to bed, and between twelve and one should walk through the garden, and see that everything was done properly, and Yegor Semyonitch should get up at three o'clock or even earlier.|The Lady with the Dog and Other Stories|Anton Pavlovich Chekhov|guess|4.0|
15:00|three o'clock|It struck three o'clock. Kovrin put out the light and lay down to sleep, lay for a long time with his eyes closed, but could not get to sleep because, as he fancied, the room was very hot and Tanya talked in her sleep.|The Lady with the Dog and Other Stories|Anton Pavlovich Chekhov|guess|4.0|
15:00|three o'clock|Towards three o'clock, when it was beginning to get light, the door creaked cautiously and his maman came into the room.|The Lady with the Dog and Other Stories|Anton Pavlovich Chekhov|guess|4.0|
15:00|three o'clock|Yes, London and Westminster have been astir ever since the warning guns boomed at three o'clock, and already crowds of untitled rich folk who have bought the privilege of trying to find sitting-room in the galleries are flocking in at the entrances reserved for their sort.|The Prince and the Pauper|Mark Twain|guess|4.0|
15:00|three o'clock|It was three o'clock when Matthew came with a doctor, for he had been obliged to go all the way to Spencervale for one.|Anne of Green Gables|L. M. Montgomery|guess|4.0|
15:00|three o'clock|She began to dress at three o'clock for her departure at half-past five for the noted dining-room which was then crowding Delmonico's for position in society.|Sister Carrie: A Novel|Theodore Dreiser|guess|4.0|
15:00|three o'clock|Miss Osborne and she had gone to the office of the manager who was to produce the new opera at the Broadway and returned straight to the former's room, where they had been since three o'clock.|Sister Carrie: A Novel|Theodore Dreiser|guess|4.0|
15:00|three o'clock|By degrees these water holes grew dryer and dryer, and at three o'clock Cribbens halted and filled their canteens.|McTeague: A Story of San Francisco|Frank Norris|guess|4.0|
15:00|three o'clock|Taking his pair at an easy gait, he counted on reaching the stud-farm, which was not far beyond Paradise Rocks, before three o'clock; so that, after looking over the horse (and trying him if he seemed promising) he would still have four golden hours to dispose of.|The Age of Innocence|Edith Wharton|guess|4.0|
15:00|strike three|They reminded one another of the people they had known at Heidelberg, they spoke of Philip's friends in Paris, they talked of books, pictures, morals, life; and suddenly Philip heard a clock strike three.|Of Human Bondage|W. Somerset Maugham|guess|4.0|
15:00|chimed three|The clock in M. Niepce's room, which the grocer had persuaded to exact time-keeping, chimed three with its delicate ting.|The Old Wives' Tale|Arnold Bennett|guess|4.0|
15:00|three o'clock|He arrived at the Club at three o'clock, and the first person he saw was Bosinney himself, seated in a corner, staring out of the window.|The Forsyte saga, Volume 1|John Galsworthy|guess|4.0|
15:00|three o'clock|He went straight to the City, but finding things slack, he left at three o'clock, glad of this chance to get home quietly.|The Forsyte saga, Volume 1|John Galsworthy|guess|4.0|
15:00|three o'clock|At three o'clock she was in Lowndes Square. With a woman's instinct when trouble is to be faced, she had put on her best frock, and went to the battle with a glance as courageous as old Jolyon's itself.|The Forsyte saga, Volume 1|John Galsworthy|guess|4.0|
15:00|three o'clock|As Clara saw, he owned himself beaten, and he wanted to be taken back whether or not. That she could do for him. It was three o'clock.|Sons and Lovers|D. H. Lawrence|guess|4.0|
15:00|three o'clock|The presentation will take place at the - - Station at three o'clock on the 30th inst., if this time and place will be convenient to you.|The Railway Children|E. Nesbit|guess|4.0|
15:00|three o'clock|We revenged ourselves on Leo Dillon by saying what a funk he was and guessing how many he would get at three o'clock from Mr Ryan.|Dubliners|James Joyce|guess|4.0|
15:00|Three o'clock|Three o'clock, and half-past three, and they had passed over London Bridge.|Little Dorrit|Charles Dickens|pm-cue|3.0|
15:00|three o'clock|Not liking to show him that I had heard the conflict, I continued my toilette rather noisily, looked at my watch, and soliloquised on the length of the night: "Not three o'clock yet!|Wuthering Heights|Emily Brontë|pm-cue|3.0|
15:00|three o'clock|That afternoon, about half-past three o'clock, Tom was standing on the wharf, talking with Bob Jakin about the probability of the good ship Adelaide coming in, in a day or two, with results highly important to both of them.|The Mill on the Floss|George Eliot|pm-cue|3.0|
15:00|struck three|He unbridled and fed his horse, and as he re-entered the house the clock struck three.|Tess of the d'Urbervilles: A Pure Woman|Thomas Hardy|pm-cue|3.0|
15:00|three o'clock|But on Miss Halcombe's declaring that she only wanted to put some questions which she was too much agitated to ask at that moment, and that she had no intention of misleading the nurse into any dereliction of duty, the woman took the money, and proposed three o'clock on the next day as the time for the interview.|The Woman in White|Wilkie Collins|pm-cue|3.0|
15:00|struck three|Supper was to be served at three, and the clock of St. Jean had struck three quarters past two.|The three musketeers|Alexandre Dumas|pm-cue|3.0|
15:00|three o'clock|It occurred to none of them that it was three o'clock and time to go to bed.|War and Peace|graf Leo Tolstoy|pm-cue|3.0|
15:00|three o'clock|At three o'clock she too went away, promising to come to dinner.|Anna Karenina|graf Leo Tolstoy|pm-cue|3.0|
15:00|three o'clock|Will you come tomorrow? Tomorrow at three o'clock, at the end of the Mall.|The House of Mirth|Edith Wharton|pm-cue|3.0|
15:00|three o'clock|The afternoon waned from the purging good of three o'clock to the golden beauty of four.|This Side of Paradise|F. Scott Fitzgerald|pm-cue|3.0|
15:00|three o'clock|Though going to bed at three o'clock, he had continued to rise at his usual hour.|The Old Wives' Tale|Arnold Bennett|pm-cue|3.0|
15:00|struck three|When the clock struck three, Elizabeth felt that she must go, and very unwillingly said so.|Pride and Prejudice|Jane Austen|guess|2.5|
15:00|three o'clock|"Perhaps not," she said, musingly. "When did you say we must be at the door - three o'clock?"|Far from the Madding Crowd|Thomas Hardy|guess|2.5|
15:00|Three o'clock|"Three o'clock!" said he to himself. "My father told me that dial was put up only an hour before the old Colonel's death.|The House of the Seven Gables|Nathaniel Hawthorne|guess|2.5|
15:00|three o'clock|Suddenly my aunt turned pale. "What, three o'clock!" she exclaimed.|Swann's Way|Marcel Proust|guess|2.5|
15:00|Three o'clock|"Three o'clock yesterday! That is your date. I thought I had seen you first in February."|Emma|Jane Austen|guess|2.0|
15:00|chimed three|The church clocks chimed three quarters past eleven, as two figures emerged on London Bridge.|Oliver Twist|Charles Dickens|guess|2.0|
15:00|struck three|The wind brought the sounds of the church clock to the window. They listened, and it struck three.|Hard Times|Charles Dickens|guess|2.0|
15:00|three o'clock|At last the steeples rang out three o'clock; there was one close by, so she couldn't be mistaken; and - after often looking over her shoulder, and often going a little way, and as often coming back again, lest the all-powerful spies of Mrs Brown should take offence - she hurried off, as fast as she could in her slipshod shoes, holding the rabbit-skin tight in her hand.|Dombey and Son|Charles Dickens|guess|2.0|
15:00|struck three|It had just struck three on the Palace clock when I found myself back once more at Pondicherry Lodge.|The Sign of the Four|Arthur Conan Doyle|guess|2.0|
15:00|three o'clock|Now, it was past three o'clock, according to Mrs. Smith, when they got the boat.|The Sign of the Four|Arthur Conan Doyle|guess|2.0|
15:00|three o'clock|The day is running by more quickly than I ever thought a day could run for me again. It is now three o'clock.|Dracula|Bram Stoker|guess|2.0|
15:00|three o'clock|It was three o'clock in the beautiful breezy autumn day when Mr. Casaubon drove off to his Rectory at Lowick, only five miles from Tipton; and Dorothea, who had on her bonnet and shawl, hurried along the shrubbery and across the park that she might wander through the bordering wood with no other visible companionship than that of Monk, the Great St. Bernard dog, who always took care of the young ladies in their walks.|Middlemarch|George Eliot|guess|2.0|
15:00|three o'clock|He was satisfied with his present success, and by three o'clock that day he had taken up his portmanteau at the turnpike and mounted the coach, relieving Mr. Bulstrode's eyes of an ugly black spot on the landscape at Stone Court, but not relieving him of the dread that the black spot might reappear and become inseparable even from the vision of his hearth.|Middlemarch|George Eliot|guess|2.0|
15:00|three o'clock|At two or three o'clock in the day, nobody knew how the matter was going.|The Way We Live Now|Anthony Trollope|guess|2.0|
15:00|strike three|Surely it was before the sun rose? Yes, I heard the clock strike three.|The Woman in White|Wilkie Collins|guess|2.0|
15:00|three o'clock|It was long past luncheon-time - it was three o'clock before they had done.|The Moonstone|Wilkie Collins|guess|2.0|
15:00|struck three|As the clock of Hampstead church struck three, I put Mr. Bruff's key into the lock of the door in the wall.|The Moonstone|Wilkie Collins|guess|2.0|
15:00|three o'clock|At three o'clock came two companies of the Guards, one French, the other Swiss.|The three musketeers|Alexandre Dumas|guess|2.0|
15:00|three o'clock|M. Madeleine usually came to see the invalid at three o'clock.|Les Misérables|Victor Hugo|guess|2.0|
15:00|three o'clock|Rembrandt is better than Vandermeulen; Vandermeulen, exact at noon, lies at three o'clock.|Les Misérables|Victor Hugo|guess|2.0|
15:00|three o'clock|At three o'clock the cotillion began. Emma did not know how to waltz.|Madame Bovary|Gustave Flaubert|guess|2.0|
15:00|three o'clock|It was three o'clock, and the very liveliest time in the streets.|Anna Karenina|graf Leo Tolstoy|guess|2.0|
15:00|struck three|He came directly from the shoal which we had just before entered, and in which we had struck three of his companions, as if fired with revenge for their sufferings."|Moby Dick; Or, The Whale|Herman Melville|guess|2.0|
15:00|three o'clock|All possible hurry was made; still, it was after three o'clock before the village was reached.|The Prince and the Pauper|Mark Twain|guess|2.0|
15:00|Three o'clock|Three o'clock struck, and four, and the half-hour rang its double chime, but Dorian Gray did not stir.|The Picture of Dorian Gray|Oscar Wilde|guess|2.0|
15:00|three o'clock|At three o'clock it was even more terrible than it had been at noon.|McTeague: A Story of San Francisco|Frank Norris|guess|2.0|
15:00|three o'clock|I looked at my watch and sighed; it was three o'clock, and I knew that I must eat him at six.|My Ántonia|Willa Cather|guess|2.0|
15:00|three o'clock|At three o'clock, Emil felt that he could stand it no longer.|O Pioneers!|Willa Cather|guess|2.0|
15:00|Three o'clock|Mr. Welland sighed nervously. "'Some of us,' my dear - more than one? Three o'clock is such a very awkward hour.|The Age of Innocence|Edith Wharton|guess|2.0|
15:00|three o'clock|But at three o'clock he shook out the reins over the trotters and turned into the by-roads leading to Portsmouth.|The Age of Innocence|Edith Wharton|guess|2.0|
15:00|three o'clock|He got Henry to going out with him, and often he would not come home nights till two or three o'clock.|Uncle Tom's Cabin|Harriet Beecher Stowe|guess|2.0|
15:00|three o'clock|Then from three o'clock to five she sat close to the telephone - with no result.|The Beautiful and Damned|F. Scott Fitzgerald|guess|2.0|
15:00|three o'clock|This wandering in peignoirs would continue till three o'clock, and then Laurence might say, as if nerving herself to an unusual and immense effort: "I must be dressed by five o'clock.|The Old Wives' Tale|Arnold Bennett|guess|2.0|
15:00|three o'clock|And when at last he was so cold that he came to himself, he found his watch had stopped at half-past two. It was after three o'clock.|Sons and Lovers|D. H. Lawrence|guess|2.0|
15:00|three o'clock|Annie huddled into the dressing-gown, Paul wrapped himself in a brown blanket. It was three o'clock.|Sons and Lovers|D. H. Lawrence|guess|2.0|
15:00|three o'clock|At three o'clock, we stood once more upon Charing Cross platform.|Poirot Investigates|Agatha Christie|guess|2.0|
15:05|five minutes past three|It was now five minutes past three. The car slowed down by the farm, in the yard of which Miss Avery was standing.|Howards End|E. M. Forster|guess|4.0|
15:05|five minutes past three|The clock on the mantelpiece showed five minutes past three.|The Old Wives' Tale|Arnold Bennett|guess|2.0|
15:10|ten minutes past three|The sails and the English flag were hoisted at ten minutes past three.|Around the World in Eighty Days|Jules Verne|guess|2.0|
15:15|3:15|I was wired for at 3:15, reached Yoxley Old Place at 5, conducted my investigation, was back at Charing Cross by the last train, and straight to you by cab."|The Return of Sherlock Holmes|Arthur Conan Doyle|guess|2.0|
15:15|a quarter past three|The Board always met at three, and had generally been dissolved at a quarter past three.|The Way We Live Now|Anthony Trollope|guess|2.0|
15:15|a quarter past three|The sister dared not speak to her. The clock struck a quarter past three.|Les Misérables|Victor Hugo|guess|2.0|
15:15|3.15|In the meantime, the minutes were creeping by: 3.15, 3.20, 3.25, 3.27.|The Secret Adversary|Agatha Christie|guess|2.0|
15:20|twenty past three|It was twenty past three when we reached our terminus, and after a hasty luncheon at the buffet we pushed on at once to Scotland Yard.|The Memoirs of Sherlock Holmes|Arthur Conan Doyle|guess|4.0|
15:20|twenty minutes past three|Then Chirac went outside with the head-waiter, returned, consulted with his friends, and finally approached Sophia. It was twenty minutes past three.|The Old Wives' Tale|Arnold Bennett|guess|4.0|
15:29|3.29|In the meantime, the minutes were creeping by: 3.15, 3.20, 3.25, 3.27. Supposing Julius did not get there in time. 3.29....|The Secret Adversary|Agatha Christie|guess|4.0|
15:30|3.30|Obviously, he could not follow both of them unless - - Like Boris, he glanced up at the clock, and then to the announcement board of the trains. The Bournemouth train left at 3.30.|The Secret Adversary|Agatha Christie|guess|4.0|
15:30|three-thirty|The attendant said, "Naw, you can't see any of the prisoners till three-thirty - visiting-hour."|Babbitt|Sinclair Lewis|guess|2.5|
15:30|half past three|Although I left the office at half past three, and was prowling about the place of appointment within a few minutes afterwards, the appointed time was exceeded by a full quarter of an hour, according to the clock of St. Andrew's, Holborn, before I could muster up sufficient desperation to pull the private bell-handle let into the left-hand door-post of Mr. Waterbrook's house.|David Copperfield|Charles Dickens|guess|2.0|
15:34|3:34|"Jonathan will be here at half-past eleven, and you must come to lunch with us and see him then; you could catch the quick 3:34 train, which will leave you at Paddington before eight."|Dracula|Bram Stoker|guess|4.0|
15:37|3.37|At one point is a small cross done in red ink, and above it is '3.37 from left,' in faded pencil-writing.|The Sign of the Four|Arthur Conan Doyle|guess|2.0|
15:45|a quarter before four|The perusal of this paper absorbed Phileas Fogg until a quarter before four, whilst the Standard, his next task, occupied him till the dinner hour.|Around the World in Eighty Days|Jules Verne|pm-cue|5.0|
15:45|a quarter to four|Our visitors arrived at the appointed time, but it was a quarter to four before my friend put in an appearance.|The Memoirs of Sherlock Holmes|Arthur Conan Doyle|guess|4.0|
15:45|a quarter of four|He had done nothing, and here was the afternoon slipping away. It was now a quarter of four.|Sister Carrie: A Novel|Theodore Dreiser|pm-cue|3.0|
15:45|a quarter to four|None of the cars turned into the meadow-none till a quarter to four, when Kennicott drove in.|Main Street|Sinclair Lewis|guess|2.0|
15:55|five to four|One of the best players we have, by the by; and we had a little touch together, though I was almost afraid of him at first: the odds were five to four against me; and, if I had not made one of the cleanest strokes that perhaps ever was made in this world - I took his ball exactly - but I could not make you understand it without a table; however, I did beat him.|Northanger Abbey|Jane Austen|guess|2.0|
15:59|one of four|You know how on a flat surface, which has only two dimensions, we can represent a figure of a three-dimensional solid, and similarly they think that by models of three dimensions they could represent one of four - if they could master the perspective of the thing.|The Time Machine|H. G. Wells|guess|4.0|
15:59|one of four|It was one of four which stood back some little way from the street, two being occupied and two empty.|A Study in Scarlet|Arthur Conan Doyle|guess|2.0|
16:00|four o'clock in the afternoon|"I think Didon had better get the money," he said, "and bring it to me to-morrow, at four o'clock in the afternoon, to the club."|The Way We Live Now|Anthony Trollope|afternoon|7.5|
16:00|four o'clock in the afternoon|Tickets of admission to that evening's assembly were to have been prepared for the whole party, but as they were not ready, Mr. Pickwick undertook, despite all the protestations to the contrary of Angelo Bantam, to send Sam for them at four o'clock in the afternoon, to the M.C.'s house in Queen Square.|The Pickwick Papers|Charles Dickens|afternoon|7.0|
16:00|four o'clock in the afternoon|'Oh, my dear,' rejoined Miss Cheggs in the same whisper as before, 'I've been so tormented, so worried, that it's a mercy we were not here at four o'clock in the afternoon.|The Old Curiosity Shop|Charles Dickens|afternoon|7.0|
16:00|four o'clock in the afternoon|At three or four o'clock in the afternoon, English time, the view from this window was very bright and peculiar; and Little Dorrit used to sit and muse here, much as she had been used to while away the time in her balcony at Venice.|Little Dorrit|Charles Dickens|afternoon|7.0|
16:00|four o'clock in the evening|The next day, which was the 10th, at four o'clock in the evening, it reached Chicago, already risen from its ruins, and more proudly seated than ever on the borders of its beautiful Lake Michigan.|Around the World in Eighty Days|Jules Verne|evening|7.0|
16:00|four o'clock in the afternoon|Between three and four o'clock in the afternoon Prince Andrew, who had persisted in his request to Kutúzov, arrived at Grunth and reported himself to Bagratión.|War and Peace|graf Leo Tolstoy|afternoon|7.0|
16:00|four o'clock in the afternoon|Let us praise nature: you see what sunshine, how clear the sky is, the leaves are all green, it's still summer; four o'clock in the afternoon and the stillness!|The Brothers Karamazov|Fyodor Dostoyevsky|afternoon|7.0|
16:00|four o'clock in the afternoon|He dressed himself very neatly in blue serge, took his rubber-shod stick - for he was lame and wanted two fingers on the left hand, having served his country - and set out from the house with the flagstaff precisely at four o'clock in the afternoon.|Jacob's Room|Virginia Woolf|afternoon|7.0|
16:00|four o'clock in the afternoon|At four o'clock in the afternoon the German batteries suddenly wreathed themselves in smoke, and the shells fell fast on Montparnasse.|The King in Yellow|Robert W. Chambers|afternoon|7.0|
16:00|four o'clock|If ever there was a donkey trespassing on my green,' said my aunt, with emphasis, 'there was one this afternoon at four o'clock.|David Copperfield|Charles Dickens|pm-cue|5.5|
16:00|four o'clock|"At four o'clock this afternoon, Monsieur Farival," Robert replied, in a high voice and with a lofty air, which reminded Edna of some gentleman on the stage.|The Awakening, and Selected Short Stories|Kate Chopin|pm-cue|5.5|
16:00|four o'clock|At four o'clock another note came, which simply said that if the money was not forthcoming that evening the matter would be laid before Fitzgerald and Moy on the morrow, and other steps would be taken to get it.|Sister Carrie: A Novel|Theodore Dreiser|pm-cue|5.5|
16:00|four o'clock|I was in my laboratory at four o'clock, and since then … I've lived eight days … such days as no human being ever lived before!|The Time Machine|H. G. Wells|pm-cue|5.0|
16:00|four o'clock|At four o'clock, when it was fairly dark and Mrs. Hall was screwing up her courage to go in and ask her visitor if he would take some tea, Teddy Henfrey, the clock-jobber, came into the bar.|The Invisible Man: A Grotesque Romance|H. G. Wells|pm-cue|5.0|
16:00|four o'clock|Daylight began to forsake the red-room; it was past four o'clock, and the beclouded afternoon was tending to drear twilight.|Jane Eyre: An Autobiography|Charlotte Brontë|pm-cue|5.0|
16:00|four o'clock|Before four o'clock, on that afternoon, I was shaking hands warmly with the good old doctor - a free man again - in the streets of Knowlesbury.|The Woman in White|Wilkie Collins|pm-cue|5.0|
16:00|four o'clock in the evening|It was four o'clock in the evening and we had traveled four Danish miles, about equal to twenty English.|A Journey to the Centre of the Earth|Jules Verne|evening|5.0|
16:00|struck four|From this phrase, "D'Artagnan awakened Planchet," the reader must not suppose it was night, or that day was hardly come. No, it had just struck four.|The three musketeers|Alexandre Dumas|pm-cue|5.0|
16:00|four o'clock|There is in this day an obscure interval, from midday to four o'clock; the middle portion of this battle is almost indistinct, and participates in the sombreness of the hand-to-hand conflict.|Les Misérables|Victor Hugo|pm-cue|5.0|
16:00|four o'clock in the afternoon|For the space of twelve consecutive hours, from four o'clock in the afternoon till four o'clock in the morning, or from four o'clock in the morning until four o'clock in the afternoon, the sister who is making reparation remains on her knees on the stone before the Holy Sacrament, with hands clasped, a rope around her neck.|Les Misérables|Victor Hugo|afternoon|5.0|
16:00|four o'clock in the afternoon|Every day, at four o'clock in the afternoon, a jailer, escorted by two dogs, - this was still in vogue at that time, - entered his cage, deposited beside his bed a loaf of black bread weighing two pounds, a jug of water, a bowl filled with rather thin bouillon, in which swam a few Mayagan beans, inspected his irons and tapped the bars.|Les Misérables|Victor Hugo|afternoon|5.0|
16:00|four o'clock in the afternoon|That same day, towards four o'clock in the afternoon, Jean Valjean was sitting alone on the back side of one of the most solitary slopes in the Champ-de-Mars.|Les Misérables|Victor Hugo|afternoon|5.0|
16:00|four o'clock|Then, reaching the "Croix-Rouge," she threw herself on the bed in her little room on the second floor, where there were pictures of the "Tour de Nesle." At four o'clock Hivert awoke her.|Madame Bovary|Gustave Flaubert|pm-cue|5.0|
16:00|four o'clock in the afternoon|Toward four o'clock in the afternoon Murat's troops were entering Moscow.|War and Peace|graf Leo Tolstoy|afternoon|5.0|
16:00|four o'clock|Alexey Alexandrovitch came back from the meeting of the ministers at four o'clock, but as often happened, he had not time to come in to her.|Anna Karenina|graf Leo Tolstoy|pm-cue|5.0|
16:00|four o'clock|At three or four o'clock the party broke up or they went off together out of town, or to Officers' Street, to the house of a certain Varvara Ossipovna, while I retired to my quarters, and was kept awake a long while by coughing and headache.|The Lady with the Dog and Other Stories|Anton Pavlovich Chekhov|pm-cue|5.0|
16:00|four o'clock|At four o'clock a lull took place, and baskets remained empty, while the apple pickers rested and compared rents and bruises.|Little Women|Louisa May Alcott|pm-cue|5.0|
16:00|four o'clock|Sundays he dined at the car conductors' coffee-joint once more, and spent the afternoon lying full length upon the bed, crop-full, stupid, warm, smoking his huge pipe, drinking his steam beer, and playing his six mournful tunes upon his concertina, dozing off to sleep towards four o'clock.|McTeague: A Story of San Francisco|Frank Norris|pm-cue|5.0|
16:00|Four o'clock|Four o'clock: her little feet moving to melody, her face distinct in the crowd, her partner happy as a petted puppy and mad as the immemorial hatter....|The Beautiful and Damned|F. Scott Fitzgerald|pm-cue|5.0|
16:00|four o'clock|Cecil and Lucy turned up at four o'clock, and these, with little Minnie Beebe, made a somewhat lugubrious sextette upon the upper lawn for tea.|A Room with a View|E. M. Forster|pm-cue|5.0|
16:00|four o'clock|Mrs. Carey could not sleep that afternoon, and by four o'clock she was so wide awake that she came downstairs.|Of Human Bondage|W. Somerset Maugham|pm-cue|5.0|
16:00|struck four|It was like a release. The clock had struck four, outside in the night.|Women in Love|D. H. Lawrence|night|5.0|
16:00|four o'clock|"At four o'clock, therefore, we may expect this peace-making gentleman," said Mr. Bennet, as he folded up the letter.|Pride and Prejudice|Jane Austen|guess|4.5|
16:00|four o'clock|This only need be said; - that when they all sat down to table at four o'clock, about three hours after his arrival, he had secured his lady, engaged her mother's consent, and was not only in the rapturous profession of the lover, but, in the reality of reason and truth, one of the happiest of men.|Sense and Sensibility|Jane Austen|guess|4.5|
16:00|four o'clock|So they only said "Good-by," and Will quitted the house, striking across the fields so as not to run any risk of encountering Mr. Casaubon's carriage, which, however, did not appear at the gate until four o'clock.|Middlemarch|George Eliot|guess|4.5|
16:00|four o'clock|"Do not forget to be at my door at precisely half-past four o'clock to-morrow morning," replied M. Madeleine; and he took his departure.|Les Misérables|Victor Hugo|guess|4.5|
16:00|four o'clock|Later in the morning, and just as the girls were going to separate in preparation for the regular four o'clock dinner, the hero of this inimitable charade walked in again.|Emma|Jane Austen|guess|4.0|
16:00|Four o'clock|"Four o'clock! - depend upon it he will be here by three," was Mr. Weston's quick amendment; and so ended a most satisfactory meeting.|Emma|Jane Austen|guess|4.0|
16:00|four o'clock|Anxiety and hope now oppressed her in equal degrees, and left her no moment of tranquillity till the arrival of Mr. Harris at four o'clock; - when his assurances, his felicitations on a recovery in her sister even surpassing his expectation, gave her confidence, comfort, and tears of joy.|Sense and Sensibility|Jane Austen|guess|4.0|
16:00|four o'clock|The day was bright, her courage high; at four o'clock, the sun was now two hours above the horizon, and it would be only her retiring to dress half an hour earlier than usual.|Northanger Abbey|Jane Austen|guess|4.0|
16:00|four o'clock|A saunter into other meadows, and through part of the village, with a visit to the stables to examine some improvements, and a charming game of play with a litter of puppies just able to roll about, brought them to four o'clock, when Catherine scarcely thought it could be three.|Northanger Abbey|Jane Austen|guess|4.0|
16:00|four o'clock|Your letter is like you, and what could I say of it that would be higher praise than that? I will come at four o'clock.|David Copperfield|Charles Dickens|guess|4.0|
16:00|four o'clock|He was readmitted to the presence of Barnacle junior, and found that young gentleman singeing his knees now, and gaping his weary way on to four o'clock.|Little Dorrit|Charles Dickens|guess|4.0|
16:00|four o'clock|The visitor remained in the parlour until four o'clock, without giving the ghost of an excuse for an intrusion.|The Invisible Man: A Grotesque Romance|H. G. Wells|guess|4.0|
16:00|four o'clock|In this way it happened that one day near four o'clock, when Mr. Brooke and Ladislaw were seated in the library, the door opened and Mrs. Casaubon was announced.|Middlemarch|George Eliot|guess|4.0|
16:00|four o'clock|"She expects me at four o'clock. I'm rather late to-day, because my aunt couldn't spare me; but the regular time is four, because that gives us time before Miss Donnithorne's bell rings."|Adam Bede|George Eliot|guess|4.0|
16:00|four o'clock|It was not the expression of the valley's consciousness that beautiful Tess had arrived, but the ordinary announcement of milking-time - half-past four o'clock, when the dairymen set about getting in the cows.|Tess of the d'Urbervilles: A Pure Woman|Thomas Hardy|guess|4.0|
16:00|four o'clock|At four o'clock there was a gentle knock at the door. It was from Charley, who had been sent by Captain Vye to inquire if anything had been heard of Eustacia.|The Return of the Native|Thomas Hardy|guess|4.0|
16:00|four o'clock|The journey to be taken by the waggons next day was a long one into Blackmoor Vale, and at four o'clock lanterns were moving about the yard.|The Mayor of Casterbridge|Thomas Hardy|guess|4.0|
16:00|four o'clock|He walked into the Beargarden exactly at four o'clock on the Monday, and there he found Didon standing in the hall.|The Way We Live Now|Anthony Trollope|guess|4.0|
16:00|four o'clock|At four o'clock the party was broken up and Sir Felix wandered forth into the streets, with nothing more than the change of a ten pound note in his pocket.|The Way We Live Now|Anthony Trollope|guess|4.0|
16:00|four o'clock|When the Speaker took his seat in the House, soon after four o'clock, there were a great many members present, and a general feeling prevailed that the world was more than ordinarily alive because of Melmotte and his failures.|The Way We Live Now|Anthony Trollope|guess|4.0|
16:00|four o'clock|At four o'clock I heard a sudden splutter of the pen, indicative of the flourish with which he signed his name.|The Woman in White|Wilkie Collins|guess|4.0|
16:00|Four o'clock|I proceed to the arrangement of my slips - to the revision of my slips - to the reading of my slips - addressed emphatically to your private ear. Four o'clock has just struck.|The Woman in White|Wilkie Collins|guess|4.0|
16:00|four o'clock|An instant afterward the three young men separated, agreeing to meet again at four o'clock with Athos, and leaving Planchet to guard the house.|The three musketeers|Alexandre Dumas|guess|4.0|
16:00|four o'clock|He was conducted to a tolerably neat chamber, but grated and barred, and its appearance, therefore, did not greatly alarm him; besides, the words of Villefort, who seemed to interest himself so much, resounded still in his ears like a promise of freedom. It was four o'clock when Dantès was placed in this chamber.|The Count of Monte Cristo|Alexandre Dumas|guess|4.0|
16:00|four o'clock|Franz hastened to inquire after the count, and to express regret that he had not returned in sufficient time; but Pastrini reassured him by saying that the Count of Monte Cristo had ordered a second carriage for himself, and that it had gone at four o'clock to fetch him from the Rospoli Palace.|The Count of Monte Cristo|Alexandre Dumas|guess|4.0|
16:00|four o'clock|Le Blanc was not a fast animal, but he kept up an easy, steady pace; in three hours and a half Andrea had traversed the nine leagues which separated him from Compiègne, and four o'clock struck as he reached the place where the coaches stop.|The Count of Monte Cristo|Alexandre Dumas|guess|4.0|
16:00|four o'clock|At four o'clock, a peasant was brought in to him by the scouts; this peasant had served as guide to a brigade of English cavalry, probably Vivian's brigade, which was on its way to take up a position in the village of Ohain, at the extreme left.|Les Misérables|Victor Hugo|guess|4.0|
16:00|four o'clock|Had the action been begun two hours earlier, it would have been over at four o'clock, and Blücher would have fallen on the battle won by Napoleon.|Les Misérables|Victor Hugo|guess|4.0|
16:00|four o'clock|The winner of the battle of Waterloo was not Napoleon, who was put to flight; nor Wellington, giving way at four o'clock, in despair at five; nor Blücher, who took no part in the engagement.|Les Misérables|Victor Hugo|guess|4.0|
16:00|four o'clock|Two hours afterwards, at four o'clock, when they came to relieve the conscript, he was found asleep on the floor, lying like a log near Thénardier's cage.|Les Misérables|Victor Hugo|guess|4.0|
16:00|Four o'clock|Four o'clock struck. Thénardier shuddered. A few moments later, that terrified and confused uproar which follows the discovery of an escape broke forth in the prison.|Les Misérables|Victor Hugo|guess|4.0|
16:00|four o'clock|It is true that the mystery was to last from noon until four o'clock, in accordance with the orders of monsieur the provost, and that it was necessary to say something.|Notre-Dame de Paris|Victor Hugo|guess|4.0|
16:00|four o'clock|The windows every morning were covered with rime, and the light shining through them, dim as through ground-glass, sometimes did not change the whole day long. At four o'clock the lamp had to be lighted.|Madame Bovary|Gustave Flaubert|guess|4.0|
16:00|four o'clock|At four o'clock, conscious of his throbbing heart, Levin stepped out of a hired sledge at the Zoological Gardens, and turned along the path to the frozen mounds and the skating ground, knowing that he would certainly find her there, as he had seen the Shtcherbatskys' carriage at the entrance.|Anna Karenina|graf Leo Tolstoy|guess|4.0|
16:00|four o'clock|The terrible new head turned out to be an extremely amenable person, and Stepan Arkadyevitch lunched with him and stayed on, so that it was four o'clock before he got to Alexey Alexandrovitch.|Anna Karenina|graf Leo Tolstoy|guess|4.0|
16:00|four o'clock|If she gave it to him, he must have it; and he is still in the study. He never leaves before four o'clock on Wednesdays.|The Idiot|Fyodor Dostoyevsky|guess|4.0|
16:00|four o'clock|At four o'clock the school children once more swarmed the sidewalks, again disappearing with surprising suddenness.|McTeague: A Story of San Francisco|Frank Norris|guess|4.0|
16:00|four o'clock|Old Grannis came home from his work at four o'clock, and between that time and six Miss Baker would sit in her room, her hands idle in her lap, doing nothing, listening, waiting.|McTeague: A Story of San Francisco|Frank Norris|guess|4.0|
16:00|four o'clock|At four o'clock McTeague began to dress, shaving himself first before the hand-glass that was hung against the woodwork of the bay window.|McTeague: A Story of San Francisco|Frank Norris|guess|4.0|
16:00|four o'clock|At four o'clock Mr. Bushy, the postmaster, with another neighbour who lived east of us, stopped in to get warm.|My Ántonia|Willa Cather|guess|4.0|
16:00|four o'clock|At four o'clock he executed a running jump, gained the roof of the chicken-house and leaped to the ground outside, whence he sauntered gravely to the house.|White Fang|Jack London|guess|4.0|
16:00|four o'clock|The room was large and stifling, and, though it was already four o'clock, opening the windows admitted only a gust of hot shrubbery from the Park.|The Great Gatsby|F. Scott Fitzgerald|guess|4.0|
16:00|four o'clock|No telephone message arrived, but the butler went without his sleep and waited for it until four o'clock - until long after there was anyone to give it to if it came.|The Great Gatsby|F. Scott Fitzgerald|guess|4.0|
16:00|four o'clock|Feasted upon by the eyes of women, the clothes by four o'clock were flyblown like sugar cakes in a baker's window.|Jacob's Room|Virginia Woolf|guess|4.0|
16:00|four o'clock|As Miss Chetwynd's pupils left at four o'clock, and as Miss Chetwynd invariably took a walk immediately afterwards, Sophia was able to contain her surprise upon being informed that Miss Chetwynd was not in.|The Old Wives' Tale|Arnold Bennett|guess|4.0|
16:00|four o'clock|Some men were there before four o'clock, when the whistle blew loose-all; but Morel, whose stall, a poor one, was at this time about a mile and a half away from the bottom, worked usually till the first mate stopped, then he finished also.|Sons and Lovers|D. H. Lawrence|guess|4.0|
16:00|four o'clock|Gerald did not come in from his skiing until nightfall, he missed the coffee and cake that she took at four o'clock.|Women in Love|D. H. Lawrence|guess|4.0|
16:00|strike four|I heard the clock strike four, and soon after fell asleep, only to dream of three happy people - Lupin, dear Carrie, and myself.|The Diary of a Nobody|George Grossmith|guess|4.0|
16:00|four o'clock|At four o'clock, Mrs. Inglethorp quarrels with her son, and threatens to denounce him to his wife - who, by the way, overheard the greater part of the conversation.|The Mysterious Affair at Styles|Agatha Christie|guess|4.0|
16:00|four o'clock|But I was still more surprised, when I went to the little hotel next day at the appointed dinner-hour, which was four o'clock, to find, from what Mr. Micawber said, that he had gone home with Uriah, and had drunk brandy-and-water at Mrs. Heep's.|David Copperfield|Charles Dickens|pm-cue|3.5|
16:00|four o'clock|She said that he sank into sleep between three and four o'clock.|Middlemarch|George Eliot|pm-cue|3.5|
16:00|four o'clock|There'll be no judge at chambers till four o'clock this afternoon.|The Pickwick Papers|Charles Dickens|pm-cue|3.0|
16:00|striking four|"It is striking four," I answered. "You want a candle to take upstairs: you might have lit one at this fire."|Wuthering Heights|Emily Brontë|pm-cue|3.0|
16:00|four o'clock|Arthur's shadow flitted rather faster among the sturdy oaks of the Chase than might have been expected from the shadow of a tired man on a warm afternoon, and it was still scarcely four o'clock when he stood before the tall narrow gate leading into the delicious labyrinthine wood which skirted one side of the Chase, and which was called Fir-tree Grove, not because the firs were many, but because they were few.|Adam Bede|George Eliot|pm-cue|3.0|
16:00|four o'clock|Lady Pomona was always having tea from four o'clock till she was taken away to dress for dinner.|The Way We Live Now|Anthony Trollope|pm-cue|3.0|
16:00|four o'clock|At four o'clock, as we have already stated, the mysterious personage arrived.|The Count of Monte Cristo|Alexandre Dumas|pm-cue|3.0|
16:00|four o'clock|At four o'clock he heard steps in the passage and peeped out at the door.|Anna Karenina|graf Leo Tolstoy|pm-cue|3.0|
16:00|four o'clock|The prince waited until four o'clock, and then strolled off mechanically wherever his feet should carry him.|The Idiot|Fyodor Dostoyevsky|pm-cue|3.0|
16:00|four o'clock|At four o'clock Volodya drove to the station with his maman.|The Lady with the Dog and Other Stories|Anton Pavlovich Chekhov|pm-cue|3.0|
16:00|four o'clock|Already, at four o'clock, the sombre hue of night was thickening the air.|Sister Carrie: A Novel|Theodore Dreiser|pm-cue|3.0|
16:00|four o'clock|"I got up at four o'clock, and came on with all speed, full two or three hours ahead of them, if they start at the time they planned.|Uncle Tom's Cabin|Harriet Beecher Stowe|pm-cue|3.0|
16:00|four o'clock|When Mrs. Morel went upstairs, towards four o'clock, to put on her Sunday dress, he was fast asleep.|Sons and Lovers|D. H. Lawrence|pm-cue|3.0|
16:00|four o'clock|"I couldn't say exactly, sir, but it wasn't tea-time by a long way. Perhaps four o'clock - or it may have been a bit later.|The Mysterious Affair at Styles|Agatha Christie|pm-cue|3.0|
16:00|four o'clock in the afternoon|'Brillig' means four o'clock in the afternoon - the time when you begin broiling things for dinner."|Through the Looking-Glass|Lewis Carroll|afternoon|3.0|
16:00|four o'clock|'The officer will be here at four o'clock,' said Mr. Pell. 'I suppose you won't run away meanwhile, eh?|The Pickwick Papers|Charles Dickens|guess|2.5|
16:00|four o'clock|"I got up at four o'clock," she said. "Eh! it was pretty on th' moor with th' birds gettin' up an' th' rabbits scamperin' about an' th' sun risin'.|The Secret Garden|Frances Hodgson Burnett|guess|2.5|
16:00|four o'clock|Her father had not been seen, since he quitted the banking-house towards four o'clock.|A Tale of Two Cities|Charles Dickens|guess|2.0|
16:00|four o'clock|"He says four o'clock. It is three now. He will be here in an hour."|The Adventures of Sherlock Holmes|Arthur Conan Doyle|guess|2.0|
16:00|four o'clock|You shall have your way, but give me time to get my strength. Not now, Watson, not now. It's four o'clock.|His last bow|Arthur Conan Doyle|guess|2.0|
16:00|four o'clock|Each had gone his proper errand; and when it came four o'clock, Torrance had been taking a glass and did not know his master, and I, who had forgot my spectacles, was so blind without them, that I give you my word I did not know my own clerk."|Kidnapped|Robert Louis Stevenson|guess|2.0|
16:00|four o'clock|Bad news flies fast: it was hardly four o'clock when I got home, but my mother gravely accosted me with - "Oh, Gilbert! - Such an accident!|The Tenant of Wildfell Hall|Anne Brontë|guess|2.0|
16:00|four o'clock|And soon after four o'clock, splendid old Mrs. Irwine, in her damask satin and jewels and black lace, was led out by Arthur, followed by the whole family party, to her raised seat under the striped marquee, where she was to give out the prizes to the victors.|Adam Bede|George Eliot|guess|2.0|
16:00|four o'clock|"I appointed Watson - he who was a packer in the warehouse, and who went into the police - to call on me at four o'clock.|North and South|Elizabeth Cleghorn Gaskell|guess|2.0|
16:00|four o'clock|She dressed herself and went away unmolested this time, but alone. It was four o'clock.|Vanity Fair|William Makepeace Thackeray|guess|2.0|
16:00|four o'clock|At four o'clock the four friends were all assembled with Athos.|The three musketeers|Alexandre Dumas|guess|2.0|
16:00|four o'clock|"The tilbury and the horse will be in front of my door to-morrow morning at half-past four o'clock."|Les Misérables|Victor Hugo|guess|2.0|
16:00|four o'clock|"Does it make any difference whether Monsieur arrives at four o'clock to-morrow morning?"|Les Misérables|Victor Hugo|guess|2.0|
16:00|four o'clock|Towards four o'clock the condition of the English army was serious.|Les Misérables|Victor Hugo|guess|2.0|
16:00|four o'clock|Towards four o'clock, the English line drew back. Suddenly nothing was visible on the crest of the plateau except the artillery and the sharpshooters; the rest had disappeared: the regiments, dislodged by the shells and the French bullets, retreated into the bottom, now intersected by the back road of the farm of Mont-Saint-Jean; a retrograde movement took place, the English front hid itself, Wellington drew back.|Les Misérables|Victor Hugo|guess|2.0|
16:00|four o'clock|"He will pay it at four o'clock to-day. The peal which orders the doctor for the dead to be summoned has already been rung.|Les Misérables|Victor Hugo|guess|2.0|
16:00|four o'clock|Then came the society of the duchesses; all were pale; all got up at four o'clock; the women, poor angels, wore English point on their petticoats; and the men, unappreciated geniuses under a frivolous outward seeming, rode horses to death at pleasure parties, spent the summer season at Baden, and towards the forties married heiresses.|Madame Bovary|Gustave Flaubert|guess|2.0|
16:00|Four o'clock|A metallic clang droned through the air, and four strokes were heard from the convent-clock. Four o'clock!|Madame Bovary|Gustave Flaubert|guess|2.0|
16:00|Four o'clock|Four o'clock struck, and she rose to return to Yonville, mechanically obeying the force of old habits.|Madame Bovary|Gustave Flaubert|guess|2.0|
16:00|four o'clock|The town was being bombarded by a hundred and thirty guns which Napoleon had ordered up after four o'clock.|War and Peace|graf Leo Tolstoy|guess|2.0|
16:00|four o'clock|An hour later, towards four o'clock, the prince went into the park.|The Idiot|Fyodor Dostoyevsky|guess|2.0|
16:00|four o'clock|These little expeditions took up her time until quite four o'clock, when she was weary enough to go home.|Sister Carrie: A Novel|Theodore Dreiser|guess|2.0|
16:00|four o'clock|It was four o'clock before the waning day, with its suggestion of a cooler evening, caused him to return.|Sister Carrie: A Novel|Theodore Dreiser|guess|2.0|
16:00|Four o'clock|Four o'clock found her in the drawing-room: she was sure that Selden would be punctual.|The House of Mirth|Edith Wharton|guess|2.0|
16:00|four o'clock|Uncompromising was the severity of the country. At four o'clock the snow was again falling.|Jacob's Room|Virginia Woolf|guess|2.0|
16:00|four o'clock|Madame Laurence is out. And I must go out. It is four o'clock.|The Old Wives' Tale|Arnold Bennett|guess|2.0|
16:00|four o'clock|Now, at four o'clock, Dorcas overheard her mistress saying angrily: 'You need not think that any fear of publicity, or scandal between husband and wife will deter me."|The Mysterious Affair at Styles|Agatha Christie|guess|2.0|
16:00|four o'clock|At four o'clock she has been angry, but completely mistress of herself.|The Mysterious Affair at Styles|Agatha Christie|guess|2.0|
16:00|Four o'clock|Policeman a whistle. Locks and keys! Sweep! Four o'clock's all's well!|Ulysses|James Joyce|guess|2.0|
16:00|four o'clock|We had to be home before four o'clock lest our adventure should be discovered.|Dubliners|James Joyce|guess|2.0|
16:00|four o'clock|May I ask you why you haven't made a copy of that contract between Bodley and Kirwan? I told you it must be ready by four o'clock."|Dubliners|James Joyce|guess|2.0|
16:15|a quarter after four|It was a quarter after four when he left the house. Carrie was in tears.|Sister Carrie: A Novel|Theodore Dreiser|pm-cue|3.0|
16:17|seventeen minutes past four|At seventeen minutes past four in the afternoon, whilst the passengers were assembled at lunch in the great saloon, a slight shock was felt on the hull of the Scotia, on her quarter, a little aft of the port-paddle.|Twenty Thousand Leagues under the Sea|Jules Verne|afternoon|7.0|
16:20|twenty minutes after four|At twenty minutes after four two projectiles struck a house in the rue de Bac, and a moment later the first shell fell in the Latin Quarter.|The King in Yellow|Robert W. Chambers|pm-cue|5.0|
16:20|twenty minutes after four|"My niece walk to a dinner engagement at this time of the year! Will twenty minutes after four suit you?"|Mansfield Park|Jane Austen|pm-cue|3.0|
16:25|4.25|The thermometer indicated a temperature of 4.25 (cent.): a temperature that at this depth seemed common to all latitudes.|Twenty Thousand Leagues under the Sea|Jules Verne|pm-cue|5.0|
16:25|4.25 p.m|Now good-bye, Mister O'Hara. I can catch 4.25 p.m. to Umballa if I am quick.|Kim|Rudyard Kipling|explicit|3.0|
16:25|twenty-five minutes past four|It was no wonder that no one was stirring. It was twenty-five minutes past four.|The Adventures of Sherlock Holmes|Arthur Conan Doyle|guess|2.0|
16:30|four-thirty|I had to read it over carefully, as the text must be absolutely correct. At four-thirty my task was not yet completed.|The Return of Sherlock Holmes|Arthur Conan Doyle|pm-cue|5.0|
16:30|half past four|He had managed before this to get out of having tea with Dunsford, and, punctually at half past four (he had looked at his watch a dozen times), he went into the shop.|Of Human Bondage|W. Somerset Maugham|pm-cue|5.0|
16:30|half past four|"Gentlemen," said D'Artagnan, "it is half past four, and we have scarcely time to be on the road of Chaillot by six."|The three musketeers|Alexandre Dumas|guess|4.5|
16:30|thirty to five|Why in the name of all the gnawing devils of hunger they didn't go for us - they were thirty to five - and have a good tuck-in for once, amazes me now when I think of it.|Heart of Darkness|Joseph Conrad|guess|4.0|
16:30|4.30|Dartie sprang to his feet; grasping his glass, he muttered something about "that 4.30 race," and swiftly withdrew to the card-room, where Soames never came.|The Forsyte saga, Volume 1|John Galsworthy|guess|4.0|
16:30|four-thirty|In answer to the Coroner's question, she told how, her alarm clock having aroused her at four-thirty as usual, she was dressing, when she was startled by the sound of something heavy falling.|The Mysterious Affair at Styles|Agatha Christie|guess|4.0|
16:30|four-thirty|At four-thirty, Mrs. Inglethorp, in consequence of a conversation on the validity of wills, makes a will in favour of her husband, which the two gardeners witness.|The Mysterious Affair at Styles|Agatha Christie|guess|4.0|
16:30|four-thirty|Presumably, then, between four-thirty and five o'clock, something has occurred to occasion a complete revolution of feeling, since she is now as anxious to destroy the will, as she was before to make it.|The Mysterious Affair at Styles|Agatha Christie|guess|4.0|
16:30|4:30|Baseball and sports 4:30-5:00 " Practise elocution, poise and how to attain it 5:00-6:00 " Study needed inventions 7:00-9:00 "|The Great Gatsby|F. Scott Fitzgerald|pm-cue|3.0|
16:30|half after four|Father at Chiswick, wouldn't think of coming down, till after the turn, and that's at half after four.|Our Mutual Friend|Charles Dickens|guess|2.0|
16:30|four-thirty|At four-thirty she claimed an engagement, and going into the bathroom she rearranged her hair.|The Beautiful and Damned|F. Scott Fitzgerald|guess|2.0|
16:30|four-thirty|He suggested to her repeatedly that it was four-thirty, and not four o'clock when she had heard the voices.|The Mysterious Affair at Styles|Agatha Christie|guess|2.0|
16:30|half past four|Weighs on his mind. Funny my watch stopped at half past four.|Ulysses|James Joyce|guess|2.0|
16:35|4:35|Mrs. St. Clair had her lunch, started for the City, did some shopping, proceeded to the company's office, got her packet, and found herself at exactly 4:35 walking through Swandam Lane on her way back to the station.|The Adventures of Sherlock Holmes|Arthur Conan Doyle|pm-cue|5.0|
16:40|twenty minutes to five|It was twenty minutes to five when we drew up before the bank in Lombard Street.|The Moonstone|Wilkie Collins|guess|2.0|
16:45|quarter of five|Old Grannis knew that at quarter of five precisely Miss Baker made a cup of tea over the oil stove on the stand between the bureau and the window.|McTeague: A Story of San Francisco|Frank Norris|pm-cue|5.0|
16:45|a quarter to five|I've got poor little Fanny Robin in my waggon outside, and I must be at the churchyard gates at a quarter to five with her."|Far from the Madding Crowd|Thomas Hardy|guess|2.0|
16:50|ten minutes to five|If it's near dinner-time, the foreman takes out his watch when the jury has retired, and says, "Dear me, gentlemen, ten minutes to five, I declare!|The Pickwick Papers|Charles Dickens|pm-cue|3.0|
16:53|Seven to five|"Seven to five!" repeated the other, and the two figures flitted away in different directions.|A Study in Scarlet|Arthur Conan Doyle|guess|2.0|
16:55|five minutes to five|The clock in the dairy told him that it was five minutes to five but, as he turned away, he heard a clock somewhere near him, but unseen, beating eleven strokes in swift precision.|A Portrait of the Artist as a Young Man|James Joyce|guess|4.0|
16:56|four to five|It was only a foot and a half long, and in my superb ignorance I never dreamed that the club used ashore when raiding the rookeries measured four to five feet.|The Sea-Wolf|Jack London|guess|4.0|
16:56|four minutes of five|He went to the door and looked out; there was no car in sight and his watch stood at four minutes of five.|The Beautiful and Damned|F. Scott Fitzgerald|guess|2.0|
16:59|one of five|She saw it with concern; for what could a silent man of five and thirty hope, when opposed to a very lively one of five and twenty? and as she could not even wish him successful, she heartily wished him indifferent.|Sense and Sensibility|Jane Austen|guess|4.0|
16:59|one of five|Peggy was one of five sisters, and eleven children of the noble house of Glenmalony; but her husband, though her own cousin, was of the mother's side, and so had not the inestimable advantage of being allied to the Malonys, whom she believed to be the most famous family in the world.|Vanity Fair|William Makepeace Thackeray|guess|4.0|
16:59|one of five|The little one of five, dragged along by his brother who was dragged by Gavroche, turned his head back several times to watch "Porrichinelle" as he went.|Les Misérables|Victor Hugo|guess|4.0|
16:59|one of five|The living had belonged to the family for generations; but Jim was one of five sons, and when after a course of light holiday literature his vocation for the sea had declared itself, he was sent at once to a 'training-ship for officers of the mercantile marine.'|Lord Jim|Joseph Conrad|guess|4.0|
16:59|one of five|"Then God keep thee, old man - see'st thou that" - pointing to the hammock - "I bury but one of five stout men, who were alive only yesterday; but were dead ere night.|Moby Dick; Or, The Whale|Herman Melville|pm-cue|3.0|
17:00|five o'clock in the afternoon|He was surprised when Lizaveta Petrovna asked him to light a candle behind a screen, and he found that it was five o'clock in the afternoon.|Anna Karenina|graf Leo Tolstoy|afternoon|7.5|
17:00|five o'clock in the afternoon|If I objected to having my bed made at five o'clock in the afternoon - which I do still think an uncomfortable arrangement - one motion of her hand towards the same nankeen region of wounded sensibility was enough to make me falter an apology.|David Copperfield|Charles Dickens|afternoon|7.0|
17:00|five o'clock in the afternoon|I went back to the inn; and when I had washed and dressed, and tried to sleep, but in vain, it was five o'clock in the afternoon.|David Copperfield|Charles Dickens|afternoon|7.0|
17:00|five o'clock in the afternoon|It was five o'clock in the afternoon of the bright autumnal Sunday, before a candle was sent down to try the air, while three or four rough faces stood crowded close together, attentively watching it: the man at the windlass lowering as they were told.|Hard Times|Charles Dickens|afternoon|7.0|
17:00|five o'clock in the afternoon|The conference was held at four or five o'clock in the afternoon, when all the region of Harley Street, Cavendish Square, was resonant of carriage-wheels and double-knocks.|Little Dorrit|Charles Dickens|afternoon|7.0|
17:00|five o'clock in the afternoon|Kemp's proclamation - signed indeed by Adye - was posted over almost the whole district by four or five o'clock in the afternoon.|The Invisible Man: A Grotesque Romance|H. G. Wells|afternoon|7.0|
17:00|five o'clock in the evening|At last, at five o'clock in the evening, loaded with our riches, we quitted the shore, and half an hour after we hailed the Nautilus.|Twenty Thousand Leagues under the Sea|Jules Verne|evening|7.0|
17:00|five o'clock in the evening|At five o'clock in the evening, before that fleeting twilight which binds night to day in tropical zones, Conseil and I were astonished by a curious spectacle.|Twenty Thousand Leagues under the Sea|Jules Verne|evening|7.0|
17:00|five o'clock in the evening|Lord de Winter came toward five o'clock in the evening. Milady had had time, during the whole day, to trace her plan of conduct.|The three musketeers|Alexandre Dumas|evening|7.0|
17:00|five o'clock in the evening|Still further, Athos obtained of M. de Tréville six days instead of four, and introduced into these six days two more nights - for they set out on the twenty-fourth at five o'clock in the evening, and as a further kindness M. de Tréville post-dated the leave to the morning of the twenty-fifth.|The three musketeers|Alexandre Dumas|evening|7.0|
17:00|five o'clock in the evening|At five o'clock in the evening, they were masters of the Bastille, of the Lingerie, of the Blancs-Manteaux; their scouts had reached the Place des Victoires, and menaced the Bank, the Petits-Pères barracks, and the Post-Office.|Les Misérables|Victor Hugo|evening|7.0|
17:00|five o'clock in the afternoon|From that moment the hours seemed less wearisome; there was less hopelessness in the waiting; and at last, at five o'clock in the afternoon, Marguerite, closely veiled and followed by Sir Andrew Ffoulkes, who, in the guise of her lacquey, was carrying a number of impedimenta, found her way down to the pier.|The Scarlet Pimpernel|Baroness Emmuska Orczy Orczy|afternoon|7.0|
17:00|five o'clock in the afternoon|His jealousy, like an octopus which throws out a first, then a second, and finally a third tentacle, fastened itself irremovably first to that moment, five o'clock in the afternoon, then to another, then to another again.|Swann's Way|Marcel Proust|afternoon|7.0|
17:00|five o'clock|She asked Philip to go and see her; she had rooms in Vincent Square, and was always in to tea at five o'clock; he went, was delighted with his welcome, and went again.|Of Human Bondage|W. Somerset Maugham|pm-cue|5.5|
17:00|five o'clock|By five o'clock, which was Mr. Wickfield's dinner-hour, I had mustered up my spirits again, and was ready for my knife and fork.|David Copperfield|Charles Dickens|pm-cue|5.0|
17:00|five o'clock|I returned thanks, and hoped the present company would dine with me tomorrow, and the day after - each day at five o'clock, that we might enjoy the pleasures of conversation and society through a long evening.|David Copperfield|Charles Dickens|pm-cue|5.0|
17:00|five o'clock in the afternoon|My dear girl was to arrive at five o'clock in the afternoon.|Bleak House|Charles Dickens|afternoon|5.0|
17:00|five o'clock|As Wardle had business to transact in the city, they sent the carriage and the fat boy to his hotel, with the information that he and Mr. Pickwick would return together to dinner at five o'clock.|The Pickwick Papers|Charles Dickens|pm-cue|5.0|
17:00|five o'clock|As the party was not in his way, therefore, but rather afforded a means of compromise with Miss Squeers, he readily yielded his full assent thereunto, and willingly communicated to Nicholas that he was expected to take his tea in the parlour that evening, at five o'clock.|Nicholas Nickleby|Charles Dickens|pm-cue|5.0|
17:00|five o'clock|The evening of that day being one of the reading evenings at the Bower, Mr Boffin kissed Mrs Boffin after a five o'clock dinner, and trotted out, nursing his big stick in both arms, so that, as of old, it seemed to be whispering in his ear.|Our Mutual Friend|Charles Dickens|pm-cue|5.0|
17:00|five o'clock in the afternoon|I went one day, when it happened that I could run round by myself, at four or five o'clock in the afternoon.|Little Dorrit|Charles Dickens|afternoon|5.0|
17:00|five o'clock|To-day he came back, and almost bounded into the room at about half-past five o'clock, and thrust last night's "Westminster Gazette" into my hand.|Dracula|Bram Stoker|pm-cue|5.0|
17:00|five o'clock|After dinner, we immediately adjourned to the schoolroom: lessons recommenced, and were continued till five o'clock.|Jane Eyre: An Autobiography|Charlotte Brontë|pm-cue|5.0|
17:00|five o'clock|Ere the half-hour ended, five o'clock struck; school was dismissed, and all were gone into the refectory to tea.|Jane Eyre: An Autobiography|Charlotte Brontë|pm-cue|5.0|
17:00|five o'clock|Between four and five o'clock on the afternoon of the fifth day from that on which Stephen and Maggie had left St Ogg's, Tom Tulliver was standing on the gravel walk outside the old house at Dorlcote Mill.|The Mill on the Floss|George Eliot|pm-cue|5.0|
17:00|five o'clock|It was not five o'clock; there was plenty of time for Adam to take a meal and yet to get to Oakbourne before ten o'clock.|Adam Bede|George Eliot|pm-cue|5.0|
17:00|five o'clock|Not more than four hours, however, for before five o'clock he set out on his way home in the faint morning twilight.|Adam Bede|George Eliot|pm-cue|5.0|
17:00|five o'clock|She had walked more than a dozen miles the previous evening, had gone to bed at midnight, and had risen again at five o'clock.|Tess of the d'Urbervilles: A Pure Woman|Thomas Hardy|pm-cue|5.0|
17:00|five o'clock|Often did Elizabeth-Jane, in her endeavours to prevent his taking other liquor, carry tea to him in a little basket at five o'clock.|The Mayor of Casterbridge|Thomas Hardy|pm-cue|5.0|
17:00|five o'clock|It was now five o'clock on a winter afternoon, the hour at which ladies are drinking tea, and idle men playing whist at the clubs, - at which young idle men are sometimes allowed to flirt, and at which, as Lady Carbury thought, her son might have been paying his court to Marie Melmotte the great heiress.|The Way We Live Now|Anthony Trollope|pm-cue|5.0|
17:00|five o'clock|The retreat from Leipsic made no difference in the number of meals Mr. Sambo took in the servants' hall; the allies poured into France, and the dinner-bell rang at five o'clock just as usual.|Vanity Fair|William Makepeace Thackeray|pm-cue|5.0|
17:00|five o'clock|At five o'clock Mr. Osborne came back to his dinner, which he and his daughter took in silence (seldom broken, except when he swore and was savage, if the cooking was not to his liking), or which they shared twice in a month with a party of dismal friends of Osborne's rank and age.|Vanity Fair|William Makepeace Thackeray|pm-cue|5.0|
17:00|five o'clock|Towards five o'clock on the afternoon of that same day, having a little time to myself in the midst of the household duties which now pressed upon me, I sat down alone in my own room, to try and compose my mind with the volume of my husband's Sermons.|The Woman in White|Wilkie Collins|pm-cue|5.0|
17:00|five o'clock in the afternoon|It was past five o'clock in the afternoon before I returned from the performance of these duties.|The Woman in White|Wilkie Collins|afternoon|5.0|
17:00|five o'clock in the afternoon|June 25th, Monday. - The day of the experiment! It is five o'clock in the afternoon.|The Moonstone|Wilkie Collins|afternoon|5.0|
17:00|five o'clock in the evening|Till five o'clock in the evening I employed myself in arranging my notes.|Twenty Thousand Leagues under the Sea|Jules Verne|evening|5.0|
17:00|five o'clock in the afternoon|"Yes, but yesterday at five o'clock in the afternoon, thanks to you, she escaped."|The three musketeers|Alexandre Dumas|afternoon|5.0|
17:00|five o'clock|You will have sufficient time before five o'clock; despatch a messenger to apprise the grooms at the first station.|The Count of Monte Cristo|Alexandre Dumas|pm-cue|5.0|
17:00|five o'clock in the afternoon|Three days after the scene we have just described, namely towards five o'clock in the afternoon of the day fixed for the signature of the contract between Mademoiselle Eugénie Danglars and Andrea Cavalcanti, whom the banker persisted in calling prince, a fresh breeze was stirring the leaves in the little garden in front of the Count of Monte Cristo's house, and the count was preparing to go out.|The Count of Monte Cristo|Alexandre Dumas|afternoon|5.0|
17:00|five o'clock|At five o'clock Wellington drew out his watch, and he was heard to murmur these sinister words, "Blücher, or night!"|Les Misérables|Victor Hugo|pm-cue|5.0|
17:00|five o'clock|The principal one, and that which was invariable, was to keep his door absolutely closed during the day, and never to receive any one whatever except in the evening. He dined at five o'clock, and after that his door was open.|Les Misérables|Victor Hugo|pm-cue|5.0|
17:00|five o'clock|At mid-day Charles came in; then he went out again; next she took some beef-tea, and towards five o'clock, as the day drew in, the children coming back from school, dragging their wooden shoes along the pavement, knocked the clapper of the shutters with their rulers one after the other.|Madame Bovary|Gustave Flaubert|pm-cue|5.0|
17:00|five o'clock|Precisely at five o'clock, before the bronze Peter the First clock had struck the fifth stroke, Alexey Alexandrovitch came in, wearing a white tie and evening coat with two stars, as he had to go out directly after dinner.|Anna Karenina|graf Leo Tolstoy|pm-cue|5.0|
17:00|five o'clock|Alexey Alexandrovitch only just managed to be back by five o'clock, his dinner-hour, and after dining with his secretary, he invited him to drive with him to his country villa and to the races.|Anna Karenina|graf Leo Tolstoy|pm-cue|5.0|
17:00|five o'clock|AT five o'clock one Sunday afternoon in summer, Volodya, a plain, shy, sickly-looking lad of seventeen, was sitting in the arbour of the Shumihins' country villa, feeling dreary.|The Lady with the Dog and Other Stories|Anton Pavlovich Chekhov|pm-cue|5.0|
17:00|five o'clock|On reaching the library, he found that it was just after five o'clock and that the tea had been already brought up.|The Picture of Dorian Gray|Oscar Wilde|pm-cue|5.0|
17:00|five o'clock|She had told Anne to be sure and have tea ready at five o'clock, but now she must hurry to take off her second-best dress and prepare the meal herself against Matthew's return from plowing.|Anne of Green Gables|L. M. Montgomery|pm-cue|5.0|
17:00|five o'clock|He visited a place far up on the east side, near Sixty-ninth Street, and it was five o'clock, and growing dim, when he reached there.|Sister Carrie: A Novel|Theodore Dreiser|pm-cue|5.0|
17:00|five o'clock|Towards five o'clock the old woman whom they had hired for that purpose came to cook supper, for even Trina was not equal to the task of preparing three meals a day.|McTeague: A Story of San Francisco|Frank Norris|pm-cue|5.0|
17:00|five o'clock|It was five o'clock, the time when she was accustomed to make her cup of tea and "keep company" with him on her side of the partition.|McTeague: A Story of San Francisco|Frank Norris|pm-cue|5.0|
17:00|five o'clock|When Frank Shabata came in from work at five o'clock that evening, old Moses Marcel, Raoul's father, telephoned him that Amédée had had a seizure in the wheatfield, and that Doctor Paradis was going to operate on him as soon as the Hanover doctor got there to help.|O Pioneers!|Willa Cather|pm-cue|5.0|
17:00|five o'clock|As he approached a dark and soggy five o'clock he found that they were developing a still more annoying tendency to turn him off with a jest.|The Beautiful and Damned|F. Scott Fitzgerald|pm-cue|5.0|
17:00|five o'clock|His father would have preferred that, as Miss Insull had kindly offered to stop and work on Thursday afternoon, and as the shop was chilly, the due rotation should have brought the bottle round at half-past five o'clock, and not the mother's breast.|The Old Wives' Tale|Arnold Bennett|pm-cue|5.0|
17:00|five o'clock|At five o'clock the following day old Jolyon sat alone, a cigar between his lips, and on a table by his side a cup of tea.|The Forsyte saga, Volume 1|John Galsworthy|pm-cue|5.0|
17:00|five o'clock|Towards five o'clock he went out, and took train at South Kensington Station (for everyone to-day went Underground).|The Forsyte saga, Volume 1|John Galsworthy|pm-cue|5.0|
17:00|five o'clock|On the hob the big black saucepan was simmering, the stew-jar was in the oven, ready for Morel's dinner. He was expected at five o'clock.|Sons and Lovers|D. H. Lawrence|pm-cue|5.0|
17:00|five o'clock|At five o'clock all the men went down into the dungeon with the table on trestles, and there they had tea, eating bread-and-butter on the bare, dirty boards, talking with the same kind of ugly haste and slovenliness with which they ate their meal.|Sons and Lovers|D. H. Lawrence|pm-cue|5.0|
17:00|five o'clock|At ten I was nodding in my chair, and the "bed in the loft" received a weary man who never opened his eyes till five o'clock set the little homestead a-going once more.|The Thirty-Nine Steps|John Buchan|pm-cue|5.0|
17:00|five o'clock|At five o'clock, Mrs. Inglethorp rang the bell and told me to bring her a cup of tea - nothing to eat - to the boudoir.|The Mysterious Affair at Styles|Agatha Christie|pm-cue|5.0|
17:00|five o'clock|Quite an hour, or even more, had elapsed between the time when she had heard the voices and five o'clock, when she had taken tea to her mistress.|The Mysterious Affair at Styles|Agatha Christie|pm-cue|5.0|
17:00|five o'clock|'Pretty well,' said Ralph; 'in another quarter of the town - at the East end; but I'll send my clerk down to you, at five o'clock on Saturday, to take you there.|Nicholas Nickleby|Charles Dickens|guess|4.5|
17:00|five o'clock|The party broke up in very sober fashion at five o'clock. Tom remained in St Ogg's to attend to some business, and Mr Tulliver mounted his horse to go home, and describe the memorable things that had been said and done, to "poor Bessy and the little wench."|The Mill on the Floss|George Eliot|guess|4.5|
17:00|five o'clock|"Your ladyship will be so tired," said the poor woman, whose own eyes were half closed with sleep. "It is past five o'clock."|The Scarlet Pimpernel|Baroness Emmuska Orczy Orczy|guess|4.5|
17:00|five o'clock|She was on the point of sending again for Mr. Harris, or if he could not come, for some other advice, when the former - but not till after five o'clock - arrived.|Sense and Sensibility|Jane Austen|guess|4.0|
17:00|striking five|When I awoke without having parted in my sleep with the perception of my wretchedness, the clocks of the Eastward churches were striking five, the candles were wasted out, the fire was dead, and the wind and rain intensified the thick black darkness.|Great Expectations|Charles Dickens|guess|4.0|
17:00|five o'clock|Ada had already told me that she called every Monday at five o'clock, with one little extra white bow in her bonnet, which never appeared there at any other time, and with her largest reticule of documents on her arm.|Bleak House|Charles Dickens|guess|4.0|
17:00|Five o'clock|Five o'clock arriving, and with it Mr Carker's bay horse, they got on horseback, and went gleaming up Cheapside.|Dombey and Son|Charles Dickens|guess|4.0|
17:00|five o'clock|It was after five o'clock when Sherlock Holmes left me, but I had no time to be lonely, for within an hour there arrived a confectioner's man with a very large flat box.|The Adventures of Sherlock Holmes|Arthur Conan Doyle|guess|4.0|
17:00|five o'clock|At last, as the bridge at Walton was coming into sight round the bend, my fever and faintness overcame my fears, and I landed on the Middlesex bank and lay down, deadly sick, amid the long grass. I suppose the time was then about four or five o'clock.|The war of the worlds|H. G. Wells|guess|4.0|
17:00|five o'clock|They sent Millie across the street through the golden five o'clock sunshine to rouse up Mr. Sandy Wadgers, the blacksmith.|The Invisible Man: A Grotesque Romance|H. G. Wells|guess|4.0|
17:00|five o'clock|A half-crown tip put the deputy's knowledge at my disposal, and I learned that Mr. Bloxam, who had slept off the remains of his beer on the previous night at Corcoran's, had left for his work at Poplar at five o'clock that morning.|Dracula|Bram Stoker|guess|4.0|
17:00|five o'clock|I went at five o'clock, and walked; fancying I might manage to creep into the house, and up to Linton's room, unobserved.|Wuthering Heights|Emily Brontë|guess|4.0|
17:00|Five o'clock|Five o'clock had hardly struck on the morning of the 19th of January, when Bessie brought a candle into my closet and found me already up and nearly dressed.|Jane Eyre: An Autobiography|Charlotte Brontë|guess|4.0|
17:00|five o'clock|A little before five o'clock, the hour of dismissal, Madame Beck sent for me to her chamber, to read over and translate some English letter she had received, and to write for her the answer.|Villette|Charlotte Brontë|guess|4.0|
17:00|five o'clock|At five o'clock Lisbeth came downstairs with a large key in her hand: it was the key of the chamber where her husband lay dead.|Adam Bede|George Eliot|guess|4.0|
17:00|five o'clock|Howiver, if thee wouldstna be easy, Alick can stay at home i' the forepart o' the day, and Tim can come back tow'rds five o'clock, and let Alick have his turn.|Adam Bede|George Eliot|guess|4.0|
17:00|struck five|Just before the clock struck five Gabriel Oak and Coggan passed the village cross, and went on together to the fields.|Far from the Madding Crowd|Thomas Hardy|guess|4.0|
17:00|tolled five|When that chronometer, which was surmounted by a cheerful brass group of the sacrifice of Iphigenia, tolled five in a heavy cathedral tone, Mr. Osborne pulled the bell at his right hand - violently, and the butler rushed up.|Vanity Fair|William Makepeace Thackeray|guess|4.0|
17:00|five o'clock|The outer office - with the long counter, behind which the cashiers sat - was crowded with people; all waiting their turn to take money out, or to pay money in, before the bank closed at five o'clock.|The Moonstone|Wilkie Collins|guess|4.0|
17:00|five o'clock|The package of notes not being found when five o'clock sounded from the ponderous clock in the "drawing office," the amount was passed to the account of profit and loss.|Around the World in Eighty Days|Jules Verne|guess|4.0|
17:00|five o'clock|At five o'clock, the log showed that the speed of the Nautilus was slackening, and I knew that it was allowing them to draw nearer.|Twenty Thousand Leagues under the Sea|Jules Verne|guess|4.0|
17:00|five o'clock|At five o'clock Albert returned, delighted with his day's work; he had been occupied in leaving his letters of introduction, and had received in return more invitations to balls and routs than it would be possible for him to accept; besides this, he had seen (as he called it) all the remarkable sights at Rome.|The Count of Monte Cristo|Alexandre Dumas|guess|4.0|
17:00|five o'clock|Still, as five o'clock approached, and the carriage was momentarily expected by the count, the indication of more than common impatience and uneasiness might be observed in his manner.|The Count of Monte Cristo|Alexandre Dumas|guess|4.0|
17:00|five o'clock|About two hours afterwards its foundation was reported to be unsafe; but the report did not prevent the new occupant establishing himself there with his modest furniture the same day at five o'clock.|The Count of Monte Cristo|Alexandre Dumas|guess|4.0|
17:00|Five o'clock|Five o'clock struck. Then the sister heard her say, very low and gently, "He is wrong not to come to-day, since I am going away to-morrow."|Les Misérables|Victor Hugo|guess|4.0|
17:00|five o'clock|At five o'clock, two Belgian deserters reported to him that they had just quitted their regiment, and that the English army was ready for battle.|Les Misérables|Victor Hugo|guess|4.0|
17:00|five o'clock|He was obliged to wait for the body of the army corps, and he had received orders to concentrate his forces before entering into line; but at five o'clock, perceiving Wellington's peril, Blücher ordered Bülow to attack, and uttered these remarkable words: "We must give air to the English army."|Les Misérables|Victor Hugo|guess|4.0|
17:00|five o'clock|These were Madame Langlois, Madame Caron, Madame Dubreuil, Madame Tuvache, and regularly from two to five o'clock the excellent Madame Homais, who, for her part, had never believed any of the tittle-tattle about her neighbour.|Madame Bovary|Gustave Flaubert|guess|4.0|
17:00|five o'clock|After five o'clock it was only at the Augesd Dam that a hot cannonade (delivered by the French alone) was still to be heard from numerous batteries ranged on the slopes of the Pratzen Heights, directed at our retreating forces.|War and Peace|graf Leo Tolstoy|guess|4.0|
17:00|five o'clock|In the parqueted dining room of this small house, remarkable for its extreme cleanliness (suggesting that of a monastery), Prince Andrew, who was rather late, found the friendly gathering of Speránski's intimate acquaintances already assembled at five o'clock.|War and Peace|graf Leo Tolstoy|guess|4.0|
17:00|five o'clock|Suspicion or not, I should have galloped here just the same, and shot myself at five o'clock, and you wouldn't have been in time to do anything.|The Brothers Karamazov|Fyodor Dostoyevsky|guess|4.0|
17:00|five o'clock|"Where were you able to procure such a sum all at once, when by your own confession, at five o'clock the same day you - "|The Brothers Karamazov|Fyodor Dostoyevsky|guess|4.0|
17:00|five o'clock|"How do you mean?" faltered Nikolay Parfenovitch, "when at five o'clock on the same day, from your own confession - "|The Brothers Karamazov|Fyodor Dostoyevsky|guess|4.0|
17:00|five o'clock|His lieutenants had worked so hard from five o'clock until eleven, that they actually had collected a hundred thousand roubles for him, but at such terrific expense, that the rate of interest was only mentioned among them in whispers and with bated breath.|The Idiot|Fyodor Dostoyevsky|guess|4.0|
17:00|five o'clock|Indeed, so audible was the sound of his voice as he ordered dinner that Chichikov - who was beginning to feel hungry once more - was enabled to gather that it would be at least five o'clock before a meal of any kind would be available.|Dead Souls|Nikolai Vasilevich Gogol|guess|4.0|
17:00|five o'clock|So Meg wrestled alone with the refractory sweetmeats all that hot summer day, and at five o'clock sat down in her topsy-turvey kitchen, wrung her bedaubed hands, lifted up her voice and wept.|Little Women|Louisa May Alcott|guess|4.0|
17:00|five o'clock|Emil had been there when they carried him out of the field, and had stayed with him until the doctors operated for appendicitis at five o'clock.|O Pioneers!|Willa Cather|guess|4.0|
17:00|five o'clock|At five o'clock she rose, unlocked her trunk, and took out a sealed packet which she slipped into the bosom of her dress.|The House of Mirth|Edith Wharton|guess|4.0|
17:00|five o'clock|Next day at five o'clock she married Tom Buchanan without so much as a shiver, and started off on a three months' trip to the South Seas.|The Great Gatsby|F. Scott Fitzgerald|guess|4.0|
17:00|five o'clock|At five o'clock he felt the need of hearing his own voice, so he retreated to his house to see if any one else had arrived.|This Side of Paradise|F. Scott Fitzgerald|guess|4.0|
17:00|five o'clock|I reminded him of George, and how we had to get the boat up to Shepperton by five o'clock to meet him, and then he went for George.|Three men in a boat (to say nothing of the dog)|Jerome K. Jerome|guess|4.0|
17:00|Five o'clock|Five o'clock brought three of the brothers, Jolyon and James and Swithin; Nicholas was at Yarmouth, and Roger had a bad attack of gout.|The Forsyte saga, Volume 1|John Galsworthy|guess|4.0|
17:00|five o'clock|She had always two dinners to cook, because she believed children should have their chief meal at midday, whereas Morel needed his at five o'clock.|Sons and Lovers|D. H. Lawrence|guess|4.0|
17:00|five o'clock|I stayed at my post till five o'clock. By that time I had resolved to go down to Turnbull's cottage at nightfall and take my chance of getting over the hills in the darkness.|The Thirty-Nine Steps|John Buchan|guess|4.0|
17:00|five o'clock|I saw that a faint streak of daylight was showing through the curtains of the windows, and that the clock on the mantelpiece pointed to close upon five o'clock.|The Mysterious Affair at Styles|Agatha Christie|guess|4.0|
17:00|five o'clock|At five o'clock, Dorcas finds her mistress in a state of considerable agitation, with a slip of paper - 'a letter,' Dorcas thinks - in her hand, and it is then that she orders the fire in her room to be lighted.|The Mysterious Affair at Styles|Agatha Christie|guess|4.0|
17:00|Five o'clock|Five o'clock struck, - the model yawned, stretched and climbed into his trousers, and the noisy contents of six studios crowded through the hall and down into the street.|The King in Yellow|Robert W. Chambers|guess|4.0|
17:00|five o'clock|At five o'clock the two ladies retired to dress, and at half-past six Elizabeth was summoned to dinner.|Pride and Prejudice|Jane Austen|pm-cue|3.0|
17:00|five o'clock|Punctual to five o'clock came the stranger, and shortly afterwards the dinner.|The Pickwick Papers|Charles Dickens|pm-cue|3.0|
17:00|five o'clock|It is half-past five o'clock, and an autumn afternoon, when the reader and Solomon Gills become acquainted.|Dombey and Son|Charles Dickens|pm-cue|3.0|
17:00|five o'clock|I shall leave this at five o'clock, and ride there on horseback.|Dombey and Son|Charles Dickens|pm-cue|3.0|
17:00|five o'clock|30 September. - I got home at five o'clock, and found that Godalming and Morris had not only arrived, but had already studied the transcript of the various diaries and letters which Harker and his wonderful wife had made and arranged.|Dracula|Bram Stoker|guess|3.0|
17:00|five o'clock|If, however, he doesn't turn up by five o'clock, we must start off; for it won't do to leave Mrs. Harker alone after sunset."|Dracula|Bram Stoker|pm-cue|3.0|
17:00|five o'clock|Linton was very reluctant to be roused from his bed at five o'clock, and astonished to be informed that he must prepare for further travelling; but I softened off the matter by stating that he was going to spend some time with his father, Mr. Heathcliff, who wished to see him so much, he did not like to defer the pleasure till he should recover from his late journey.|Wuthering Heights|Emily Brontë|pm-cue|3.0|
17:00|five o'clock|The evening that Fred Vincy walked to Lowick parsonage (he had begun to see that this was a world in which even a spirited young man must sometimes walk for want of a horse to carry him) he set out at five o'clock and called on Mrs. Garth by the way, wishing to assure himself that she accepted their new relations willingly.|Middlemarch|George Eliot|pm-cue|3.0|
17:00|five o'clock|'Twas five o'clock, and you couldn't see the horses till they were almost in, leave alone colours.|Far from the Madding Crowd|Thomas Hardy|pm-cue|3.0|
17:00|struck five|Here he was standing one windy afternoon when Durnover church clock struck five.|The Mayor of Casterbridge|Thomas Hardy|pm-cue|3.0|
17:00|five o'clock|Miss Pole told us she had absolutely taken time by the forelock, and been dressed by five o'clock, in order to be ready if the St James's Chronicle should come in at the last moment - the very St James's Chronicle which the powdered head was tranquilly and composedly reading as we passed the accustomed window this evening.|Cranford|Elizabeth Cleghorn Gaskell|pm-cue|3.0|
17:00|five o'clock|Two, three, four, and even five o'clock still found Sir Felix Carbury in bed on that fatal Thursday.|The Way We Live Now|Anthony Trollope|pm-cue|3.0|
17:00|five o'clock|At five o'clock the next morning she again proceeded, and in three hours after entered Béthune.|The three musketeers|Alexandre Dumas|pm-cue|3.0|
17:00|five o'clock|This morning you rose at five o'clock; you must stand in need of repose.|The three musketeers|Alexandre Dumas|pm-cue|3.0|
17:00|five o'clock|"We might start at five o'clock and be in time, but the delay may cause your friend to pass an uneasy night, and therefore we had better go with all speed to extricate him from the hands of the infidels.|The Count of Monte Cristo|Alexandre Dumas|pm-cue|3.0|
17:00|five o'clock|Franz silently assented; and the following afternoon, at half-past five o'clock, the young men parted.|The Count of Monte Cristo|Alexandre Dumas|pm-cue|3.0|
17:00|five o'clock in the afternoon|"It was five o'clock in the afternoon; I ascended into the red room, and waited for night.|The Count of Monte Cristo|Alexandre Dumas|afternoon|3.0|
17:00|five o'clock|Marius seated himself on his bed. It might have been half-past five o'clock.|Les Misérables|Victor Hugo|pm-cue|3.0|
17:00|five o'clock|"At five o'clock, and not evening dress, please," he shouted once more, turning at the door.|Anna Karenina|graf Leo Tolstoy|pm-cue|3.0|
17:00|five o'clock|At five o'clock the creak of a door opening waked him. He jumped up and looked round.|Anna Karenina|graf Leo Tolstoy|pm-cue|3.0|
17:00|five o'clock|"At five o'clock this afternoon Dmitri Fyodorovitch borrowed ten roubles from me, and I know for a fact he had no money.|The Brothers Karamazov|Fyodor Dostoyevsky|pm-cue|3.0|
17:00|five o'clock|On his desk the coroner found a letter, dated at five o'clock that afternoon.|My Ántonia|Willa Cather|pm-cue|3.0|
17:00|five o'clock|He had a vague recollection afterward of discussing French poetry with a British officer who was introduced to him as "Captain Corn, of his Majesty's Foot," and he remembered attempting to recite "Clair de Lune" at luncheon; then he slept in a big, soft chair until almost five o'clock when another crowd found and woke him; there followed an alcoholic dressing of several temperaments for the ordeal of dinner.|This Side of Paradise|F. Scott Fitzgerald|pm-cue|3.0|
17:00|struck five|He struggled on with his copy, but when the clock struck five he had still fourteen pages to write.|Dubliners|James Joyce|pm-cue|3.0|
17:00|five o'clock|"He's taking her tea to her. Perhaps it's five o'clock. I think I'd like some tea myself."|The Secret Garden|Frances Hodgson Burnett|pm-cue|3.0|
17:00|five o'clock|"You may send me word that you're here at five o'clock," said Arthur; "not before."|Adam Bede|George Eliot|guess|2.5|
17:00|five o'clock|He said nothing when he came downstairs, except that he would call again at five o'clock.|The Woman in White|Wilkie Collins|guess|2.5|
17:00|struck five|"To close the door against visitors as soon as the clock struck five," replied the valet.|The Count of Monte Cristo|Alexandre Dumas|guess|2.5|
17:00|five o'clock|"Well," he said at five o'clock, "we might as well count the change and divide."|Sister Carrie: A Novel|Theodore Dreiser|guess|2.5|
17:00|Five o'clock|"Five o'clock, I think," said Dele, plaintively. "The iron - I mean the rabbit came off the fire about that time.|The Four Million|O. Henry|guess|2.5|
17:00|five o'clock|From the dining-room, of which, though already seen, and always to be seen at five o'clock, the General could not forgo the pleasure of pacing out the length, for the more certain information of Miss Morland, as to what she neither doubted nor cared for, they proceeded by quick communication to the kitchen - the ancient kitchen of the convent, rich in the massy walls and smoke of former days, and in the stoves and hot closets of the present.|Northanger Abbey|Jane Austen|guess|2.0|
17:00|five o'clock|'Now don't get up at five o'clock, you naughty boy. It's so nonsensical!'|David Copperfield|Charles Dickens|guess|2.0|
17:00|five o'clock|"Wants a few minutes of five o'clock, Sir. Been travelling a long time, Sir, perhaps?"|Dombey and Son|Charles Dickens|guess|2.0|
17:00|five o'clock|At five o'clock I looked in on him, and found him seemingly as happy and contented as he used to be.|Dracula|Bram Stoker|guess|2.0|
17:00|five o'clock|Arthur was expected at five o'clock, so a little before that time we visited the death-chamber.|Dracula|Bram Stoker|guess|2.0|
17:00|five o'clock|I should have given you notice, but I only determined on going since five o'clock, when I heard there was to be a genuine regale in the presence of a great actress."|Villette|Charlotte Brontë|guess|2.0|
17:00|Five o'clock|Five o'clock struck, the loud dismissal-bell rang, the school separated, the room emptied.|Villette|Charlotte Brontë|guess|2.0|
17:00|five o'clock|Next morning, accordingly, she rose at five o'clock and went into the street.|The Mayor of Casterbridge|Thomas Hardy|guess|2.0|
17:00|five o'clock|It was hardly five o'clock; - how was he to pass the time till ten?|The Warden|Anthony Trollope|guess|2.0|
17:00|five o'clock|Miss Ruby Ruggles, the granddaughter of old Daniel Ruggles, of Sheep's Acre, in the parish of Sheepstone, close to Bungay, received the following letter from the hands of the rural post letter-carrier on that Sunday morning; - "A friend will be somewhere near Sheepstone Birches between four and five o'clock on Sunday afternoon."|The Way We Live Now|Anthony Trollope|guess|2.0|
17:00|five o'clock|Run in a hurry, with Mrs. Major O'Dowd's compliments to Colonel Tavish, and Captain Osborne has brought his brothernlaw down, and will bring him to the 150th mess at five o'clock sharp - when you and I, my dear, will take a snack here, if you like."|Vanity Fair|William Makepeace Thackeray|guess|2.0|
17:00|five o'clock|Promising faithfully to be back by five o'clock, I left the house on my errand of mercy.|The Moonstone|Wilkie Collins|guess|2.0|
17:00|five o'clock|Conseil and I remained to survey the shore, observing and studying until five o'clock.|Twenty Thousand Leagues under the Sea|Jules Verne|guess|2.0|
17:00|five o'clock|At five o'clock precisely, the count arrived before the house at Auteuil, followed by Ali.|The Count of Monte Cristo|Alexandre Dumas|guess|2.0|
17:00|five o'clock|"Adieu, then, until five o'clock; be punctual, and we shall arrive at twelve or one."|The Count of Monte Cristo|Alexandre Dumas|guess|2.0|
17:00|five o'clock|At this signal prioress, vocal mothers, professed nuns, lay-sisters, novices, postulants, interrupt what they are saying, what they are doing, or what they are thinking, and all say in unison if it is five o'clock, for instance, "At five o'clock and at all hours praised and adored be the most Holy Sacrament of the altar!"|Les Misérables|Victor Hugo|guess|2.0|
17:00|five o'clock|"You will be here at five o'clock precisely. Both of you. I shall need you."|Les Misérables|Victor Hugo|guess|2.0|
17:00|five o'clock|It was five o'clock when the post brought a second anonymous letter in the same hand as the first.|The Phantom of the Opera|Gaston Leroux|guess|2.0|
17:00|five o'clock|I won't go away.' 'When shall you start?' 'Tomorrow morning at five o'clock.'|The Idiot|Fyodor Dostoyevsky|guess|2.0|
17:00|struck five|When the clock struck five, he was sitting on the bed, dangling his feet to the carpet, talking to the monk:|The Lady with the Dog and Other Stories|Anton Pavlovich Chekhov|pm-cue|2.0|
17:00|five o'clock|It was after five o'clock, and Sibyl had to lie down for a couple of hours before acting.|The Picture of Dorian Gray|Oscar Wilde|guess|2.0|
17:00|five o'clock|She worked about the room until Drouet put in appearance at five o'clock.|Sister Carrie: A Novel|Theodore Dreiser|guess|2.0|
17:00|five o'clock|At half-past five o'clock Mr. Sieppe marshalled the party together.|McTeague: A Story of San Francisco|Frank Norris|guess|2.0|
17:00|five o'clock|By five o'clock the chores were done just when it was time to begin them all over again!|My Ántonia|Willa Cather|guess|2.0|
17:00|five o'clock|"She out." Tana reassured him. "She be back five o'clock, she say."|The Beautiful and Damned|F. Scott Fitzgerald|guess|2.0|
17:00|five o'clock|It was five o'clock, and there had been daylight for two hours already.|The Old Wives' Tale|Arnold Bennett|guess|2.0|
17:00|five o'clock|At five o'clock, an hour later, she uses almost the same words, but the standpoint is different.|The Mysterious Affair at Styles|Agatha Christie|guess|2.0|
17:00|five o'clock|At five o'clock she is in violent distress, and speaks of having had a great shock.|The Mysterious Affair at Styles|Agatha Christie|guess|2.0|
17:00|five o'clock|And he sat him there about the hour of five o'clock to administer the law of the brehons at the commission for all that and those parts to be holden in and for the county of the city of Dublin.|Ulysses|James Joyce|guess|2.0|
17:00|five o'clock|"But it's not five o'clock yet, Mme. Octave, it's only half-past four."|Swann's Way|Marcel Proust|guess|2.0|
17:00|five o'clock|Well, on Sunday mornings there's the Avenue de l'Impératrice, and round the lake at five o'clock, and on Thursdays the Eden-Théâtre, and the Hippodrome on Fridays; then there are the balls..."|Swann's Way|Marcel Proust|guess|2.0|
17:02|two minutes past five|At a quarter to three Carol had left home; at half-past four she had created the Georgian town; at a quarter to five she was in the dignified poverty of the Congregational parsonage, her enthusiasm pattering upon Mrs. Leonard Warren like summer rain upon an old gray roof; at two minutes to five a town of demure courtyards and welcoming dormer windows had been erected, and at two minutes past five the entire town was as flat as Babylon.|Main Street|Sinclair Lewis|guess|2.0|
17:10|ten minutes past five|At ten minutes past five Albert entered overjoyed. The harlequin had reassumed her peasant's costume, and as she passed she raised her mask.|The Count of Monte Cristo|Alexandre Dumas|guess|4.0|
17:15|quarter past five|An unknown clock from an unknown tower (Jean Baptiste's voice was now too distant to be audible) was tolling the third quarter past five, when I reached that street and house whereof Madame Beck had given me the address.|Villette|Charlotte Brontë|guess|4.0|
17:15|a quarter after five|Carrie had really discovered her neglect, but only at a quarter after five, and the open carriage was now far up Seventh Avenue, near the Harlem River.|Sister Carrie: A Novel|Theodore Dreiser|guess|4.0|
17:15|A quarter after five|"A quarter after five," said her companion, consulting an elegant, open-faced watch.|Sister Carrie: A Novel|Theodore Dreiser|guess|2.5|
17:20|twenty minutes past five|He looked up at the clock - twenty minutes past five Then he sat down on a chair to put on his boots.|Women in Love|D. H. Lawrence|guess|2.0|
17:30|half past five|Danglars' watch, one of Breguet's repeaters, which he had carefully wound up on the previous night, struck half past five.|The Count of Monte Cristo|Alexandre Dumas|pm-cue|5.0|
17:30|half past five|This address in the presence of the public, his run upstairs and the porter he had gulped down so hastily confused the man and, as he sat down at his desk to get what was required, he realised how hopeless was the task of finishing his copy of the contract before half past five.|Dubliners|James Joyce|pm-cue|5.0|
17:30|half past five|Shrouded in shame, Carol did not know when Vida slipped away. The clock's bell, at half past five, aroused her.|Main Street|Sinclair Lewis|guess|4.0|
17:30|half after five|At half after five I went below to set the cabin table, but I hardly knew what I did, for my eyes and my brain were filled with the vision of a man, white-faced and trembling, comically like a bug, clinging to the thrashing gaff.|The Sea-Wolf|Jack London|guess|4.0|
17:30|five-thirty|The unalterable custom of Jacqueline was to retire at midnight and to rise at five-thirty.|The Old Wives' Tale|Arnold Bennett|pm-cue|3.0|
17:30|half past five|He wrote out the address and told her that if she came at half past five he would be ready for her.|Of Human Bondage|W. Somerset Maugham|guess|2.0|
17:40|twenty minutes before six|Dinner passed as breakfast had done, and Mr. Fogg re-appeared in the reading-room and sat down to the Pall Mall at twenty minutes before six.|Around the World in Eighty Days|Jules Verne|pm-cue|5.0|
17:45|a quarter to six|It was a quarter to six. There would be time for me to get to the village inn, and to come back again before dinner.|The Woman in White|Wilkie Collins|pm-cue|5.0|
17:45|a quarter to six|At a quarter to six he rose, cut two thick slices of bread and butter, and put them in the white calico snap-bag.|Sons and Lovers|D. H. Lawrence|pm-cue|5.0|
17:45|a quarter before six|At half-past five, there was a rush of four people to the gallery-door; at a quarter before six, there were at least a dozen; at six o'clock the kicks were terrific; and when the elder Master Crummles opened the door, he was obliged to run behind it for his life.|Nicholas Nickleby|Charles Dickens|guess|4.0|
17:45|a quarter before six|Pancks steamed out of his little dock at a quarter before six, and bore straight down for the Patriarch, who happened to be then driving, in an inane manner, through a stagnant account of Bleeding Heart Yard.|Little Dorrit|Charles Dickens|guess|4.0|
17:45|a quarter to six|"It wants a quarter to six at present," said Bathsheba, looking at her watch.|Far from the Madding Crowd|Thomas Hardy|guess|2.5|
17:45|a quarter before six|At a quarter before six the travellers reached the station, and found the train ready to depart.|Around the World in Eighty Days|Jules Verne|guess|2.0|
17:55|five to six|Before the battle of Borodinó our strength in proportion to the French was about as five to six, but after that battle it was little more than one to two: previously we had a hundred thousand against a hundred and twenty thousand; afterwards little more than fifty thousand against a hundred thousand.|War and Peace|graf Leo Tolstoy|guess|4.0|
17:59|one of six|He said that he was one of six who had killed sixty in two days." - Other or Other's verbal narrative taken down from his mouth by King Alfred, A.D. 890.|Moby Dick; Or, The Whale|Herman Melville|guess|2.5|
17:59|one of six|My bandanna handkerchief - one of six beauties given to me by my lady - was handy in my pocket.|The Moonstone|Wilkie Collins|guess|2.0|
18:00|six o'clock in the evening|On Saturday, the 20th June, at six o'clock in the evening, we reached Budir, a small town picturesquely situated on the shore of the ocean; and here the guide asked for his money.|A Journey to the Centre of the Earth|Jules Verne|evening|7.5|
18:00|six o'clock in the evening|At six o'clock in the evening, our matter-of-fact guide, Hans, asked for his week's salary, and receiving his three rix-dollars, put them carefully in his pocket.|A Journey to the Centre of the Earth|Jules Verne|evening|7.5|
18:00|six o'clock in the afternoon|It is somewhere about five or six o'clock in the afternoon, and a balmy fragrance of warm tea hovers in Cook's Court.|Bleak House|Charles Dickens|afternoon|7.0|
18:00|six o'clock|Towards six o'clock of the afternoon, Twemlow begins to persuade himself that he is positively jaded with work, and thinks it much to be regretted that he was not brought up as a Parliamentary agent.|Our Mutual Friend|Charles Dickens|afternoon|7.0|
18:00|six o'clock in the evening|But, six o'clock in the evening finds the worthy little gentleman getting better, and also getting himself into his obsolete little silk stockings and pumps, for the wondering dinner at the Veneerings.|Our Mutual Friend|Charles Dickens|evening|7.0|
18:00|six o'clock in the evening|At six o'clock in the evening, after a very wearisome journey, but one not so fatiguing as before, we had made six miles towards the southward, but had not gone more than a mile downwards.|A Journey to the Centre of the Earth|Jules Verne|evening|7.0|
18:00|six o'clock in the evening|Towards six o'clock in the evening they reached Chelles. The coachman drew up in front of the carters' inn installed in the ancient buildings of the Royal Abbey, to give his horses a breathing spell.|Les Misérables|Victor Hugo|evening|7.0|
18:00|six o'clock in the evening|"He did not go out until six o'clock in the evening, and the government bank certainly is not open at that hour."|Les Misérables|Victor Hugo|evening|7.0|
18:00|six o'clock|I think there is a coach which leaves the Cour des Fontaines at six o'clock, and which arrives in the evening.|Les Misérables|Victor Hugo|evening|7.0|
18:00|six o'clock in the evening|At six o'clock in the evening he descended the Rue Saint-Jacques to dine at Rousseau's, opposite Basset's, the stamp-dealer's, on the corner of the Rue des Mathurins.|Les Misérables|Victor Hugo|evening|7.0|
18:00|six o'clock in the evening|Léon waited all day for six o'clock in the evening to come, but on going to the inn, he found no one but Monsieur Binet, already at table.|Madame Bovary|Gustave Flaubert|evening|7.0|
18:00|six o'clock|I said her days were divided between us; but the master retired early, and I generally needed nothing after six o'clock, thus the evening was her own.|Wuthering Heights|Emily Brontë|pm-cue|5.5|
18:00|six o'clock|It was between five and six o'clock, near the usual teatime, when she came upstairs and said that Master Tom was wanted.|The Mill on the Floss|George Eliot|pm-cue|5.5|
18:00|six o'clock|"Half-past six o'clock has just struck, M. Bertuccio," said the count severely; "I ordered dinner at that hour, and I do not like to wait;" and he returned to his guests, while Bertuccio, leaning against the wall, succeeded in reaching the dining-room.|The Count of Monte Cristo|Alexandre Dumas|pm-cue|5.5|
18:00|Six o'clock|"Six o'clock," said Amory, glancing at his wrist-watch. "I'll buy you a grea' big dinner on the strength of the Juvenalia of your collected editions."|This Side of Paradise|F. Scott Fitzgerald|pm-cue|5.5|
18:00|six o'clock|Her dejection had no abatement from anything passing around her; a friend or two of her father's, as always happened if he was not with them, spent the long, long evening there; and from six o'clock till half-past nine, there was little intermission of noise or grog.|Mansfield Park|Jane Austen|pm-cue|5.0|
18:00|six o'clock|I therefore made him promise positively in the names of his two friends, and we appointed six o'clock as the dinner-hour.|David Copperfield|Charles Dickens|pm-cue|5.0|
18:00|six o'clock|With all these stoppages, it was between five and six o'clock and we were yet a few miles short of Saint Albans when he came out of one of these houses and handed me in a cup of tea.|Bleak House|Charles Dickens|pm-cue|5.0|
18:00|six o'clock|'Upon my word, I couldn't have believed it possible, that such a - Kate, my dear, you're to dine with your uncle at half-past six o'clock tomorrow.'|Nicholas Nickleby|Charles Dickens|pm-cue|5.0|
18:00|six o'clock|John Browdie's only reply was another squeeze of the hand, and an assurance that they would not begin to see London till tomorrow, so that they might be at Mr. Snawley's at six o'clock without fail; and after some further conversation, Mr. Squeers and his son departed.|Nicholas Nickleby|Charles Dickens|pm-cue|5.0|
18:00|six o'clock|One is to a firm in the City, the other is to the young lady's stepfather, Mr. Windibank, asking him whether he could meet us here at six o'clock to-morrow evening.|The Adventures of Sherlock Holmes|Arthur Conan Doyle|pm-cue|5.0|
18:00|six o'clock|I should be glad, Lestrade, if you could make it convenient to meet us at Baker Street at six o'clock this evening.|The Return of Sherlock Holmes|Arthur Conan Doyle|pm-cue|5.0|
18:00|six o'clock|If you will come round once more to my rooms at six o'clock to-morrow, I think I shall be able to show you that even now you have not grasped the entire meaning of this business, which presents some features which make it absolutely original in the history of crime.|The Return of Sherlock Holmes|Arthur Conan Doyle|pm-cue|5.0|
18:00|six o'clock|He kept himself sober for the purpose - tolerably sober: not going to bed mad at six o'clock and getting up drunk at twelve.|Wuthering Heights|Emily Brontë|pm-cue|5.0|
18:00|six o'clock|One evening, the first in December, I was walking by myself in the carré; it was six o'clock; the classe-doors were closed; but within, the pupils, rampant in the licence of evening recreation, were counterfeiting a miniature chaos.|Villette|Charlotte Brontë|pm-cue|5.0|
18:00|six o'clock|At six o'clock he had already been long dressed, and had spent some of his wretchedness in prayer, pleading his motives for averting the worst evil if in anything he had used falsity and spoken what was not true before God.|Middlemarch|George Eliot|pm-cue|5.0|
18:00|six o'clock|On leaving Lisbeth, Mr. Irwine had gone to Jonathan Burge, who had also a claim to be acquainted with what was likely to keep Adam away from business for some time; and before six o'clock that evening there were few people in Broxton and Hayslope who had not heard the sad news.|Adam Bede|George Eliot|pm-cue|5.0|
18:00|six o'clock|He groaned, and turned himself away from her, burying himself, further under the bedclothes. "You must get up for your dinner. It is near six o'clock."|The Way We Live Now|Anthony Trollope|pm-cue|5.0|
18:00|six o'clock|Mr. Fogg, on reaching shore, proceeded to find out at what hour the first train left for New York, and learned that this was at six o'clock p.m.; he had, therefore, an entire day to spend in the Californian capital.|Around the World in Eighty Days|Jules Verne|pm-cue|5.0|
18:00|six o'clock|The train left Oakland station at six o'clock. It was already night, cold and cheerless, the heavens being overcast with clouds which seemed to threaten snow.|Around the World in Eighty Days|Jules Verne|pm-cue|5.0|
18:00|six o'clock in the evening|At six o'clock in the evening we had regained the shore; our boat was moored to the usual place.|Twenty Thousand Leagues under the Sea|Jules Verne|evening|5.0|
18:00|six o'clock in the evening|The favorable moment did not come until six o'clock in the evening.|A Journey to the Centre of the Earth|Jules Verne|evening|5.0|
18:00|six o'clock|At six o'clock Villefort retired to his study, at eight M. d'Avrigny himself arrived, bringing the night draught prepared for the young girl, and then M. Noirtier was carried away.|The Count of Monte Cristo|Alexandre Dumas|pm-cue|5.0|
18:00|six o'clock|Should he wait for M. Leblanc at the door that evening at six o'clock, at the moment of his arrival, and warn him of the trap?|Les Misérables|Victor Hugo|pm-cue|5.0|
18:00|six o'clock|They waited for him from four till six o'clock and did not begin their deliberations all that time but talked in low tones of other matters.|War and Peace|graf Leo Tolstoy|pm-cue|5.0|
18:00|six o'clock in the evening|The officer searched till six o'clock in the evening without even stopping to eat.|War and Peace|graf Leo Tolstoy|evening|5.0|
18:00|six o'clock|From six o'clock groups of people began to gather at Nastasia's house, at the prince's, and at the church door, but more especially at the former place.|The Idiot|Fyodor Dostoyevsky|pm-cue|5.0|
18:00|six o'clock|At six o'clock the dentist had not returned. Trina waited until seven, and then put her work away, and ate her supper alone.|McTeague: A Story of San Francisco|Frank Norris|pm-cue|5.0|
18:00|six o'clock|At six o'clock that evening, when several men were passing the Cutter house on their way home to supper, they heard a pistol shot.|My Ántonia|Willa Cather|pm-cue|5.0|
18:00|six o'clock|He meant to shoot himself at six o'clock and would, if he had strength, fire a shot through the window in the hope that passersby might come in and see him 'before life was extinct,' as he wrote.|My Ántonia|Willa Cather|pm-cue|5.0|
18:00|six o'clock|At six o'clock, when I served supper, going on deck to get the food from the galley, I saw Harrison, still in the same position.|The Sea-Wolf|Jack London|pm-cue|5.0|
18:00|six o'clock|Those who went farther than Chicago would gather in the old dim Union Station at six o'clock of a December evening, with a few Chicago friends, already caught up into their own holiday gaieties, to bid them a hasty goodbye.|The Great Gatsby|F. Scott Fitzgerald|pm-cue|5.0|
18:00|six o'clock|At six o'clock still the cloth lay on the table, still the dinner stood waiting, still the same sense of anxiety and expectation in the room.|Sons and Lovers|D. H. Lawrence|pm-cue|5.0|
18:00|six o'clock|Having dispatched this, and Tommy not having yet returned - which did not surprise her - she started off on a shopping expedition which, with an interval for tea and assorted creamy cakes, occupied her until well after six o'clock, and she returned to the hotel jaded, but satisfied with her purchases.|The Secret Adversary|Agatha Christie|pm-cue|5.0|
18:00|six o'clock|'Why then,' said the boy, 'you was to come to him at six o'clock to our 'ouse, 'cos he wants to see you - Blue Boar, Leaden'all Markit.|The Pickwick Papers|Charles Dickens|guess|4.5|
18:00|six o'clock|Some time after I had finished my meal - I do not know whether to call it breakfast or dinner, for it was between five and six o'clock when I had it - I looked about for something to read, for I did not like to go about the castle until I had asked the Count's permission.|Dracula|Bram Stoker|guess|4.5|
18:00|six o'clock|When I and my friends repaired to him at six o'clock next day, he seemed to have been engaged on a case of a darker complexion than usual, for we found him with his head butted into this closet, not only washing his hands, but laving his face and gargling his throat.|Great Expectations|Charles Dickens|guess|4.0|
18:00|six o'clock|So, at six o'clock that evening, which was one of the early office evenings, I announced myself as ready, to Uriah.|David Copperfield|Charles Dickens|guess|4.0|
18:00|six o'clock|How the lessons were got through that day, neither Nathaniel Pipkin nor his pupils knew any more than you do; but they were got through somehow, and, after the boys had gone, Nathaniel Pipkin took till full six o'clock to dress himself to his satisfaction.|The Pickwick Papers|Charles Dickens|guess|4.0|
18:00|six o'clock|He got through the day as much (or as little) to his own satisfaction, as was to be expected under the fatiguing circumstances; and came riding back at six o'clock.|Hard Times|Charles Dickens|guess|4.0|
18:00|six o'clock|It was not until close upon six o'clock that I found myself free and was able to spring into a hansom and drive to Baker Street, half afraid that I might be too late to assist at the dénouement of the little mystery.|The Adventures of Sherlock Holmes|Arthur Conan Doyle|guess|4.0|
18:00|Six o'clock|Six o'clock struck on the bells of the church that was so conveniently near to Mr. Utterson's dwelling, and still he was digging at the problem.|The strange case of Dr. Jekyll and Mr. Hyde|Robert Louis Stevenson|guess|4.0|
18:00|six o'clock|At six o'clock Van Helsing came to relieve me. Arthur had then fallen into a doze, and he mercifully let him sleep on.|Dracula|Bram Stoker|guess|4.0|
18:00|six o'clock|30 September. - When we met in Dr. Seward's study two hours after dinner, which had been at six o'clock, we unconsciously formed a sort of board or committee.|Dracula|Bram Stoker|pm-cue|4.0|
18:00|six o'clock|It is now six o'clock, and we are to meet in the study in half an hour and take something to eat; for Dr. Van Helsing and Dr. Seward are agreed that if we do not eat we cannot work our best.|Dracula|Bram Stoker|guess|4.0|
18:00|six o'clock|At six o'clock, Raffles, having had only fitful perturbed snatches of sleep, from which he waked with fresh restlessness and perpetual cries that he was sinking away, Bulstrode began to administer the opium according to Lydgate's directions.|Middlemarch|George Eliot|guess|4.0|
18:00|six o'clock|It was getting on towards six o'clock, and sounds of movement were to be heard inside the building which was the haven of rest to this wearied soul.|Far from the Madding Crowd|Thomas Hardy|guess|4.0|
18:00|Six o'clock|Six o'clock struck, and there was no Whittle. At half-past six Henchard entered the yard; the waggon was horsed that Abel was to accompany; and the other man had been waiting twenty minutes.|The Mayor of Casterbridge|Thomas Hardy|guess|4.0|
18:00|six o'clock|Still, the "Tankadere" was so light, and her fine sails caught the fickle zephyrs so well, that, with the aid of the currents John Bunsby found himself at six o'clock not more than ten miles from the mouth of Shanghai River.|Around the World in Eighty Days|Jules Verne|guess|4.0|
18:00|six o'clock|At six o'clock it became suddenly daylight, with that rapidity peculiar to tropical regions, which know neither dawn nor twilight.|Twenty Thousand Leagues under the Sea|Jules Verne|guess|4.0|
18:00|six o'clock|At six o'clock the Nautilus, sometimes floating, sometimes immersed, passed some distance from Tor, situated at the end of the bay, the waters of which seemed tinted with red, an observation already made by Captain Nemo.|Twenty Thousand Leagues under the Sea|Jules Verne|guess|4.0|
18:00|six o'clock|Suddenly, at six o'clock, we stood in front of a wall. To the right, to the left above, below, nowhere was there any passage.|A Journey to the Centre of the Earth|Jules Verne|guess|4.0|
18:00|six o'clock|At six o'clock we were all up and ready. The dreaded moment was arriving when we were about to seek an opening into the interior of the earth by means of gunpowder.|A Journey to the Centre of the Earth|Jules Verne|guess|4.0|
18:00|six o'clock|Toward six o'clock M. de Tréville announced that it was time to go to the Louvre; but as the hour of audience granted by his Majesty was past, instead of claiming the entrée by the back stairs, he placed himself with the four young men in the antechamber.|The three musketeers|Alexandre Dumas|guess|4.0|
18:00|six o'clock|Nevertheless, he never borrowed a sou of his companions, although his purse was ever at their service; and when he had played upon honor, he always awakened his creditor by six o'clock the next morning to pay the debt of the preceding evening.|The three musketeers|Alexandre Dumas|guess|4.0|
18:00|six o'clock|Toward six o'clock D'Artagnan awoke with that uncomfortable feeling which generally accompanies the break of day after a bad night.|The three musketeers|Alexandre Dumas|guess|4.0|
18:00|struck six|At this moment the clock of La Samaritaine struck six; the four friends pleaded an engagement, and took leave of M. de Tréville.|The three musketeers|Alexandre Dumas|guess|4.0|
18:00|six o'clock|Bertuccio obeyed and despatched a courier to Pontoise to say the travelling-carriage would arrive at six o'clock.|The Count of Monte Cristo|Alexandre Dumas|guess|4.0|
18:00|struck six|The clock struck six. Fantine did not seem to hear it. She no longer seemed to pay attention to anything about her.|Les Misérables|Victor Hugo|guess|4.0|
18:00|Six o'clock|Suddenly, the distant and melancholy vibration of a clock shook the panes. Six o'clock was striking from Saint-Médard.|Les Misérables|Victor Hugo|guess|4.0|
18:00|six o'clock|At six o'clock a noise like a clatter of old iron was heard on the Place; it was the "Hirondelle" coming in, and he remained with his forehead against the windowpane, watching all the passengers get out, one after the other.|Madame Bovary|Gustave Flaubert|guess|4.0|
18:00|six o'clock|Without a moment's thought, Anna sat down to the table with Betsy's letter, and, without reading it, wrote below: "It's essential for me to see you. Come to the Vrede garden. I shall be there at six o'clock."|Anna Karenina|graf Leo Tolstoy|guess|4.0|
18:00|six o'clock|It was six o'clock already, and so, in order to be there quickly, and at the same time not to drive with his own horses, known to everyone, Vronsky got into Yashvin's hired fly, and told the driver to drive as quickly as possible.|Anna Karenina|graf Leo Tolstoy|guess|4.0|
18:00|six o'clock|At six o'clock I saw Sonia get up, put on her kerchief and her cape, and go out of the room and about nine o'clock she came back.|Crime and Punishment|Fyodor Dostoyevsky|guess|4.0|
18:00|struck six|It seemed to him strange and monstrous that he could have slept in such forgetfulness from the previous day and had done nothing, had prepared nothing yet.... And meanwhile perhaps it had struck six.|Crime and Punishment|Fyodor Dostoyevsky|guess|4.0|
18:00|six o'clock|The general interrupted his innocent slumbers, at six o'clock, in order to go and wake his beloved son, and warn him of the dreadful danger of companionship with Ferdishenko.|The Idiot|Fyodor Dostoyevsky|guess|4.0|
18:00|six o'clock|Getting rid of Nozdrev as soon as he could, he sent for Selifan, and ordered him to be up at daybreak, in order to clean the britchka and to have everything ready for a start at six o'clock.|Dead Souls|Nikolai Vasilevich Gogol|guess|4.0|
18:00|struck six|A tattered lace handkerchief twitched in her fingers. When the clock struck six, he got up and went to the door.|The Picture of Dorian Gray|Oscar Wilde|guess|4.0|
18:00|six o'clock|When six o'clock came she hurried eagerly away, her arms aching and her limbs stiff from sitting in one position.|Sister Carrie: A Novel|Theodore Dreiser|guess|4.0|
18:00|six o'clock|Once, when I arrived at six o'clock, Lena was ushering out a fidgety mother and her awkward, overgrown daughter.|My Ántonia|Willa Cather|guess|4.0|
18:00|six o'clock|The supper was to be at six o'clock, in the basement of the church, and afterward there would be a fair, with charades and an auction.|O Pioneers!|Willa Cather|guess|4.0|
18:00|six o'clock|It was just after six o'clock, and Sammy, or Samuele Bendiri, as he had been christened, was sweeping an accumulation of cigarette butts and broken glass into a corner.|The Beautiful and Damned|F. Scott Fitzgerald|guess|4.0|
18:00|six o'clock|By six o'clock a breeze blew in off an icefield; and by seven the water was more purple than blue; and by half-past seven there was a patch of rough gold-beater's skin round the Scilly Isles, and Durrant's face, as he sat steering, was of the colour of a red lacquer box polished for generations.|Jacob's Room|Virginia Woolf|guess|4.0|
18:00|struck six|Innumerable overcoats of the quality prescribed hung empty all day in the corridors, but as the clock struck six each was exactly filled, and the little figures, split apart into trousers or moulded into a single thickness, jerked rapidly with angular forward motion along the pavement; then dropped into darkness.|Jacob's Room|Virginia Woolf|guess|4.0|
18:00|six o'clock|The barman and the landlord pushed the ultimate sot by force into the street and bolted the door (till six o'clock) just as a policeman strolled along, the first policeman of the day.|The Old Wives' Tale|Arnold Bennett|guess|4.0|
18:00|six o'clock|In the quarter of an hour between six o'clock and a quarter past, Sophia suffered the supreme pangs of despair and verged upon insanity.|The Old Wives' Tale|Arnold Bennett|guess|4.0|
18:00|six o'clock|It was near six o'clock when he got down. This time he entered without hesitation, his wincing sensitiveness having hardened again.|Sons and Lovers|D. H. Lawrence|guess|4.0|
18:00|six o'clock|At six o'clock, with the aid of the charwoman, she laid him out; then she went round the dreary London village to the registrar and the doctor.|Sons and Lovers|D. H. Lawrence|guess|4.0|
18:00|six o'clock|I, Hercule Poirot, affirm that the man who entered the chemist's shop, and purchased strychnine at six o'clock on Monday last was not Mr. Inglethorp, for at six o'clock on that day Mr. Inglethorp was escorting Mrs. Raikes back to her home from a neighbouring farm.|The Mysterious Affair at Styles|Agatha Christie|guess|4.0|
18:00|six o'clock|On Monday, therefore, at six o'clock, Alfred Inglethorp arranges to be seen by a number of people at a spot far removed from the village.|The Mysterious Affair at Styles|Agatha Christie|guess|4.0|
18:00|six o'clock|At six o'clock, Miss Howard, disguised as Alfred Inglethorp, enters the chemist's shop, with her story about a dog, obtains the strychnine, and writes the name of Alfred Inglethorp in John's handwriting, which she had previously studied carefully.|The Mysterious Affair at Styles|Agatha Christie|guess|4.0|
18:00|six o'clock|"And ever since that," the Hatter went on in a mournful tone, "he won't do a thing I ask! It's always six o'clock now."|Alice's Adventures in Wonderland|Lewis Carroll|guess|4.0|
18:00|six o'clock|What was it in the roar and turmoil of Broadway at six o'clock that flashed before my eyes the picture of a still Breton forest where sunlight filtered through spring foliage and Sylvia bent, half curiously, half tenderly, over a small green lizard, murmuring: "To think that this also is a little ward of God!"|The King in Yellow|Robert W. Chambers|guess|4.0|
18:00|six o'clock|He replied that it would give him much pleasure, and that he would expect me at the office at six o'clock.|Great Expectations|Charles Dickens|pm-cue|3.5|
18:00|six o'clock|Lady Glenmire, after waiting and listening for some time in the drawing-room, had proposed to Mrs Jamieson that they should go to bed; but that lady said she should not feel comfortable unless she sat up and watched; and, accordingly, she packed herself warmly up on the sofa, where she was found by the housemaid, when she came into the room at six o'clock, fast asleep; but Lady Glenmire went to bed, and kept awake all night.|Cranford|Elizabeth Cleghorn Gaskell|pm-cue|3.5|
18:00|six o'clock|"It is six o'clock," said Madame de Villefort, evidently agitated.|The Count of Monte Cristo|Alexandre Dumas|pm-cue|3.5|
18:00|Six o'clock|"No," continued Aunt Kate, "she wouldn't be said or led by anyone, slaving there in that choir night and day, night and day. Six o'clock on Christmas morning!|Dubliners|James Joyce|pm-cue|3.5|
18:00|six o'clock|On one occasion, when an execution had just been put in, coming home through some chance as early as six o'clock, I saw her lying (of course with a twin) under the grate in a swoon, with her hair all torn about her face; but I never knew her more cheerful than she was, that very same night, over a veal cutlet before the kitchen fire, telling me stories about her papa and mama, and the company they used to keep.|David Copperfield|Charles Dickens|pm-cue|3.0|
18:00|six o'clock|The next day, Nathaniel Pipkin saw old Lobbs go out upon his old gray pony, and after a great many signs at the window from the wicked little cousin, the object and meaning of which he could by no means understand, the bony apprentice with the thin legs came over to say that his master wasn't coming home all night, and that the ladies expected Mr. Pipkin to tea, at six o'clock precisely.|The Pickwick Papers|Charles Dickens|pm-cue|3.0|
18:00|six o'clock|"I think that this typewritten letter is from you, in which you made an appointment with me for six o'clock?"|The Adventures of Sherlock Holmes|Arthur Conan Doyle|pm-cue|3.0|
18:00|six o'clock|The sun set behind the Grange as we turned on to the moors; by that, I judged it to be six o'clock; and my companion halted half an hour, to inspect the park, and the gardens, and, probably, the place itself, as well as he could; so it was dark when we dismounted in the paved yard of the farmhouse, and your old fellow-servant, Joseph, issued out to receive us by the light of a dip candle.|Wuthering Heights|Emily Brontë|pm-cue|3.0|
18:00|six o'clock|At six o'clock the wheat-rick was about shoulder-high from the ground.|Tess of the d'Urbervilles: A Pure Woman|Thomas Hardy|pm-cue|3.0|
18:00|six o'clock|Digging began usually at six o'clock and extended indefinitely into the dusk or moonlight.|Tess of the d'Urbervilles: A Pure Woman|Thomas Hardy|pm-cue|3.0|
18:00|struck six|Coggan's watch struck six from his pocket in the usual still small tones.|Far from the Madding Crowd|Thomas Hardy|pm-cue|3.0|
18:00|six o'clock|At six o'clock there were some who suggested that his name should be withdrawn.|The Way We Live Now|Anthony Trollope|pm-cue|3.0|
18:00|six o'clock|I left word that I would call again at six o'clock that evening.|The Moonstone|Wilkie Collins|pm-cue|3.0|
18:00|six o'clock|I have seen some people. He will come here this evening at six o'clock.|Les Misérables|Victor Hugo|pm-cue|3.0|
18:00|six o'clock|I don't even owe for one quarter! Isn't he a fool! So he will come at six o'clock!|Les Misérables|Victor Hugo|pm-cue|3.0|
18:00|six o'clock|It was just six o'clock and there was supper in every hurrying pedestrian's face.|Sister Carrie: A Novel|Theodore Dreiser|pm-cue|3.0|
18:00|Six o'clock|Six o'clock came. Instead of supper, McTeague drank some more whiskey, five ponies in rapid succession.|McTeague: A Story of San Francisco|Frank Norris|pm-cue|3.0|
18:00|struck six|When the kitchen clock struck six she went out to get supper, closing the door gently behind her.|O Pioneers!|Willa Cather|pm-cue|3.0|
18:00|six o'clock|Till they had a maid they took noon dinner and six o'clock supper at Mrs. Gurrey's boarding-house.|Main Street|Sinclair Lewis|pm-cue|3.0|
18:00|Six o'clock|Six o'clock stole down too soon and rang the querulous melody of St. Anne's chimes on the corner.|The Beautiful and Damned|F. Scott Fitzgerald|pm-cue|3.0|
18:00|six o'clock|That evening in the opaque gloom of six o'clock Anthony slipped between two freight-cars, and once over the railroad, followed the track along to Garden City, where he caught an electric train for New York.|The Beautiful and Damned|F. Scott Fitzgerald|pm-cue|3.0|
18:00|struck six|Averse to wasting her time, she went on sewing. The clock struck six.|Howards End|E. M. Forster|pm-cue|3.0|
18:00|six o'clock|After tea, as it drew near to six o'clock, he went to the window.|Sons and Lovers|D. H. Lawrence|pm-cue|3.0|
18:00|six o'clock|I reminded them that all public-houses were closed till six o'clock.|The Diary of a Nobody|George Grossmith|pm-cue|3.0|
18:00|six o'clock|"But, if that was the case, why does he not say where he was at six o'clock on Monday evening?"|The Mysterious Affair at Styles|Agatha Christie|pm-cue|3.0|
18:00|six o'clock|Mr. Inglethorp, knowing what I have now told you, do you still refuse to say where you were at six o'clock on Monday afternoon?"|The Mysterious Affair at Styles|Agatha Christie|pm-cue|3.0|
18:00|six o'clock|The women would have their tea at six o'clock and she would be able to get away before seven.|Dubliners|James Joyce|pm-cue|3.0|
18:00|six o'clock|"I won't go to bed," he had shouted, like one who still believed that he had the last word on the subject, "I won't, I won't. Nana, it isn't six o'clock yet.|Peter Pan|J. M. Barrie|pm-cue|3.0|
18:00|six o'clock|"Now, let me see what the time is," said Troy, after emptying his glass in one draught as he stood. "Half-past six o'clock.|Far from the Madding Crowd|Thomas Hardy|guess|2.5|
18:00|six o'clock|The possibility of a relapse would of course, in some moments, occur to remind her of what anxiety was - but when she saw, on her frequent and minute examination, that every symptom of recovery continued, and saw Marianne at six o'clock sink into a quiet, steady, and to all appearance comfortable, sleep, she silenced every doubt.|Sense and Sensibility|Jane Austen|guess|2.0|
18:00|six o'clock|At six o'clock, the General having taken his coffee, the carriage again received them; and so gratifying had been the tenor of his conduct throughout the whole visit, so well assured was her mind on the subject of his expectations, that, could she have felt equally confident of the wishes of his son, Catherine would have quitted Woodston with little anxiety as to the How or the When she might return to it.|Northanger Abbey|Jane Austen|guess|2.0|
18:00|six o'clock|"So you'll begin to pick oakum tomorrow morning at six o'clock," added the surly one in the white waistcoat.|Oliver Twist|Charles Dickens|guess|2.0|
18:00|six o'clock|At six o'clock every mornin' they let's go the ropes at one end, and down falls the lodgers.|The Pickwick Papers|Charles Dickens|guess|2.0|
18:00|six o'clock|"Oh, at six o'clock: he keeps early hours in the country. You had better change your frock now; I will go with you and fasten it.|Jane Eyre: An Autobiography|Charlotte Brontë|guess|2.0|
18:00|strike six|All hands worked on in silence for some minutes, until the church clock began to strike six.|Adam Bede|George Eliot|guess|2.0|
18:00|six o'clock|By six o'clock the task was done, the coffin nailed down, and Adam and Seth were on their way home.|Adam Bede|George Eliot|guess|2.0|
18:00|six o'clock|That this might be accomplished within the day was the explanation of the reverberation occurring so soon after midnight, the aim of the carters being to reach the door of the outgoing households by six o'clock, when the loading of their movables at once began.|Tess of the d'Urbervilles: A Pure Woman|Thomas Hardy|guess|2.0|
18:00|six o'clock|At last, between five and six o'clock, to our great relief, the physician came.|The Woman in White|Wilkie Collins|guess|2.0|
18:00|six o'clock|At six o'clock I was informed for the second time that Miss Verinder was not at home.|The Moonstone|Wilkie Collins|guess|2.0|
18:00|six o'clock|Towards six o'clock, I felt the warning which told me that my pains were coming back.|The Moonstone|Wilkie Collins|guess|2.0|
18:00|six o'clock|It was six o'clock, the weather was cloudy, the sea grey but calm.|Twenty Thousand Leagues under the Sea|Jules Verne|guess|2.0|
18:00|six o'clock|At six o'clock all our preparations were completed, and M. Fridriksson shook hands heartily with us.|A Journey to the Centre of the Earth|Jules Verne|guess|2.0|
18:00|six o'clock|Towards six o'clock, this festival of light began sensibly and visibly to decrease, and soon almost ceased.|A Journey to the Centre of the Earth|Jules Verne|guess|2.0|
18:00|six o'clock|At six o'clock Lord de Winter came in. He was armed at all points.|The three musketeers|Alexandre Dumas|guess|2.0|
18:00|six o'clock|"If Monsieur desires to witness a case, it is rather late. The sittings generally close at six o'clock."|Les Misérables|Victor Hugo|guess|2.0|
18:00|struck six|Djali raised his little gilt hoof, and struck six blows on the tambourine.|Notre-Dame de Paris|Victor Hugo|guess|2.0|
18:00|six o'clock|It's an odd thing, at six o'clock you pledged them for ten roubles, and now you've got thousands.|The Brothers Karamazov|Fyodor Dostoyevsky|guess|2.0|
18:00|six o'clock|Towards six o'clock he found himself at the station of the Tsarsko-Selski railway.|The Idiot|Fyodor Dostoyevsky|guess|2.0|
18:00|six o'clock|When Lord Henry came in at six o'clock, he found him crying as one whose heart will break.|The Picture of Dorian Gray|Oscar Wilde|guess|2.0|
18:00|struck six|The clock struck six and, having swept up the hearth, Beth put a pair of slippers down to warm.|Little Women|Louisa May Alcott|guess|2.0|
18:00|six o'clock|Again the red-hot day burned up over the horizon. Even at six o'clock it was hot.|McTeague: A Story of San Francisco|Frank Norris|guess|2.0|
18:00|six o'clock|I'm never busy after six o'clock, and I let my sewing girls go at half-past five.|My Ántonia|Willa Cather|guess|2.0|
18:00|six o'clock|By six o'clock Michaelis was worn out, and grateful for the sound of a car stopping outside.|The Great Gatsby|F. Scott Fitzgerald|guess|2.0|
18:00|six o'clock|Amory was becoming trite from where he perched in the centre of the dining-room table one six o'clock.|This Side of Paradise|F. Scott Fitzgerald|guess|2.0|
18:00|six o'clock|"He's drunk as an owl, though. Been in there asleep since six o'clock."|This Side of Paradise|F. Scott Fitzgerald|guess|2.0|
18:00|six o'clock|At six o'clock a man's figure carrying a lantern crossed the field ....|Jacob's Room|Virginia Woolf|guess|2.0|
18:00|six o'clock|So after six o'clock Philip was left alone in the house with Miss Wilkinson.|Of Human Bondage|W. Somerset Maugham|guess|2.0|
18:00|struck six|At last, however, the clock struck six, and Kingsford got up.|Of Human Bondage|W. Somerset Maugham|guess|2.0|
18:00|six o'clock|It is four o'clock. I shall re-enter at six o'clock striking.|The Old Wives' Tale|Arnold Bennett|guess|2.0|
18:00|six o'clock|It was six o'clock when she arrived at William's lodging. The blinds were not down.|Sons and Lovers|D. H. Lawrence|guess|2.0|
18:00|struck six|As they descended, they heard the Minster bells playing a hymn, when the hour had struck six.|Women in Love|D. H. Lawrence|guess|2.0|
18:00|strike six|He detached his chronometer from the chain and made his watch strike six.|The Diary of a Nobody|George Grossmith|guess|2.0|
18:00|six o'clock|I looked at my watch. It was six o'clock. I determined to lose no time.|The Mysterious Affair at Styles|Agatha Christie|guess|2.0|
18:10|Ten minutes past six|"Ten minutes past six; very nearly dark. So what will you do, Margaret?"|North and South|Elizabeth Cleghorn Gaskell|pm-cue|3.0|
18:15|a quarter past six|It was a quarter past six when we left Baker Street, and it still wanted ten minutes to the hour when we found ourselves in Serpentine Avenue.|The Adventures of Sherlock Holmes|Arthur Conan Doyle|pm-cue|5.0|
18:15|6.15|They drove back, and at 6.15 sat down to dine. It was the Sherry incident over again, the remembrance of which came painfully back to Carrie.|Sister Carrie: A Novel|Theodore Dreiser|guess|4.0|
18:15|six-fifteen|"A most urgent telegram was dispatched to you from London by Godfrey Staunton at six-fifteen yesterday evening - a telegram which is undoubtedly associated with his disappearance - and yet you have not had it.|The Return of Sherlock Holmes|Arthur Conan Doyle|pm-cue|3.0|
18:15|6:15|Dumbell exercise and wall-scaling 6:15-6:30 " Study electricity, etc. 7:15-8:15 " Work 8:30-4:30 p.m.|The Great Gatsby|F. Scott Fitzgerald|pm-cue|3.0|
18:15|6.15|"Précisément - and therefore, as Mr. Havering left Elmer's Dale at 6.15, and since Mr. Pace cannot have been killed before he left, or the doctor would have spotted the time of the crime as being given wrongly when he examined the body, we conclude quite rightly, that Mr. Havering did not shoot his uncle.|Poirot Investigates|Agatha Christie|guess|2.0|
18:20|twenty minutes past six|Gargery had departed this life on Monday last at twenty minutes past six in the evening, and that my attendance was requested at the interment on Monday next at three o'clock in the afternoon.|Great Expectations|Charles Dickens|evening|7.0|
18:30|six-thirty|He was home at six-thirty, and he and Trina had supper together in the "ladies' dining parlor," an adjunct of the car conductors' coffee-joint.|McTeague: A Story of San Francisco|Frank Norris|pm-cue|5.0|
18:30|half past six|Philip was exhausted when work stopped at half past six. Harris, the man he had sat next to at dinner, offered to take him over to Harrington Street to show him where he was to sleep.|Of Human Bondage|W. Somerset Maugham|pm-cue|5.0|
18:30|6:30|The bed was tilted against the wall by day, and let down at 6:30, when it filled nearly half the room; and all the boys slept in it, except Michael, lying like sardines in a tin.|Peter Pan|J. M. Barrie|pm-cue|5.0|
18:30|6:30|Mr. Henry Baker can have the same by applying at 6:30 this evening at 221B, Baker Street.'|The Adventures of Sherlock Holmes|Arthur Conan Doyle|pm-cue|3.0|
18:30|six-thirty|The Overbrooks had dinner at six-thirty, while the Babbitts never dined before seven.|Babbitt|Sinclair Lewis|pm-cue|3.0|
18:30|six-thirty|Talk about football, the Hotspurs, the Harlequins; six-thirty Star brought in by the office boy; the rooks of Gray's Inn passing overhead; branches in the fog thin and brittle; and through the roar of traffic now and again a voice shouting: "Verdict - verdict - winner - winner," while letters accumulate in a basket, Jacob signs them, and each evening finds him, as he takes his coat down, with some muscle of the brain new stretched.|Jacob's Room|Virginia Woolf|pm-cue|3.0|
18:30|half after six|'Just gone half after six,' replied his small friend, helping him to sit up again.|The Old Curiosity Shop|Charles Dickens|guess|2.5|
18:30|half after six|"Now, lad," said Adam, as Seth made his appearance, "the coffin's done, and we can take it over to Brox'on, and be back again before half after six.|Adam Bede|George Eliot|guess|2.5|
18:30|6:30|"At 6:30 to-morrow morning!" We all started, for the answer came from Mrs. Harker.|Dracula|Bram Stoker|guess|2.0|
18:30|six-thirty|He had to be up in London by seven - if possible, by six-thirty.|Howards End|E. M. Forster|guess|2.0|
18:30|six-thirty|The posters continued: "To be sold by auction, at the Tiger Hotel at six-thirty for seven o'clock precisely."|The Old Wives' Tale|Arnold Bennett|guess|2.0|
18:30|six-thirty|What six-thirty had to do with seven o'clock precisely no one knew.|The Old Wives' Tale|Arnold Bennett|guess|2.0|
18:30|six-thirty|It appeared that 'six-thirty for seven o'clock precisely' meant seven-fifteen.|The Old Wives' Tale|Arnold Bennett|guess|2.0|
18:30|Six-thirty|Six-thirty passed, then six-forty, but still he did not come.|The Thirty-Nine Steps|John Buchan|guess|2.0|
18:40|twenty minutes to seven|Having to change 'buses, I allowed plenty of time - in fact, too much; for we arrived at twenty minutes to seven, and Franching, so the servant said, had only just gone up to dress.|The Diary of a Nobody|George Grossmith|guess|4.5|
18:40|twenty minutes before seven|Sir Mulberry sends a carriage for you - twenty minutes before seven to the moment - you'll not be so cruel as to disappoint the whole party, Mrs. Nickleby?'|Nicholas Nickleby|Charles Dickens|guess|4.0|
18:40|twenty minutes before seven|'At twenty minutes before seven, then,' said Mr. Pyke, rising, 'the coach will be here.|Nicholas Nickleby|Charles Dickens|guess|2.5|
18:45|a quarter to seven|His mother packed his dinner in a small, shut-up basket, and he set off at a quarter to seven to catch the 7.15 train.|Sons and Lovers|D. H. Lawrence|pm-cue|5.0|
18:45|a quarter to seven|Adam came back from his work in the empty waggon - that was why he had changed his clothes - and was ready to set out to the Hall Farm when it still wanted a quarter to seven.|Adam Bede|George Eliot|guess|4.0|
18:45|a quarter to seven|She was alone. But at a quarter to seven Morel came in again.|Sons and Lovers|D. H. Lawrence|guess|2.0|
18:50|ten minutes to seven|At ten minutes to seven Dulcie was ready. She looked at herself in the wrinkly mirror.|The Four Million|O. Henry|pm-cue|3.0|
18:51|Nine to seven|"Pass it on to him, and from him to the others. Nine to seven!"|A Study in Scarlet|Arthur Conan Doyle|guess|2.0|
18:55|five minutes to seven|However, as Miss Matty said, it would not do to get too much absorbed in anything, and forget the time; so she thought we had better sit quietly, without lighting the candles, till five minutes to seven.|Cranford|Elizabeth Cleghorn Gaskell|pm-cue|5.5|
18:59|one of seven|She had been one of seven daughters in a bare, untidy Irish manor-house to which she had returned from the convent I have so often spoken of.|The Good Soldier|Ford Madox Ford|guess|4.0|
19:00|seven o'clock in the evening|Her youth, civil manners, and liberal pay procured her all the attention that a traveller like herself could require; and stopping only to change horses, she travelled on for about eleven hours without accident or alarm, and between six and seven o'clock in the evening found herself entering Fullerton.|Northanger Abbey|Jane Austen|evening|7.0|
19:00|seven o'clock in the evening|In fact, M. Bonacieux, having left his house at seven o'clock in the evening to go to the Louvre, never appeared again in the Rue des Fossoyeurs; the opinion of those who seemed to be best informed was that he was fed and lodged in some royal castle, at the expense of his generous Eminence.|The three musketeers|Alexandre Dumas|evening|7.0|
19:00|seven o'clock in the evening|Go to the Count of Monte Cristo, Avenue des Champs-Élysées, on the 26th of May, at seven o'clock in the evening, and demand of him your father.|The Count of Monte Cristo|Alexandre Dumas|evening|7.0|
19:00|seven o'clock in the evening|The third station, the one adopted at seven o'clock in the evening, between La Belle-Alliance and La Haie-Sainte, is formidable; it is a rather elevated knoll, which still exists, and behind which the guard was massed on a slope of the plain.|Les Misérables|Victor Hugo|evening|7.0|
19:00|seven o'clock in the evening|She begs you earnestly not to go out of the house for a single moment all to-day, until seven o'clock in the evening.|The Idiot|Fyodor Dostoyevsky|evening|7.0|
19:00|seven o'clock|"Liddy," said Bathsheba, on going to bed that night, "I want you to call me at seven o'clock to-morrow, in case I shouldn't wake."|Far from the Madding Crowd|Thomas Hardy|pm-cue|5.5|
19:00|seven o'clock in the evening|"Be," said the letter, "on Thursday next, at from six to seven o'clock in the evening, on the road to Chaillot, and look carefully into the carriages that pass; but if you have any consideration for your own life or that of those who love you, do not speak a single word, do not make a movement which may lead anyone to believe you have recognized her who exposes herself to everything for the sake of seeing you but for an instant."|The three musketeers|Alexandre Dumas|evening|5.5|
19:00|seven o'clock|When, at seven o'clock that evening, June arrived at 62, Montpellier Square, the maid Bilson told her that Mr. Bosinney was in the drawing-room; the mistress - she said - was dressing, and would be down in a minute.|The Forsyte saga, Volume 1|John Galsworthy|pm-cue|5.5|
19:00|struck seven|As they passed Sunbury Church, the clock struck seven. There was a light in the ferry-house window opposite: which streamed across the road, and threw into more sombre shadow a dark yew-tree with graves beneath it.|Oliver Twist|Charles Dickens|pm-cue|5.0|
19:00|seven o'clock|Soon after seven o'clock we went down to dinner, carefully, by Mrs. Jellyby's advice, for the stair-carpets, besides being very deficient in stair-wires, were so torn as to be absolute traps.|Bleak House|Charles Dickens|pm-cue|5.0|
19:00|seven o'clock in the evening|About half-past seven o'clock in the evening, some ten days or a fortnight after Mr. Pickwick and his friends returned to London, there hurried into one of these offices, an individual in a brown coat and brass buttons, whose long hair was scrupulously twisted round the rim of his napless hat, and whose soiled drab trousers were so tightly strapped over his Blucher boots, that his knees threatened every moment to start from their concealment.|The Pickwick Papers|Charles Dickens|evening|5.0|
19:00|seven o'clock|It was just seven o'clock when Samuel Weller, alighting from the box of a stage-coach which passed through Dorking, stood within a few hundred yards of the Marquis of Granby.|The Pickwick Papers|Charles Dickens|pm-cue|5.0|
19:00|seven o'clock in the evening|It might have been seven o'clock in the evening, and it was growing dark in the narrow streets near Golden Square, when Mr. Kenwigs sent out for a pair of the cheapest white kid gloves - those at fourteen-pence - and selecting the strongest, which happened to be the right-hand one, walked downstairs with an air of pomp and much excitement, and proceeded to muffle the knob of the street-door knocker therein.|Nicholas Nickleby|Charles Dickens|evening|5.0|
19:00|seven o'clock in the evening|And seven o'clock in the evening finds him trotting out into Duke Street, to trot to the corner and save a sixpence in coach-hire.|Our Mutual Friend|Charles Dickens|evening|5.0|
19:00|seven o'clock|It was a September evening, and not yet seven o'clock, but the day had been a dreary one, and a dense drizzly fog lay low upon the great city.|The Sign of the Four|Arthur Conan Doyle|pm-cue|5.0|
19:00|seven o'clock|At seven o'clock that evening we were walking, the three of us, down Corporation Street to the company's offices.|The Memoirs of Sherlock Holmes|Arthur Conan Doyle|pm-cue|5.0|
19:00|struck seven|He continued to send for me punctually the moment the clock struck seven; though when I appeared before him now, he had no such honeyed terms as "love" and "darling" on his lips: the best words at my service were "provoking puppet," "malicious elf," "sprite," "changeling," &c.|Jane Eyre: An Autobiography|Charlotte Brontë|pm-cue|5.0|
19:00|seven o'clock in the evening|We were off the American point, March 31st, at seven o'clock in the evening.|Twenty Thousand Leagues under the Sea|Jules Verne|evening|5.0|
19:00|seven o'clock in the evening|You are, therefore, your own master till seven o'clock in the evening; but at seven o'clock you must hold yourself in readiness with two horses."|The three musketeers|Alexandre Dumas|evening|5.0|
19:00|seven o'clock|In consequence, after having traveled all night, at seven o'clock she was at the fort of the Point; at eight o'clock she had embarked; and at nine, the vessel, which with letters of marque from the cardinal was supposed to be sailing for Bayonne, raised anchor, and steered its course toward England.|The three musketeers|Alexandre Dumas|pm-cue|5.0|
19:00|seven o'clock|They were playing together, as usual, when seven o'clock sounded; the patrol was heard passing to double the posts.|The three musketeers|Alexandre Dumas|pm-cue|5.0|
19:00|seven o'clock in the evening|Remember to go to the count on the 26th May at seven o'clock in the evening.|The Count of Monte Cristo|Alexandre Dumas|evening|5.0|
19:00|seven o'clock in the evening|She came home at seven o'clock in the evening, and went to bed at once, she was so tired.|Les Misérables|Victor Hugo|evening|5.0|
19:00|seven o'clock|He had in loco parentis[4] a wholesale ironmonger in the Rue Ganterie, who took him out once a month on Sundays after his shop was shut, sent him for a walk on the quay to look at the boats, and then brought him back to college at seven o'clock before supper.|Madame Bovary|Gustave Flaubert|pm-cue|5.0|
19:00|seven o'clock|When her vocal organs needed exercise, which was usually toward seven o'clock when she had had an after-dinner rest in a darkened room, the pretext would be the retelling of the same stories over and over again to the same audience.|War and Peace|graf Leo Tolstoy|pm-cue|5.0|
19:00|seven o'clock|She locked herself in, made no reply to my bonjour through the door; she was up at seven o'clock, the samovar was taken into her from the kitchen.|Crime and Punishment|Fyodor Dostoyevsky|pm-cue|5.0|
19:00|seven o'clock|We might begin it to-day, we will talk it over this evening and lay the foundation so to speak. Come to me at seven o'clock.|Crime and Punishment|Fyodor Dostoyevsky|pm-cue|5.0|
19:00|seven o'clock|It was by now seven o'clock, and it was getting dark as Alyosha entered the very spacious and convenient house in the High Street occupied by Katerina Ivanovna.|The Brothers Karamazov|Fyodor Dostoyevsky|pm-cue|5.0|
19:00|seven o'clock|It was the end of June, and our meeting was to take place at seven o'clock the next day on the outskirts of the town - and then something happened that in very truth was the turning-point of my life.|The Brothers Karamazov|Fyodor Dostoyevsky|pm-cue|5.0|
19:00|seven o'clock|When Hanson came home at seven o'clock, he was inclined to be a little crusty - his usual demeanour before supper.|Sister Carrie: A Novel|Theodore Dreiser|pm-cue|5.0|
19:00|seven o'clock|In fact, until seven o'clock that evening groups collected about the door of the junk shop, where a policeman stood guard, asking all manner of questions, advancing all manner of opinions.|McTeague: A Story of San Francisco|Frank Norris|pm-cue|5.0|
19:00|seven o'clock|It was long after seven o'clock, and the light and odours proceeding from the basement made it manifest that the boarding-house dinner had begun.|The House of Mirth|Edith Wharton|pm-cue|5.0|
19:00|seven o'clock|MAY 10. - Received a letter from Mr. Franching, of Peckham, asking us to dine with him to-night, at seven o'clock, to meet Mr. Hardfur Huttle, a very clever writer for the American papers.|The Diary of a Nobody|George Grossmith|pm-cue|5.0|
19:00|seven o'clock|He went off by himself in the afternoon, and it was not till seven o'clock that he announced that he could put it off no longer, but must break the news to the young widow.|Poirot Investigates|Agatha Christie|pm-cue|5.0|
19:00|seven o'clock|'This evening, Sir, at seven o'clock,' said Job, taking one step forward.|The Pickwick Papers|Charles Dickens|pm-cue|3.5|
19:00|seven o'clock|At seven o'clock, leaving Marianne still sweetly asleep, she joined Mrs. Jennings in the drawing-room to tea.|Sense and Sensibility|Jane Austen|pm-cue|3.0|
19:00|seven o'clock|It was Sunday, and the whole time between morning and afternoon service was required by the General in exercise abroad or eating cold meat at home; and great as was Catherine's curiosity, her courage was not equal to a wish of exploring them after dinner, either by the fading light of the sky between six and seven o'clock, or by the yet more partial though stronger illumination of a treacherous lamp.|Northanger Abbey|Jane Austen|pm-cue|3.0|
19:00|seven o'clock|'Be at the third pillar from the left outside the Lyceum Theatre to-night at seven o'clock.|The Sign of the Four|Arthur Conan Doyle|pm-cue|3.0|
19:00|Seven o'clock|Seven o'clock struck; Dr. Bretton was come; my godmother and I went down.|Villette|Charlotte Brontë|pm-cue|3.0|
19:00|seven o'clock|At seven o'clock the moon rose. At half-past seven, when the pupils and teachers were at study, and Madame Beck was with her mother and children in the salle-à-manger, when the half-boarders were all gone home, and Rosine had left the vestibule, and all was still - I shawled myself, and, taking the sealed jar, stole out through the first-classe door, into the berceau and thence into the "allée défendue."|Villette|Charlotte Brontë|pm-cue|3.0|
19:00|seven o'clock|"It's fine talking about having supper when here's a coffin promised to be ready at Brox'on by seven o'clock to-morrow morning, and ought to ha' been there now, and not a nail struck yet.|Adam Bede|George Eliot|pm-cue|3.0|
19:00|seven o'clock|"Please will your grandfather lend us his fuelhouse to try over our parts in, tonight at seven o'clock?"|The Return of the Native|Thomas Hardy|pm-cue|3.0|
19:00|seven o'clock|While these things were being done in Bruton Street and Grosvenor Square horrid rumours were prevailing in the City and spreading from the City westwards to the House of Commons, which was sitting this Monday afternoon with a prospect of an adjournment at seven o'clock in consequence of the banquet to be given to the Emperor.|The Way We Live Now|Anthony Trollope|pm-cue|3.0|
19:00|seven o'clock|I ate but little; I was too preoccupied. I left the table at seven o'clock.|Twenty Thousand Leagues under the Sea|Jules Verne|pm-cue|3.0|
19:00|seven o'clock|The first risk that Dantès ran was, that the jailer, when he brought him his supper at seven o'clock, might perceive the change that had been made; fortunately, twenty times at least, from misanthropy or fatigue, Dantès had received his jailer in bed, and then the man placed his bread and soup on the table, and went away without saying a word.|The Count of Monte Cristo|Alexandre Dumas|pm-cue|3.0|
19:00|seven o'clock|"Tuesday evening, at seven o'clock, descend from your carriage opposite the Via dei Pontefici, and follow the Roman peasant who snatches your torch from you.|The Count of Monte Cristo|Alexandre Dumas|pm-cue|3.0|
19:00|seven o'clock|"It really was I whom your excellency expected at seven o'clock this evening?"|The Count of Monte Cristo|Alexandre Dumas|pm-cue|3.0|
19:00|seven o'clock|At seven o'clock little Berthe, who had not seen him all the afternoon, went to fetch him to dinner.|Madame Bovary|Gustave Flaubert|pm-cue|3.0|
19:00|seven o'clock|Everyone does as he pleases till dinner time. Dinner at seven o'clock.|Anna Karenina|graf Leo Tolstoy|pm-cue|3.0|
19:00|seven o'clock|Both ladies were waiting for him with nervous impatience. They had risen at seven o'clock or earlier.|Crime and Punishment|Fyodor Dostoyevsky|pm-cue|3.0|
19:00|seven o'clock|And he did fall asleep at once, and slept soundly without dreams, but waked early, at seven o'clock, when it was broad daylight.|The Brothers Karamazov|Fyodor Dostoyevsky|pm-cue|3.0|
19:00|seven o'clock|It's eighty versts to the railway and the train starts for Moscow at seven o'clock to-night.|The Brothers Karamazov|Fyodor Dostoyevsky|pm-cue|3.0|
19:00|seven o'clock|Ptitsin and another have promised to find me forty thousand roubles by seven o'clock tonight.|The Idiot|Fyodor Dostoyevsky|pm-cue|3.0|
19:00|seven o'clock|Emil came home at about half-past seven o'clock that evening.|O Pioneers!|Willa Cather|pm-cue|3.0|
19:00|strike seven|When he awoke he found that it was still quite light, and presently he heard Big Ben strike seven.|Of Human Bondage|W. Somerset Maugham|pm-cue|3.0|
19:00|seven o'clock|The funeral tea was not over at seven o'clock, five hours after the commencement of the rite.|The Old Wives' Tale|Arnold Bennett|pm-cue|3.0|
19:00|seven o'clock|The children were put to bed at seven o'clock. Then she worked awhile.|Sons and Lovers|D. H. Lawrence|pm-cue|3.0|
19:00|seven o'clock|At seven o'clock Tuppence volunteered to go and make some tea.|The Secret Adversary|Agatha Christie|pm-cue|3.0|
19:00|Seven o'clock|Trent swore silently for a moment and then drew out his watch. Seven o'clock.|The King in Yellow|Robert W. Chambers|pm-cue|3.0|
19:05|five minutes past seven|It was not till five minutes past seven that the gate bell rang, and the agent made his appearance.|The Woman in White|Wilkie Collins|pm-cue|3.0|
19:10|ten minutes past seven|At seven o'clock in the evening all was ready, and at ten minutes past seven they doubled the lighthouse just as the beacon was kindled.|The Count of Monte Cristo|Alexandre Dumas|pm-cue|5.0|
19:10|7.10|A search in Bradshaw informed me that a train left St Pancras at 7.10, which would land me at any Galloway station in the late afternoon.|The Thirty-Nine Steps|John Buchan|pm-cue|5.0|
19:30|seven-thirty|Therefore something had occurred between seven-thirty and nine o'clock which had completely altered her feelings towards him.|The Memoirs of Sherlock Holmes|Arthur Conan Doyle|pm-cue|5.0|
19:30|seven-thirty|It was taken, then, yesterday evening between seven-thirty and eleven-thirty, probably near the earlier hour, since whoever took it evidently knew that it was there and would naturally secure it as early as possible.|The Return of Sherlock Holmes|Arthur Conan Doyle|pm-cue|5.0|
19:30|seven-thirty|It is seven-thirty of an August evening. The windows in the living room of the gray house are wide open, patiently exchanging the tainted inner atmosphere of liquor and smoke for the fresh drowsiness of the late hot dusk.|The Beautiful and Damned|F. Scott Fitzgerald|pm-cue|5.0|
19:30|7:30|Was last seen by his fiancée, Miss Violet Westbury, whom he left abruptly in the fog about 7:30 that evening.|His last bow|Arthur Conan Doyle|pm-cue|3.0|
19:30|7:30|Now, Watson, if you will pack your bag I will cable to Mrs. Hudson to make one of her best efforts for two hungry travellers at 7:30 to-morrow."|His last bow|Arthur Conan Doyle|pm-cue|3.0|
19:30|seven-thirty|It was five in the afternoon when they met; it was seven-thirty before the last bone was picked.|Sister Carrie: A Novel|Theodore Dreiser|pm-cue|3.0|
19:30|seven-thirty|And he was dying to introduce her to these new friends who had dinner at seven-thirty in the evening.|Sons and Lovers|D. H. Lawrence|evening|3.0|
19:30|7.30|At 7.30 that night Tommy alighted from a slow cross-country train.|The Secret Adversary|Agatha Christie|pm-cue|3.0|
19:30|half past seven|He did not care if Griffiths absorbed Mildred's attention, he would have her to himself during the evening: he had something of the attitude of a loving husband, confident in his wife's affection, who looks on with amusement while she flirts harmlessly with a stranger. But at half past seven he looked at his watch and said:|Of Human Bondage|W. Somerset Maugham|pm-cue|2.5|
19:40|twenty minutes before eight o'clock|At precisely twenty minutes before eight o'clock that night, Angelo Cyrus Bantam, Esq., the Master of the Ceremonies, emerged from his chariot at the door of the Assembly Rooms in the same wig, the same teeth, the same eye-glass, the same watch and seals, the same rings, the same shirt-pin, and the same cane.|The Pickwick Papers|Charles Dickens|pm-cue|5.0|
19:40|twenty minutes to eight|At first she wondered had she mistaken the hour. No, it was twenty minutes to eight.|Dubliners|James Joyce|pm-cue|3.0|
19:45|a quarter before eight|Beauchamp availed himself of Albert's permission, and left him, promising to call for him at a quarter before eight.|The Count of Monte Cristo|Alexandre Dumas|pm-cue|5.0|
19:45|a quarter to eight o'clock|"There will call upon you to-night, at a quarter to eight o'clock," it said, "a gentleman who desires to consult you upon a matter of the very deepest moment.|The Adventures of Sherlock Holmes|Arthur Conan Doyle|pm-cue|3.5|
19:45|a quarter before eight|Ladies, I shall expect you to be ready at exactly a quarter before eight.|The Way We Live Now|Anthony Trollope|pm-cue|3.0|
19:45|a quarter to eight|At a quarter to eight I called to take him with me to the theatre.|The Woman in White|Wilkie Collins|pm-cue|3.0|
20:00|eight o'clock in the evening|At eight o'clock in the evening he perceived this fact, and as it was too late to go down to the Rue Saint-Jacques, he said: "Never mind!" and ate a bit of bread.|Les Misérables|Victor Hugo|evening|7.5|
20:00|eight o'clock in the evening|In short, at eight o'clock in the evening, Mr. Pickwick himself walked into the coffee-room of the Bush Tavern, and told Sam with a smile, to his very great relief, that he had done quite right, and it was unnecessary for him to mount guard any longer.|The Pickwick Papers|Charles Dickens|evening|7.0|
20:00|eight o'clock in the evening|At eight o'clock in the evening, reckoning as above ground, where there is day and night, we are not more than two leagues from the mighty beast.|A Journey to the Centre of the Earth|Jules Verne|evening|7.0|
20:00|eight o'clock in the evening|He gained just twelve hours by this engagement; he was to be back on the sixteenth day, by eight o'clock in the evening.|The three musketeers|Alexandre Dumas|evening|7.0|
20:00|eight o'clock in the evening|At eight o'clock in the evening Athos ordered the horses to be saddled, and Lord de Winter and his friends notified that they must prepare for the expedition.|The three musketeers|Alexandre Dumas|evening|7.0|
20:00|eight o'clock in the evening|It might have been eight o'clock in the evening. As he was not acquainted with the streets, he recommenced his walk at random.|Les Misérables|Victor Hugo|evening|7.0|
20:00|eight o'clock in the evening|All of a sudden, at that very moment, - it was eight o'clock in the evening - the clouds on the horizon parted, and allowed the grand and sinister glow of the setting sun to pass through, athwart the elms on the Nivelles road.|Les Misérables|Victor Hugo|evening|7.0|
20:00|eight o'clock in the evening|A few days afterwards, - it might have been at eight o'clock in the evening, - he was in his room, and engaged in making Cosette spell aloud, when he heard the house door open and then shut again.|Les Misérables|Victor Hugo|evening|7.0|
20:00|eight o'clock in the evening|At eight o'clock in the evening Levin and his wife were drinking tea in their room when Marya Nikolaevna ran in to them breathlessly.|Anna Karenina|graf Leo Tolstoy|evening|7.0|
20:00|struck eight|Then the grandfather's clock in the hall outside struck eight, and the memory of the night before came to him.|This Side of Paradise|F. Scott Fitzgerald|night|7.0|
20:00|eight o'clock|'I want her to-night at eight o'clock,' said he, - 'eight o'clock sharp, mind, for I have two gentlemen who won't be kept waiting.'|The Sign of the Four|Arthur Conan Doyle|pm-cue|5.5|
20:00|eight o'clock|He said he knew the sort of place I meant; where everybody went to bed at eight o'clock, and you couldn't get a Referee for love or money, and had to walk ten miles to get your baccy.|Three men in a boat (to say nothing of the dog)|Jerome K. Jerome|pm-cue|5.5|
20:00|eight o'clock|Mr. Pumblechook and I breakfasted at eight o'clock in the parlour behind the shop, while the shopman took his mug of tea and hunch of bread and butter on a sack of peas in the front premises.|Great Expectations|Charles Dickens|pm-cue|5.0|
20:00|eight o'clock|Joe had been at the Three Jolly Bargemen, smoking his pipe, from a quarter after eight o'clock to a quarter before ten.|Great Expectations|Charles Dickens|pm-cue|5.0|
20:00|eight o'clock|When the chambermaid tapped at my door at eight o'clock, and informed me that my shaving-water was outside, I felt severely the having no occasion for it, and blushed in my bed.|David Copperfield|Charles Dickens|pm-cue|5.0|
20:00|eight o'clock|While the twain are faithful to their post, Mr. George strides through the streets with a massive kind of swagger and a grave-enough face. It is eight o'clock now, and the day is fast drawing in.|Bleak House|Charles Dickens|pm-cue|5.0|
20:00|eight o'clock|When I was there at night, I generally went home with Charley in a coach; sometimes my guardian would meet me in the neighbourhood, and we would walk home together. One evening he had arranged to meet me at eight o'clock.|Bleak House|Charles Dickens|pm-cue|5.0|
20:00|eight o'clock|It was eight o'clock when we landed; we walked for a short time on the shore, enjoying the transitory light, and then retired to the inn and contemplated the lovely scene of waters, woods, and mountains, obscured in darkness, yet still displaying their black outlines.|Frankenstein; or, the modern prometheus|Mary Wollstonecraft Shelley|pm-cue|5.0|
20:00|eight o'clock|He did not quit the house again that afternoon, and no one intruded on his solitude; till, at eight o'clock, I deemed it proper, though unsummoned, to carry a candle and his supper to him.|Wuthering Heights|Emily Brontë|pm-cue|5.0|
20:00|eight o'clock in the evening|It was eight o'clock in the evening before the door opened and his wife entered.|Middlemarch|George Eliot|evening|5.0|
20:00|eight o'clock|At eight o'clock this midsummer evening, whilst the bristling ball of gold in the west still swept the tips of the ferns with its long, luxuriant rays, a soft brushing-by of garments might have been heard among them, and Bathsheba appeared in their midst, their soft, feathery arms caressing her up to her shoulders.|Far from the Madding Crowd|Thomas Hardy|pm-cue|5.0|
20:00|eight o'clock|To convince himself of his power of self-control, he lingered over every piece of business this afternoon; he forced every movement into unnatural slowness and deliberation; and it was consequently past eight o'clock before he reached Mr. Hale's.|North and South|Elizabeth Cleghorn Gaskell|pm-cue|5.0|
20:00|eight o'clock in the evening|The truth would not be known till seven or eight o'clock in the evening.|The Way We Live Now|Anthony Trollope|evening|5.0|
20:00|eight o'clock in the evening|Last Friday at eight o'clock in the evening, Monsieur Fogg came home from his club, and three-quarters of an hour afterwards we were off."|Around the World in Eighty Days|Jules Verne|evening|5.0|
20:00|eight o'clock|At eight o'clock a steward entered the car and announced that the time for going to bed had arrived; and in a few minutes the car was transformed into a dormitory.|Around the World in Eighty Days|Jules Verne|pm-cue|5.0|
20:00|eight o'clock in the evening|"No noise from without by which I could measure the time reached me; I only supposed it must be seven or eight o'clock in the evening, for it was in the month of October and it was quite dark.|The three musketeers|Alexandre Dumas|evening|5.0|
20:00|eight o'clock|"Then on his return give him that card and this sealed paper. Will he be at home at eight o'clock this evening?"|The Count of Monte Cristo|Alexandre Dumas|pm-cue|5.0|
20:00|eight o'clock|The investigation would begin at eight o'clock that evening in the committee-room, and if postponement were necessary, the proceedings would be resumed each evening at the same hour.|The Count of Monte Cristo|Alexandre Dumas|pm-cue|5.0|
20:00|striking eight|Then she went to the fireplace and lit the fire, and although she had just left her bed, she could not resist the temptation offered by Valentine's sleep, so she threw herself into an armchair to snatch a little more rest. The clock striking eight awoke her.|The Count of Monte Cristo|Alexandre Dumas|pm-cue|5.0|
20:00|eight o'clock|Between seven and eight o'clock the doctor came; not hearing any sound, he thought Fantine was asleep, entered softly, and approached the bed on tiptoe; he opened the curtains a little, and, by the light of the taper, he saw Fantine's big eyes gazing at him.|Les Misérables|Victor Hugo|pm-cue|5.0|
20:00|eight o'clock in the evening|At that age, and on that boulevard, eight o'clock in the evening was the dead of the night.|Les Misérables|Victor Hugo|evening|5.0|
20:00|eight o'clock in the evening|It might have been half-past eight o'clock in the evening. The day was declining.|Les Misérables|Victor Hugo|evening|5.0|
20:00|eight o'clock in the evening|It was, I repeat, on the 6th of June; it might have been eight o'clock in the evening.|Les Misérables|Victor Hugo|evening|5.0|
20:00|eight o'clock in the evening|The wedding was fixed for eight o'clock in the evening. Nastasia Philipovna was ready at seven.|The Idiot|Fyodor Dostoyevsky|evening|5.0|
20:00|eight o'clock|After I left you yesterday evening, Harry, I dressed, had some dinner at that little Italian restaurant in Rupert Street you introduced me to, and went down at eight o'clock to the theatre.|The Picture of Dorian Gray|Oscar Wilde|pm-cue|5.0|
20:00|eight o'clock|By eight o'clock he was through, and then, seeing guests leaving and the crowd of pleasure-seekers thickening outside wondered where he should go.|Sister Carrie: A Novel|Theodore Dreiser|pm-cue|5.0|
20:00|eight o'clock|All the shops in Sainte-Agnes were closed at eight o'clock that night, so that the merchants and their clerks could attend the fair.|O Pioneers!|Willa Cather|pm-cue|5.0|
20:00|eight o'clock|At eight o'clock the next evening Aunt Ellen took a quaint old gold ring from a moth-eaten case and gave it to Richard.|The Four Million|O. Henry|pm-cue|5.0|
20:00|eight o'clock|I have been drunk just twice in my life, and the second time was that afternoon; so everything that happened has a dim, hazy cast over it, although until after eight o'clock the apartment was full of cheerful sun.|The Great Gatsby|F. Scott Fitzgerald|pm-cue|5.0|
20:00|eight o'clock|Again at eight o'clock, when the dark lanes of the Forties were lined five deep with throbbing taxicabs, bound for the theatre district, I felt a sinking in my heart.|The Great Gatsby|F. Scott Fitzgerald|pm-cue|5.0|
20:00|eight o'clock|He went out after tea and went back to his rooms, but at eight o'clock, when the shop closed, he was waiting outside.|Of Human Bondage|W. Somerset Maugham|pm-cue|5.0|
20:00|eight o'clock|It stirred the mother; and she understood when they came in at eight o'clock, ruddy, with brilliant eyes, and quick, passionate speech.|Sons and Lovers|D. H. Lawrence|pm-cue|5.0|
20:00|eight o'clock|Mrs Mercer stood up to go: she was sorry she couldn't wait any longer, but it was after eight o'clock and she did not like to be out late as the night air was bad for her.|Dubliners|James Joyce|pm-cue|5.0|
20:00|Eight o'clock|K.'s uncle knocked at the very first door at ground level; while they waited he smiled, showing his big teeth, and whispered, "Eight o'clock; not the usual sort of time to be visiting a lawyer, but Huld won't mind it from me."|The Trial|Franz Kafka|pm-cue|5.0|
20:00|eight o'clock|It is also true that he felt a happiness, a quick heart-beat when, at eight o'clock that night the train which bore them from La Roche rolled into the Gare St. Lazare and he was once more in the city of Valentine.|The King in Yellow|Robert W. Chambers|pm-cue|5.0|
20:00|eight o'clock|"I'm sure, sister," said Mrs Pullet, who had recovered sufficiently to take off her veil and fold it carefully, "it's a nice sort o' man as Mrs Sutton has left her money to, for he's troubled with the asthmy, and goes to bed every night at eight o'clock.|The Mill on the Floss|George Eliot|pm-cue|3.5|
20:00|eight o'clock|By the way, it is not eight o'clock, and a Wagner night at Covent Garden!|His last bow|Arthur Conan Doyle|pm-cue|3.0|
20:00|eight o'clock|"It is not eight o'clock!" she answered, rising unwillingly.|Wuthering Heights|Emily Brontë|pm-cue|3.0|
20:00|eight o'clock|Still it was not late; he often sent for me at seven and eight o'clock, and it was yet but six.|Jane Eyre: An Autobiography|Charlotte Brontë|pm-cue|3.0|
20:00|eight o'clock|"Oh no, sir, it's never late; I always set out by eight o'clock, and it's so light now in the evening.|Adam Bede|George Eliot|evening|3.0|
20:00|eight o'clock|But I wasn't quite easy what I should do about her, and towards evening I made up my mind I'd go, after Meeting was over, and speak to our minister about it. I left the house about half-past eight o'clock.|Adam Bede|George Eliot|pm-cue|3.0|
20:00|eight o'clock|If I wish to go and decide to accept your company I will signal to you some evening at eight o'clock punctually, and this will mean that you are to be ready with a horse and trap at twelve o'clock the same night to drive me to Budmouth harbour in time for the morning boat."|The Return of the Native|Thomas Hardy|pm-cue|3.0|
20:00|eight o'clock|There was generally on Sundays a house dinner, so called, at eight o'clock.|The Way We Live Now|Anthony Trollope|pm-cue|3.0|
20:00|eight o'clock|It was then eight o'clock - the hour at which the letters were always despatched from Blackwater Park.|The Woman in White|Wilkie Collins|pm-cue|3.0|
20:00|Eight o'clock|June 20th. - Eight o'clock. The sun is shining in a clear sky.|The Woman in White|Wilkie Collins|pm-cue|3.0|
20:00|eight o'clock|A little before eight o'clock, Monsieur Rubelle came back with my unopened letter in his hand.|The Woman in White|Wilkie Collins|pm-cue|3.0|
20:00|struck eight|They had just struck eight bells; large clouds veiled the face of the moon, then in its first quarter.|Twenty Thousand Leagues under the Sea|Jules Verne|pm-cue|3.0|
20:00|eight o'clock|"M. d'Artagnan, of the king's Guards, company Dessessart, is expected at the Palais-Cardinal this evening, at eight o'clock.|The three musketeers|Alexandre Dumas|pm-cue|3.0|
20:00|eight o'clock|Her servant did not come till eight o'clock, and she prepared her own tea-tray and placed it beside the bed.|The House of Mirth|Edith Wharton|pm-cue|3.0|
20:00|struck eight|Rose was re-born every evening precisely as the clock struck eight.|Jacob's Room|Virginia Woolf|pm-cue|3.0|
20:00|struck eight|But a clock struck eight, and all the various phenomena connected with the departure of Mr. Critchlow occurred one after another.|The Old Wives' Tale|Arnold Bennett|pm-cue|3.0|
20:00|eight o'clock|The children played in the street, on the brim of the wide, dark valley, until eight o'clock.|Sons and Lovers|D. H. Lawrence|pm-cue|3.0|
20:00|eight o'clock|It was now getting on for eight o'clock, and I went back and saw Scaife to give him his instructions.|The Thirty-Nine Steps|John Buchan|pm-cue|3.0|
20:00|eight o'clock|We are in the month of June. It is still light at eight o'clock.|Poirot Investigates|Agatha Christie|pm-cue|3.0|
20:02|two minutes past eight|Anna looked at the railway timetable in the newspapers. An evening train went at two minutes past eight.|Anna Karenina|graf Leo Tolstoy|pm-cue|3.0|
20:05|five minutes past eight|The reader will remember that at five minutes past eight in the evening - about five and twenty hours after the arrival of the travellers in London - Passepartout had been sent by his master to engage the services of the Reverend Samuel Wilson in a certain marriage ceremony, which was to take place the next day.|Around the World in Eighty Days|Jules Verne|evening|7.0|
20:05|five minutes past eight|If, on the sixteenth day after your departure, at eight o'clock in the evening you are not here, no money - even if it be but five minutes past eight."|The three musketeers|Alexandre Dumas|pm-cue|3.0|
20:15|eight-fifteen|Sitting down at the writing-table he scribbled a note to Lord Henry, asking him to send him round something to read and reminding him that they were to meet at eight-fifteen that evening.|The Picture of Dorian Gray|Oscar Wilde|pm-cue|5.0|
20:15|eight-fifteen|It was simply to say that he sent him round the evening paper, and a book that might interest him, and that he would be at the club at eight-fifteen.|The Picture of Dorian Gray|Oscar Wilde|pm-cue|5.0|
20:20|twenty minutes after eight o'clock|One of the Sunday ones, in a blue cloak and a white hat, that had previously offered for to bribe me - need I say with what success? - was dodging about our court last night as late as twenty minutes after eight o'clock.|Dombey and Son|Charles Dickens|pm-cue|5.0|
20:30|eight-thirty|At five o'clock he rang his bell for his servant and gave him orders to pack his things for the night-express to town, and to have the brougham at the door by eight-thirty.|The Picture of Dorian Gray|Oscar Wilde|pm-cue|5.0|
20:30|eight-thirty|He could go alone with a book in his pocket and watch the badgers. He would take a train at eight-thirty and walk all night.|Jacob's Room|Virginia Woolf|pm-cue|5.0|
20:30|half past eight|"There," said the king, looking at a clock, "there, now, as it is half past eight, you may retire; for as I told you, I expect someone at nine.|The three musketeers|Alexandre Dumas|pm-cue|3.5|
20:30|eight-thirty|That evening, at eight-thirty, exquisitely dressed and wearing a large button-hole of Parma violets, Dorian Gray was ushered into Lady Narborough's drawing-room by bowing servants.|The Picture of Dorian Gray|Oscar Wilde|pm-cue|3.0|
20:30|half past eight|Philip ate some bread and butter, drank a cup of tea, and at half past eight began his day's work again.|Of Human Bondage|W. Somerset Maugham|pm-cue|3.0|
20:31|8.31|I've got the mitten instead of the scarf. I ought to have known at 8.31 that my goose was cooked.|The Four Million|O. Henry|pm-cue|3.0|
20:45|a quarter before nine|Instead of arriving at Liverpool the next evening by the "Henrietta," he would be there by noon, and would therefore have time to reach London before a quarter before nine in the evening.|Around the World in Eighty Days|Jules Verne|evening|7.0|
20:45|a quarter before nine|You must know that I shall lose twenty thousand pounds, unless I arrive in London by a quarter before nine on the evening of the 21st of December.|Around the World in Eighty Days|Jules Verne|pm-cue|5.0|
20:45|a quarter before nine|Admitting that he was at this moment taking an express train, he could reach London and the Reform Club by a quarter before nine, p.m.|Around the World in Eighty Days|Jules Verne|pm-cue|5.0|
20:45|a quarter before nine|As Phileas Fogg had not appeared in the saloon on the evening before (Saturday, the 21st of December, at a quarter before nine), he had lost his wager.|Around the World in Eighty Days|Jules Verne|pm-cue|5.0|
20:45|a quarter before nine|And would he appear on Saturday, the 21st of December, at a quarter before nine in the evening, on the threshold of the Reform Club saloon?|Around the World in Eighty Days|Jules Verne|evening|5.0|
20:45|a quarter to nine|I have but one promise and but one heart to give; that promise is pledged to you, that heart is also yours. This evening, then, at a quarter to nine at the gate.|The Count of Monte Cristo|Alexandre Dumas|pm-cue|5.0|
20:47|8.47|He hurries to a telephone box, and as near as possible to 8.47 rings up the doctor with his master's dying cry.|Poirot Investigates|Agatha Christie|pm-cue|5.0|
20:47|8.47|Then, having moved on the hands of the clock to 8.47, he smashes it and stops it.|Poirot Investigates|Agatha Christie|pm-cue|3.0|
20:50|ten minutes to nine|It was a quarter-past seven when we left Pall Mall, and my watch showed me that it was ten minutes to nine when we at last came to a standstill.|The Memoirs of Sherlock Holmes|Arthur Conan Doyle|pm-cue|5.0|
21:00|nine o'clock|The preceding conversation passed between eight and nine o'clock of the evening, in a schoolroom of the quiet Rue Fossette, opening on a sequestered garden.|Villette|Charlotte Brontë|evening|7.0|
21:00|nine o'clock in the evening|He vowed he would not bet, and he kept his vow, for on leaving the town at nine o'clock in the evening he had diminished his cash only to the extent of a few shillings.|Far from the Madding Crowd|Thomas Hardy|evening|7.0|
21:00|nine o'clock in the evening|They did not start till nine o'clock in the evening, and Madame Melmotte at the moment would fain have been allowed to rest one other night in Bruton Street.|The Way We Live Now|Anthony Trollope|evening|7.0|
21:00|nine o'clock in the evening|"Is it absolutely necessary that you should be in New York on the 11th, before nine o'clock in the evening, the time that the steamer leaves for Liverpool?"|Around the World in Eighty Days|Jules Verne|evening|7.0|
21:00|nine o'clock in the evening|"Why, they induced General Quesnel to go there, and General Quesnel, who quitted his own house at nine o'clock in the evening, was found the next day in the Seine."|The Count of Monte Cristo|Alexandre Dumas|evening|7.0|
21:00|nine o'clock in the evening|Toward nine o'clock in the evening the two women retired and betook themselves to their chambers on the first floor, leaving him alone until morning on the ground floor.|Les Misérables|Victor Hugo|evening|7.0|
21:00|nine o'clock in the evening|At twilight, towards nine o'clock in the evening, one of them was left at the foot of the plateau of Mont-Saint-Jean.|Les Misérables|Victor Hugo|evening|7.0|
21:00|nine o'clock in the evening|At nine o'clock in the evening the military band was playing in the street before the club, while in the club itself the officers were dancing with the ladies of K - - .|The Lady with the Dog and Other Stories|Anton Pavlovich Chekhov|evening|7.0|
21:00|nine o'clock in the evening|It was between eight and nine o'clock in the evening when we took up our position in the garden adjoining that of Reuben Rosenthall; the house itself was shut up, thanks to the outrageous libertine next door, who, by driving away the neighbors, had gone far towards delivering himself into our hands.|The Amateur Cracksman|E. W. Hornung|evening|7.0|
21:00|nine o'clock in the evening|Night and day were the same in this prison room, but Tommy's wrist-watch, which enjoyed a certain degree of accuracy, informed him that it was nine o'clock in the evening.|The Secret Adversary|Agatha Christie|evening|7.0|
21:00|nine o'clock|Mr. Herbert threw himself into the business with a will, and by nine o'clock last night he housed Tom, Jack, or Richard, - whichever it may be, - you and I don't want to know, - quite successfully.|Great Expectations|Charles Dickens|pm-cue|5.0|
21:00|nine o'clock at night|It was nine o'clock at night, when the man, quite tired out, and the dog, limping and lame from the unaccustomed exercise, turned down the hill by the church of the quiet village, and plodding along the little street, crept into a small public-house, whose scanty light had guided them to the spot.|Oliver Twist|Charles Dickens|pm-cue|5.0|
21:00|nine o'clock|I had come down at nine o'clock as I always did to read the Bible to her, and was reading from St. John how our Saviour stooped down, writing with his finger in the dust, when they brought the sinful woman to him.|Bleak House|Charles Dickens|pm-cue|5.0|
21:00|nine o'clock|The bell that rings at nine o'clock has ceased its doleful clangour about nothing; the gates are shut; and the night-porter, a solemn warder with a mighty power of sleep, keeps guard in his lodge.|Bleak House|Charles Dickens|pm-cue|5.0|
21:00|nine o'clock|It was between eight and nine o'clock now, and I was conscious of a strong reaction after the successive excitements of the night.|The Sign of the Four|Arthur Conan Doyle|pm-cue|5.0|
21:00|nine o'clock|I copied as quickly as I could, but at nine o'clock I had only done nine articles, and it seemed hopeless for me to attempt to catch my train.|The Memoirs of Sherlock Holmes|Arthur Conan Doyle|pm-cue|5.0|
21:00|nine o'clock at night|It was nine o'clock at night upon the second of August - the most terrible August in the history of the world.|His last bow|Arthur Conan Doyle|pm-cue|5.0|
21:00|nine o'clock|The Professor took away one copy to study after dinner, and before our meeting, which is fixed for nine o'clock.|Dracula|Bram Stoker|pm-cue|5.0|
21:00|nine o'clock|The nurse closed the front door; I went in by the side entrance which led to the schoolroom: I was just in time; it was nine o'clock, and Miss Miller was calling the pupils to go to bed.|Jane Eyre: An Autobiography|Charlotte Brontë|pm-cue|5.0|
21:00|nine o'clock|By nine o'clock the next morning I was punctually opening the school; tranquil, settled, prepared for the steady duties of the day.|Jane Eyre: An Autobiography|Charlotte Brontë|pm-cue|5.0|
21:00|nine o'clock|At last he came to a difficult resolve, and wrote a letter to Will Ladislaw, begging him to be at the Shrubs that evening for a private interview at nine o'clock.|Middlemarch|George Eliot|pm-cue|5.0|
21:00|struck nine|The lights disappeared, the clock struck nine, and almost at the moment Farfrae came round the opposite corner and knocked.|The Mayor of Casterbridge|Thomas Hardy|pm-cue|5.0|
21:00|nine o'clock|She was indeed inclined to give up the idea that the inspector would call again that night, as it was already past nine o'clock.|North and South|Elizabeth Cleghorn Gaskell|pm-cue|5.0|
21:00|nine o'clock|It was nine o'clock when Ruby went up-stairs, - and then Mrs. Pipkin locked both the front door and the area gate.|The Way We Live Now|Anthony Trollope|pm-cue|5.0|
21:00|nine o'clock|On the evening of the day after the arrest of poor Bonacieux, as Athos had just left D'Artagnan to report at M. de Tréville's, as nine o'clock had just struck, and as Planchet, who had not yet made the bed, was beginning his task, a knocking was heard at the street door.|The three musketeers|Alexandre Dumas|pm-cue|5.0|
21:00|nine o'clock|He waited for night with feverish impatience, he had but one idea clearly before his mind; - this was, that at nine o'clock he should see Cosette.|Les Misérables|Victor Hugo|pm-cue|5.0|
21:00|nine o'clock|By nine o'clock, more than eight hundred persons had been arrested, the Prefecture of Police was encumbered with them, so was the Conciergerie, so was La Force.|Les Misérables|Victor Hugo|pm-cue|5.0|
21:00|nine o'clock at night|The horses, the carriage, the coachman, the provisions, the luggage, the money required for the journey, the road to be taken (he had resolved not to go by train, so as to throw the ghost off the scent): all this had to be settled and provided for; and it occupied him until nine o'clock at night.|The Phantom of the Opera|Gaston Leroux|pm-cue|5.0|
21:00|nine o'clock|Shortly after nine o'clock that evening, Weyrother drove with his plans to Kutúzov's quarters where the council of war was to be held.|War and Peace|graf Leo Tolstoy|pm-cue|5.0|
21:00|nine o'clock|At half-past nine o'clock a particularly joyful and pleasant family conversation over the tea-table at the Oblonskys' was broken up by an apparently simple incident.|Anna Karenina|graf Leo Tolstoy|pm-cue|5.0|
21:00|nine o'clock|Yet at nine o'clock, he came to see me with a bundle of hundred-rouble notes in his hand, about two or three thousand roubles.|The Brothers Karamazov|Fyodor Dostoyevsky|pm-cue|5.0|
21:00|nine o'clock|He declared that he had been busy finding money for the latter ever since, and up to nine o'clock, Rogojin having declared that he must absolutely have a hundred thousand roubles by the evening.|The Idiot|Fyodor Dostoyevsky|pm-cue|5.0|
21:00|nine o'clock|When, at nine o'clock, or so, this evening, I arrived and was shown up to him with great ceremony, he first received me with astonishment, and not too affably, but he soon cheered up, and suddenly gazed intently at me and burst out laughing.|The Idiot|Fyodor Dostoyevsky|pm-cue|5.0|
21:00|nine o'clock|One day - it was a week after I had entered his service - he came back from some dinner at nine o'clock; his face looked ill-humoured and exhausted.|The Lady with the Dog and Other Stories|Anton Pavlovich Chekhov|pm-cue|5.0|
21:00|struck nine|As the clock struck nine and Jo proposed bed, Meg suddenly left her chair and, taking Beth's stool, leaned her elbows on her mother's knee, saying bravely...|Little Women|Louisa May Alcott|pm-cue|5.0|
21:00|nine o'clock|McTeague and Trina, whom Miss Baker had invited to her room for that day, sat there side by side, holding each other's hands, listening nervously to the turmoil that rose to them from the direction of their suite. From nine o'clock till dark the crowds came and went.|McTeague: A Story of San Francisco|Frank Norris|pm-cue|5.0|
21:00|nine o'clock|Bill grunted his disagreement with the diagnosis, and lapsed into silence. The day was like all the days. Light came at nine o'clock.|White Fang|Jack London|pm-cue|5.0|
21:00|nine o'clock|Just after nine o'clock Anthony staggered to his feet and, bidding them a thick good night, walked unsteadily to the door, handing Sammy one of his two quarters as he passed out.|The Beautiful and Damned|F. Scott Fitzgerald|pm-cue|5.0|
21:00|nine o'clock|He rebelled against being undressed by Mary Ann and after a while succeeded in establishing his right to dress and undress himself. At nine o'clock Mary Ann brought in the eggs and the plate.|Of Human Bondage|W. Somerset Maugham|pm-cue|5.0|
21:00|nine o'clock|Philip awoke with a start next morning, conscious that it was late, and looking at his watch found it was nine o'clock.|Of Human Bondage|W. Somerset Maugham|pm-cue|5.0|
21:00|nine o'clock|By nine o'clock all was quiet in the meadow and everyone in bed but one or two men who still lingered in the public-house and would not come back till it was closed at ten.|Of Human Bondage|W. Somerset Maugham|pm-cue|5.0|
21:00|nine o'clock|"It must have been just before nine o'clock. We had finished dinner, and were sitting over our coffee and cigarettes."|Poirot Investigates|Agatha Christie|pm-cue|5.0|
21:00|nine o'clock|The commissioner of police was sitting in his office at nine o'clock one evening, when the following telegraphic dispatch was put into his hands:|Around the World in Eighty Days|Jules Verne|pm-cue|4.0|
21:00|nine o'clock|"Well," said Andrea, "let it be as you wish. This evening, then, at nine o'clock."|The Count of Monte Cristo|Alexandre Dumas|pm-cue|3.5|
21:00|nine o'clock|"That night, the last night of the year, towards nine o'clock, a man in a black dress rang at my gate, demanded to see me, and softly followed my servant, Ernest Defarge, a youth, up-stairs.|A Tale of Two Cities|Charles Dickens|pm-cue|3.0|
21:00|nine o' clock|As I never assisted at any other representation of George Barnwell, I don't know how long it may usually take; but I know very well that it took until half-past nine o' clock that night, and that when Mr. Wopsle got into Newgate, I thought he never would go to the scaffold, he became so much slower than at any former period of his disgraceful career.|Great Expectations|Charles Dickens|pm-cue|3.0|
21:00|nine o'clock|At length, when nine o'clock had come, and they began to think they were to hear no more that night, Mr. Losberne and Mr. Grimwig entered the room, followed by Mr. Brownlow and a man whom Oliver almost shrieked with surprise to see; for they told him it was his brother, and it was the same man he had met at the market-town, and seen looking in with Fagin at the window of his little room.|Oliver Twist|Charles Dickens|pm-cue|3.0|
21:00|nine o'clock|The swarry to be on table at half-past nine o'clock punctually.'|The Pickwick Papers|Charles Dickens|pm-cue|3.0|
21:00|nine o'clock|"On that evening the horses had been exercised and watered as usual, and the stables were locked up at nine o'clock.|The Memoirs of Sherlock Holmes|Arthur Conan Doyle|pm-cue|3.0|
21:00|nine o'clock|By nine o'clock we were all seated in the study, waiting patiently for our man.|His last bow|Arthur Conan Doyle|pm-cue|3.0|
21:00|nine o'clock|He managed to continue work till nine o'clock, and then marched dumb and dour to his chamber.|Wuthering Heights|Emily Brontë|pm-cue|3.0|
21:00|nine o'clock|That same evening at nine o'clock, a servant was despatched to meet the coach by which our little visitor was expected.|Villette|Charlotte Brontë|pm-cue|3.0|
21:00|tolled nine|We reached Madame Beck's door. Jean Baptiste's clock tolled nine.|Villette|Charlotte Brontë|pm-cue|3.0|
21:00|nine o'clock|Between eight and nine o'clock that evening, Eppie and Silas were seated alone in the cottage.|Silas Marner|George Eliot|pm-cue|3.0|
21:00|struck nine|The clock struck nine. Elizabeth-Jane turned to her companion.|The Mayor of Casterbridge|Thomas Hardy|pm-cue|3.0|
21:00|nine o'clock|It was between eight and nine o'clock when he reached her door.|The Mayor of Casterbridge|Thomas Hardy|pm-cue|3.0|
21:00|nine o'clock|Herr Vossner had not been seen since nine o'clock on the preceding evening.|The Way We Live Now|Anthony Trollope|pm-cue|3.0|
21:00|nine o'clock at night|Rawdon left her and walked home rapidly. It was nine o'clock at night.|Vanity Fair|William Makepeace Thackeray|pm-cue|3.0|
21:00|nine o'clock|She had carefully put the two letters into her bosom (what have I to do with her bosom?); she had been very unhappy, when Miss Halcombe had gone away again; she had not had the heart to put bit or drop between her lips till it was near bedtime, and then, when it was close on nine o'clock, she had thought she should like a cup of tea.|The Woman in White|Wilkie Collins|pm-cue|3.0|
21:00|nine o'clock|Travelling by the afternoon train from London, she would delay her arrival until nine o'clock.|The Moonstone|Wilkie Collins|pm-cue|3.0|
21:00|nine o'clock|"In the morning at nine o'clock, in the day at one o'clock, and in the evening at eight.|The three musketeers|Alexandre Dumas|evening|3.0|
21:00|nine o'clock|'At nine o'clock tomorrow Rita's father will be here with the money.'|The Count of Monte Cristo|Alexandre Dumas|pm-cue|3.0|
21:00|nine o'clock|Heaven is as inflexible as man, and the signature of the contract is fixed for this evening at nine o'clock.|The Count of Monte Cristo|Alexandre Dumas|pm-cue|3.0|
21:00|nine o'clock|I shall expect you at dusk, at nine o'clock precisely, I warn you.|Les Misérables|Victor Hugo|pm-cue|3.0|
21:00|nine o'clock at night|With a resolute feeling of hope in a new, better life, he reached home before nine o'clock at night.|Anna Karenina|graf Leo Tolstoy|pm-cue|3.0|
21:00|nine o'clock|At nine o'clock precisely Razumihin reached the lodgings at Bakaleyev's house.|Crime and Punishment|Fyodor Dostoyevsky|pm-cue|3.0|
21:00|nine o'clock|It was not more than nine o'clock. No one had yet gone to bed but the children.|The Awakening, and Selected Short Stories|Kate Chopin|pm-cue|3.0|
21:00|nine o'clock|At nine o'clock Mr. Sieppe showed McTeague to his room and left him to himself with a newly lighted candle.|McTeague: A Story of San Francisco|Frank Norris|pm-cue|3.0|
21:00|Nine o'clock|Nine o'clock was the latest permissible moment for going to bed.|The Old Wives' Tale|Arnold Bennett|pm-cue|3.0|
21:00|struck nine|There was silence. The clock struck nine, and it also struck half-past nine.|The Old Wives' Tale|Arnold Bennett|pm-cue|3.0|
21:00|nine o'clock|It was nine o'clock when he got home, falling dark. He entered the house in silence.|Sons and Lovers|D. H. Lawrence|pm-cue|3.0|
21:00|nine o'clock|Paul went up with the hot milk in a feeding-cup. It was nine o'clock.|Sons and Lovers|D. H. Lawrence|pm-cue|3.0|
21:00|nine o'clock|Yet the strychnine must have been administered between seven and nine o'clock that evening.|The Mysterious Affair at Styles|Agatha Christie|pm-cue|3.0|
21:00|nine o'clock|It was after nine o'clock when he left the shop. The night was cold and gloomy.|Dubliners|James Joyce|pm-cue|3.0|
21:00|nine o'clock|At last, shortly after nine o'clock, there arrived a messenger with a note:|His last bow|Arthur Conan Doyle|pm-cue|2.0|
21:30|half past nine|Consequently, I was not prepared, at seven o'clock next morning, to receive the following communication, dated half past nine in the evening; a quarter of an hour after I had left him: -|David Copperfield|Charles Dickens|evening|6.0|
21:30|half past nine|When he went off at half past nine he had supper given him, and this was the only consolation; for tea at five o'clock had left him with a healthy appetite, and the bread and cheese, the abundant cocoa which the firm provided, were welcome.|Of Human Bondage|W. Somerset Maugham|pm-cue|5.0|
21:30|half past nine|At half past nine that evening, when he arrived back in front of the building where he lived, he met a young lad in the doorway who was standing there, his legs apart and smoking a pipe.|The Trial|Franz Kafka|pm-cue|5.0|
21:30|nine-thirty|The other is: 'Inspector Stanley Hopkins, 46 Lord Street, Brixton. Come breakfast to-morrow at nine-thirty.|The Return of Sherlock Holmes|Arthur Conan Doyle|pm-cue|3.0|
21:30|nine-thirty|We shall have some cold supper before we start. It is now nine-thirty.|The Return of Sherlock Holmes|Arthur Conan Doyle|pm-cue|3.0|
21:30|9:30|The goods leave by the train at 9:30 to-night, and will be due at King's Cross at 4:30 to-morrow afternoon.|Dracula|Bram Stoker|pm-cue|3.0|
21:30|half past nine|"My word, the evening has gone quickly. I thought it wasn't more than half past nine."|Of Human Bondage|W. Somerset Maugham|pm-cue|3.0|
21:40|twenty minutes to ten|It still wanted twenty minutes to ten when the warden found himself at the bottom of Sir Abraham's stairs, so he walked leisurely up and down the quiet inn to cool himself.|The Warden|Anthony Trollope|pm-cue|5.0|
21:45|a quarter to ten|It was a quarter to ten before we reached London Bridge, and half past before the four of us alighted on the Beckenham platform.|The Memoirs of Sherlock Holmes|Arthur Conan Doyle|pm-cue|5.0|
21:45|quarter to ten|"£10 Reward. - The number of the cab which dropped a fare at or about the door of the Foreign Office in Charles Street at quarter to ten in the evening of May 23rd.|The Memoirs of Sherlock Holmes|Arthur Conan Doyle|evening|5.0|
21:50|ten minutes to ten|She warned him repeatedly. At ten minutes to ten she said persuasively:|The Old Wives' Tale|Arnold Bennett|pm-cue|2.5|
21:55|five minutes before ten|When Joe went home at five minutes before ten, he found her struck down on the floor, and promptly called in assistance.|Great Expectations|Charles Dickens|pm-cue|5.0|
21:59|one of ten|I knew enough of Mr. Micawber by this time, to foresee that he might be expected to recover the blow; but my night's rest was sorely distressed by thoughts of Traddles, and of the curate's daughter, who was one of ten, down in Devonshire, and who was such a dear girl, and who would wait for Traddles (ominous praise!) until she was sixty, or any age that could be mentioned.|David Copperfield|Charles Dickens|pm-cue|3.0|
22:00|ten o'clock in the evening|This was a neat and happy turn to give the subject, treats being rare in the Wilfer household, where a monotonous appearance of Dutch-cheese at ten o'clock in the evening had been rather frequently commented on by the dimpled shoulders of Miss Bella.|Our Mutual Friend|Charles Dickens|evening|7.0|
22:00|ten o'clock in the evening|Marius waited all day, then went and did sentinel duty under their windows. This carried him on to ten o'clock in the evening.|Les Misérables|Victor Hugo|evening|7.0|
22:00|ten o'clock in the evening|Alas, he was a very sorry guest and, leaving his brother early, found himself, by ten o'clock in the evening, in a cab, behind the Longchamp race-course.|The Phantom of the Opera|Gaston Leroux|evening|7.0|
22:00|ten o'clock in the evening|Kovrin arrived at Pesotsky's at ten o'clock in the evening. He found Tanya and her father, Yegor Semyonitch, in great anxiety.|The Lady with the Dog and Other Stories|Anton Pavlovich Chekhov|evening|7.0|
22:00|ten o'clock at night|It was ten o'clock at night before we ventured to creep in again, and then she asked Joe why he hadn't married a Negress Slave at once?|Great Expectations|Charles Dickens|pm-cue|5.5|
22:00|ten o'clock|'Why,' replied Mr. Trotter, 'my master and I, being in the confidence of the two servants, will be secreted in the kitchen at ten o'clock.|The Pickwick Papers|Charles Dickens|pm-cue|5.5|
22:00|ten o'clock|The man came back, in great haste, bringing the coachman with him, who said he had been at home and in bed, since ten o'clock.|Dombey and Son|Charles Dickens|pm-cue|5.5|
22:00|ten o'clock|The next day, at ten o'clock, Tom was on his way to St Ogg's, to see his uncle Deane, who was to come home last night, his aunt had said; and Tom had made up his mind that his uncle Deane was the right person to ask for advice about getting some employment.|The Mill on the Floss|George Eliot|pm-cue|5.5|
22:00|ten o'clock|I expected to see him start, but he did not, and then it came to be ten o'clock, when he said, 'You had better go to bed.'|The Return of the Native|Thomas Hardy|pm-cue|5.5|
22:00|ten o'clock|He came home late - at ten o'clock, at midnight sometimes. Then he asked for something to eat, and as the servant had gone to bed, Emma waited on him.|Madame Bovary|Gustave Flaubert|pm-cue|5.5|
22:00|ten o'clock|Towards ten o'clock, when she usually said good-night to her son, and often before going to a ball put him to bed herself, she felt depressed at being so far from him; and whatever she was talking about, she kept coming back in thought to her curly-headed Seryozha.|Anna Karenina|graf Leo Tolstoy|pm-cue|5.5|
22:00|ten o'clock|No one wanted to go to bed when at ten o'clock Mrs. March put by the last finished job, and said, "Come girls."|Little Women|Louisa May Alcott|pm-cue|5.5|
22:00|ten o'clock at night|George and I towed up past the Home Park, which stretches along the right bank from Albert to Victoria Bridge; and as we were passing Datchet, George asked me if I remembered our first trip up the river, and when we landed at Datchet at ten o'clock at night, and wanted to go to bed.|Three men in a boat (to say nothing of the dog)|Jerome K. Jerome|pm-cue|5.5|
22:00|ten o'clock at night|It was ten o'clock at night when he stood before the prison of La Force, where she had stood hundreds of times.|A Tale of Two Cities|Charles Dickens|pm-cue|5.0|
22:00|ten o'clock|'Janet, hire the grey pony and chaise tomorrow morning at ten o'clock, and pack up Master Trotwood's clothes tonight.'|David Copperfield|Charles Dickens|pm-cue|5.0|
22:00|ten o'clock at night|When we came home we found that a young man had called three times in the course of that one day to see me and that having been told on the occasion of his third call that I was not expected to return before ten o'clock at night, he had left word that he would call about then.|Bleak House|Charles Dickens|pm-cue|5.0|
22:00|ten o'clock at night|The large man was always home precisely at ten o'clock at night, at which hour he regularly condensed himself into the limits of a dwarfish French bedstead in the back parlour; and the infantine sports and gymnastic exercises of Master Bardell were exclusively confined to the neighbouring pavements and gutters.|The Pickwick Papers|Charles Dickens|pm-cue|5.0|
22:00|ten o'clock|The day wore on, evening came, and at a little before ten o'clock Sam Weller reported that Mr. Jingle and Job had gone out together, that their luggage was packed up, and that they had ordered a chaise.|The Pickwick Papers|Charles Dickens|pm-cue|5.0|
22:00|struck ten|Mr. Lowten had still to be ferreted out from the back parlour of the Magpie and Stump; and Job had scarcely accomplished this object, and communicated Sam Weller's message, when the clock struck ten.|The Pickwick Papers|Charles Dickens|pm-cue|5.0|
22:00|ten o'clock|It was almost ten o'clock when they stopped within view of Wilfer Castle; and then, the spot being quiet and deserted, Bella began a series of disappearances which threatened to last all night.|Our Mutual Friend|Charles Dickens|pm-cue|5.0|
22:00|ten o'clock at night|There is a general delusion likewise, in these lower regions, on the subject of time; everybody conceiving that it ought to be, at the earliest, ten o'clock at night, whereas it is not yet three in the afternoon.|Dombey and Son|Charles Dickens|pm-cue|5.0|
22:00|ten o'clock at night|It was ten o'clock at night before the amiable Sally supported her beloved and loving brother from the Wilderness, by which time he needed the utmost support her tender frame could render; his walk being from some unknown reason anything but steady, and his legs constantly doubling up in unexpected places.|The Old Curiosity Shop|Charles Dickens|pm-cue|5.0|
22:00|ten o'clock|By ten o'clock, when the shops were closed, the by-street was very solitary and, in spite of the low growl of London from all round, very silent.|The strange case of Dr. Jekyll and Mr. Hyde|Robert Louis Stevenson|pm-cue|5.0|
22:00|ten o'clock|The shutting of the gates regularly at ten o'clock and the impossibility of remaining on the lake after that hour had rendered our residence within the walls of Geneva very irksome to me.|Frankenstein; or, the modern prometheus|Mary Wollstonecraft Shelley|pm-cue|5.0|
22:00|ten o'clock|Soon after ten o'clock I heard him come up again, but he passed my door and went straight to his own dressing-room, where he shut himself in for the night.|The Tenant of Wildfell Hall|Anne Brontë|pm-cue|5.0|
22:00|ten o'clock|At ten o'clock supper was brought in (such were the customs of Middlemarch) and there was punch-drinking; but Mr. Farebrother had only a glass of water.|Middlemarch|George Eliot|pm-cue|5.0|
22:00|ten o'clock|It is ten o'clock on Thursday night, and the dark wall opposite the window shuts out the moonlight that might have struggled with the light of the one dip candle by which Bartle Massey is pretending to read, while he is really looking over his spectacles at Adam Bede, seated near the dark window.|Adam Bede|George Eliot|pm-cue|5.0|
22:00|struck ten|She plunged into the chilly equinoctial darkness as the clock struck ten, for her fifteen miles' walk under the steely stars.|Tess of the d'Urbervilles: A Pure Woman|Thomas Hardy|pm-cue|5.0|
22:00|struck ten|He had recovered from his fatigue; his sleep and the coffee had refreshed him, and he was surprised to find that he was absolutely enjoying himself, when the inn clock struck ten.|The Warden|Anthony Trollope|pm-cue|5.0|
22:00|ten o'clock at night|At ten o'clock at night the train stopped at Fort Bridger station, and twenty minutes later entered Wyoming Territory, following the valley of Bitter Creek throughout.|Around the World in Eighty Days|Jules Verne|pm-cue|5.0|
22:00|ten o'clock in the evening|It soon disappeared in the gloom. At ten o'clock in the evening the sky was on fire.|Twenty Thousand Leagues under the Sea|Jules Verne|evening|5.0|
22:00|ten o'clock in the evening|At ten o'clock in the evening, it is well known, the streets in provincial towns are very little frequented.|The three musketeers|Alexandre Dumas|evening|5.0|
22:00|struck ten|After ten minutes' expectation the clock struck ten; at the fifth stroke the door opened and Lord Wilmore appeared.|The Count of Monte Cristo|Alexandre Dumas|pm-cue|5.0|
22:00|ten o'clock at night|It was ten o'clock at night; the branches of the great trees in the garden of the count's house stood out boldly against the azure canopy of heaven, which was studded with golden stars, but where the last fleeting clouds of a vanishing storm yet lingered.|The Count of Monte Cristo|Alexandre Dumas|pm-cue|5.0|
22:00|ten o'clock at night|"Undoubtedly; - at ten o'clock at night his horses took him to the barrier of Charenton; there a post-chaise was waiting for him - he entered it with his valet de chambre, saying that he was going to Fontainebleau."|The Count of Monte Cristo|Alexandre Dumas|pm-cue|5.0|
22:00|ten o'clock|Not a shop, not a vehicle, hardly a candle lighted here and there in the windows; all lights extinguished after ten o'clock.|Les Misérables|Victor Hugo|pm-cue|5.0|
22:00|ten o'clock at night|It could not be her father, he was absent; it could not be Toussaint, she was in bed, and it was ten o'clock at night.|Les Misérables|Victor Hugo|pm-cue|5.0|
22:00|ten o'clock|As he always went to bed at ten o'clock, Marius did not come to the garden on such occasions until after that hour, when, from the street, he heard Cosette open the long glass door on the veranda.|Les Misérables|Victor Hugo|pm-cue|5.0|
22:00|ten o'clock|At ten o'clock Levin, weary, hungry, and happy after a tramp of twenty miles, returned to his night's lodging with nineteen head of fine game and one duck, which he tied to his belt, as it would not go into the game bag.|Anna Karenina|graf Leo Tolstoy|pm-cue|5.0|
22:00|ten o'clock|Next day at ten o'clock Levin, who had already gone his rounds, knocked at the room where Vassenka had been put for the night.|Anna Karenina|graf Leo Tolstoy|pm-cue|5.0|
22:00|ten o'clock|Nastasia Philipovna, who loved originality and drollery of all kinds, was apparently very fond of this old man, and rang the bell for more tea to stop his coughing. It was now half-past ten o'clock.|The Idiot|Fyodor Dostoyevsky|pm-cue|5.0|
22:00|ten o'clock|"A strange fellow, this Tientietnikov!" thought Chichikov, and then added aloud: "Yes, I will go and see him at ten o'clock to-morrow; but since my britchka is not yet altogether in travelling order, would you be so good as to lend me your koliaska for the purpose?"|Dead Souls|Nikolai Vasilevich Gogol|pm-cue|5.0|
22:00|ten o'clock|Well, next day they found out the nigger was gone; they found out he hadn't ben seen sence ten o'clock the night the murder was done.|Adventures of Huckleberry Finn|Mark Twain|pm-cue|5.0|
22:00|ten o'clock|Every night now I used to slip ashore towards ten o'clock at some little village, and buy ten or fifteen cents' worth of meal or bacon or other stuff to eat; and sometimes I lifted a chicken that warn't roosting comfortable, and took him along.|Adventures of Huckleberry Finn|Mark Twain|pm-cue|5.0|
22:00|ten o'clock|About half-past nine or ten o'clock he came along the deserted street to where the Adored Unknown lived; he paused a moment; no sound fell upon his listening ear; a candle was casting a dull glow upon the curtain of a second-story window.|The Adventures of Tom Sawyer, Complete|Mark Twain|pm-cue|5.0|
22:00|ten o'clock|Shortly before ten o'clock he came out into an open place opposite the village, and saw the ferryboat lying in the shadow of the trees and the high bank.|The Adventures of Tom Sawyer, Complete|Mark Twain|pm-cue|5.0|
22:00|Ten o'clock|Ten o'clock came, and the noise of vehicles ceased, scattered lights began to wink out, all straggling foot-passengers disappeared, the village betook itself to its slumbers and left the small watcher alone with the silence and the ghosts.|The Adventures of Tom Sawyer, Complete|Mark Twain|pm-cue|5.0|
22:00|ten o'clock|Ah! the watch has at last ceased to tick; for the Judge's forgetful fingers neglected to wind it up, as usual, at ten o'clock, being half an hour or so before his ordinary bedtime, - and it has run down, for the first time in five years.|The House of the Seven Gables|Nathaniel Hawthorne|pm-cue|5.0|
22:00|ten o'clock|Mr. Pontellier left his home in the mornings between nine and ten o'clock, and rarely returned before half-past six or seven in the evening - dinner being served at half-past seven.|The Awakening, and Selected Short Stories|Kate Chopin|pm-cue|5.0|
22:00|ten o'clock|He and Heise had returned to Polk Street towards ten o'clock, and Heise at once suggested a couple of drinks at Frenna's.|McTeague: A Story of San Francisco|Frank Norris|pm-cue|5.0|
22:00|ten o'clock|When Mrs. Vanni gave the signal, and the harp struck up 'Home, Sweet Home,' all Black Hawk knew it was ten o'clock.|My Ántonia|Willa Cather|pm-cue|5.0|
22:00|ten o'clock|Babbitt found himself explaining to Carrie or Fulton Bemis just what he had been doing that he should not have joined them till ten o'clock, and apologizing for having gone to dinner with a business acquaintance.|Babbitt|Sinclair Lewis|pm-cue|5.0|
22:00|ten o'clock at night|The bareness of Mrs. Pearce's front room was fully displayed at ten o'clock at night when a powerful oil lamp stood on the middle of the table.|Jacob's Room|Virginia Woolf|pm-cue|5.0|
22:00|struck ten|Mr. Carey continued to read one of his old books, but as the clock struck ten he got up, put out the lamps, and followed his wife to bed.|Of Human Bondage|W. Somerset Maugham|pm-cue|5.0|
22:00|ten o'clock|He used to leave her at ten o'clock every night, for she liked to go to bed early, and he was obliged to put in another couple of hours' work to make up for the lost evening.|Of Human Bondage|W. Somerset Maugham|pm-cue|5.0|
22:00|ten o'clock|Philip did not leave the Athelnys' till ten o'clock. The children came in to say good-night at eight and quite naturally put up their faces for Philip to kiss.|Of Human Bondage|W. Somerset Maugham|pm-cue|5.0|
22:00|ten o'clock|It was a great comfort, since he had read nothing but medical books for the last few months. At ten o'clock Doctor South came in and looked at him.|Of Human Bondage|W. Somerset Maugham|pm-cue|5.0|
22:00|ten o'clock at night|Then one surprising day the old window was removed by the carpenter's two journeymen, and late in the afternoon the carpenter brought the new window, and the three men worked till ten o'clock at night, fixing it.|The Old Wives' Tale|Arnold Bennett|pm-cue|5.0|
22:00|ten o'clock|He came straight home from the pit, and stayed in at evening till Friday, and then he could not remain at home. But he was back again by ten o'clock, almost quite sober.|Sons and Lovers|D. H. Lawrence|pm-cue|5.0|
22:00|ten o'clock|They continued the reading till ten o'clock, when they went into the kitchen, and Paul was natural and jolly again with the father and mother.|Sons and Lovers|D. H. Lawrence|pm-cue|5.0|
22:00|ten o'clock at night|So at ten o'clock at night the door closed upon Florence, who had gently, and, as if reluctantly, backed up that fellow's recommendations; and she would wish me good night as if she were a cinquecento Italian lady saying good-bye to her lover.|The Good Soldier|Ford Madox Ford|pm-cue|5.0|
22:00|ten o'clock|At ten o'clock we went down to supper, and from the way Gowing and Cummings ate you would have thought they had not had a meal for a month.|The Diary of a Nobody|George Grossmith|pm-cue|5.0|
22:00|ten o'clock|Then would come up the memory of a fresh position; the wall slid away in another direction; I was in my room in Mme. de Saint-Loup's house in the country; good heavens, it must be ten o'clock, they will have finished dinner!|Swann's Way|Marcel Proust|pm-cue|5.0|
22:00|ten o'clock|It must have been not less than ten o'clock by the crocodile, when he suddenly sat up in his bed, wakened by he knew not what.|Peter Pan|J. M. Barrie|pm-cue|5.0|
22:00|ten o'clock at night|Though it was past ten o'clock at night, the sky still clung to and retained some lingering skirts of light from the departed day; and the sullen heats of the torrid afternoon broke up and rolled away at the dispersing touch of the cool fingers of the short midsummer night.|The Wind in the Willows|Kenneth Grahame|pm-cue|5.0|
22:00|ten o'clock in the evening|Towards ten o'clock in the evening, one of the two or three persons who passed through the Rue Plumet, an old, belated bourgeois who was making haste to escape from this deserted spot of evil repute, as he skirted the garden railings and reached the angle which it made with the wall, heard a dull and threatening voice saying: -|Les Misérables|Victor Hugo|evening|4.0|
22:00|ten o'clock|Mr. Irwine returned from Stoniton in a post-chaise that night, and the first words Carroll said to him, as he entered the house, were, that Squire Donnithorne was dead - found dead in his bed at ten o'clock that morning - and that Mrs. Irwine desired him to say she should be awake when Mr. Irwine came home, and she begged him not to go to bed without seeing her.|Adam Bede|George Eliot|pm-cue|3.5|
22:00|ten o'clock|"Thank you," said the other. "We will say ten o'clock then?"|The Secret Adversary|Agatha Christie|pm-cue|3.5|
22:00|strike ten|It was by this time dark; I heard the clocks strike ten, as I sat resting.|David Copperfield|Charles Dickens|pm-cue|3.0|
22:00|strike ten|Before the last clock begins to strike ten, there is a lull.|Bleak House|Charles Dickens|pm-cue|3.0|
22:00|ten o'clock|"George," returns Mr. Bucket, keeping his forefinger going, "it is certainly possible, because it's the case. This deed was done last night at ten o'clock.|Bleak House|Charles Dickens|pm-cue|3.0|
22:00|ten o'clock|"I have been sitting with him since ten o'clock last night."|Bleak House|Charles Dickens|pm-cue|3.0|
22:00|ten o'clock at night|To get through them with the greater dispatch, Tim Linkinwater proposed that they should remain at the counting-house, for a week or so, until ten o'clock at night; to this, as nothing damped the zeal of Nicholas in the service of his kind patrons - not even romance, which has seldom business habits - he cheerfully assented.|Nicholas Nickleby|Charles Dickens|pm-cue|3.0|
22:00|ten o'clock at night|Left his lodgings at ten o'clock at night, and has not been heard of since.|The Adventures of Sherlock Holmes|Arthur Conan Doyle|pm-cue|3.0|
22:00|ten o'clock|At ten o'clock tomorrow, Dr. Mortimer, I will be much obliged to you if you will call upon me here, and it will be of help to me in my plans for the future if you will bring Sir Henry Baskerville with you."|The Hound of the Baskervilles|Arthur Conan Doyle|pm-cue|3.0|
22:00|Ten o'clock|Ten o'clock passed, and I heard the footsteps of the maid as they pattered off to bed.|A Study in Scarlet|Arthur Conan Doyle|pm-cue|3.0|
22:00|ten o'clock|At ten o'clock the same night I started off upon my journey.|The Memoirs of Sherlock Holmes|Arthur Conan Doyle|pm-cue|3.0|
22:00|ten o'clock|At ten o'clock to-morrow, Dr. Mortimer, I will be much obliged to you if you will call upon me here, and it will be of help to me in my plans for the future if you will bring Sir Henry Baskerville with you."|The Hound of the Baskervilles|Arthur Conan Doyle|pm-cue|3.0|
22:00|ten o'clock at night|Besides, in peaceful Cornwall, visitors did not arrive after ten o'clock at night.|His last bow|Arthur Conan Doyle|pm-cue|3.0|
22:00|ten o'clock at night|It was necessary to choose some less untoward hour than ten o'clock at night.|The Return of the Native|Thomas Hardy|pm-cue|3.0|
22:00|ten o'clock|At ten o'clock she kissed her father's head and went to bed.|The Way We Live Now|Anthony Trollope|pm-cue|3.0|
22:00|ten o'clock|Night came, and at ten o'clock they anchored. La Jeune Amélie was first at the rendezvous.|The Count of Monte Cristo|Alexandre Dumas|pm-cue|3.0|
22:00|ten o'clock|Nastasya, coming into his room at ten o'clock the next morning, had difficulty in rousing him.|Crime and Punishment|Fyodor Dostoyevsky|pm-cue|3.0|
22:00|ten o'clock|He spent that evening till ten o'clock going from one low haunt to another.|Crime and Punishment|Fyodor Dostoyevsky|pm-cue|3.0|
22:00|ten o'clock|The young ladies used to have a cup of coffee each before this meal, at ten o'clock, while still in bed.|The Idiot|Fyodor Dostoyevsky|pm-cue|3.0|
22:00|ten o'clock|The prince was to come back at ten o'clock and meet her, to hear her news and arrange plans for the morrow.|The Idiot|Fyodor Dostoyevsky|pm-cue|3.0|
22:00|strike ten|When it seemed to him that it must be nearly daylight, he heard the clock strike ten!|The Adventures of Tom Sawyer, Complete|Mark Twain|pm-cue|3.0|
22:00|ten o'clock|He rushed from house to house till after bedtime - ten o'clock.|Main Street|Sinclair Lewis|pm-cue|3.0|
22:00|ten o'clock|"And now thou must lie by quietly this day, and tonight, at ten o'clock, Phineas Fletcher will carry thee onward to the next stand, - thee and the rest of thy company.|Uncle Tom's Cabin|Harriet Beecher Stowe|pm-cue|3.0|
22:00|Ten o'clock|"Ten o'clock," she remarked, apparently finding the time on the ceiling.|The Great Gatsby|F. Scott Fitzgerald|pm-cue|3.0|
22:00|Ten o'clock|Ten o'clock bumped stuffily into eleven; the hours clogged and caught and slowed down.|The Beautiful and Damned|F. Scott Fitzgerald|pm-cue|3.0|
22:00|ten o'clock|If ten o'clock is suited to you I will meet you there at that time.|The Beautiful and Damned|F. Scott Fitzgerald|pm-cue|3.0|
22:00|ten o'clock|The Athelnys went to bed early, and he could not stay where he was after ten o'clock.|Of Human Bondage|W. Somerset Maugham|pm-cue|3.0|
22:00|ten o'clock|She went up to her room, and sat in the dark. At ten o'clock she rang for her maid.|The Forsyte saga, Volume 1|John Galsworthy|pm-cue|3.0|
22:00|ten o'clock|On Monday and Tuesday he had to get up and reluctantly leave towards ten o'clock.|Sons and Lovers|D. H. Lawrence|pm-cue|3.0|
22:00|ten o'clock|Leonora had cultivated the habit of going to bed at ten o'clock.|The Good Soldier|Ford Madox Ford|pm-cue|3.0|
22:00|ten o'clock|Every hour after ten o'clock to-morrow morning is an hour of risk.|The Amateur Cracksman|E. W. Hornung|pm-cue|3.0|
22:00|ten o'clock|At ten o'clock hope deserted him, and he flung himself on the bed to seek consolation in sleep.|The Secret Adversary|Agatha Christie|pm-cue|3.0|
22:05|10.05 p.m|It got shut up finally at 10.05 p.m., and then there remained the hampers to do.|Three men in a boat (to say nothing of the dog)|Jerome K. Jerome|explicit|3.0|
22:17|10.17 p.m|The bare bones of the tale were all that was in the book - these, and one queer phrase which occurred half a dozen times inside brackets. ("Thirty-nine steps") was the phrase; and at its last time of use it ran - ("Thirty-nine steps, I counted them - high tide 10.17 p.m.").|The Thirty-Nine Steps|John Buchan|explicit|5.0|
22:17|10.17 p.m|(1) Place where there are several sets of stairs; one that matters distinguished by having thirty-nine steps. (2) Full tide at 10.17 p.m.|The Thirty-Nine Steps|John Buchan|explicit|5.0|
22:17|10.17|Leaving shore only possible at full tide. (3) Steps not dock steps, and so place probably not harbour. (4) No regular night steamer at 10.17.|The Thirty-Nine Steps|John Buchan|pm-cue|5.0|
22:17|10.17 p.m|"Thirty-nine steps," I read, and again, "Thirty-nine steps - I counted them - High tide, 10.17 p.m."|The Thirty-Nine Steps|John Buchan|explicit|3.0|
22:17|10.17 p.m|There was no boat which left for the Continent at 10.17 p.m.|The Thirty-Nine Steps|John Buchan|explicit|3.0|
22:27|10.27 p.m|I tore open the Tide Tables and found Bradgate. High tide there was at 10.27 p.m. on the 15th of June.|The Thirty-Nine Steps|John Buchan|explicit|3.0|
22:30|half past ten|I left my card, in charge of the porter at the chambers, with a line written on it to say that I should be at my lodgings at half past ten, that night.|The Moonstone|Wilkie Collins|pm-cue|5.0|
22:30|half past ten|Precious time has been lost, sir, through your unfortunately not being at home at half past ten last night.|The Moonstone|Wilkie Collins|pm-cue|3.0|
22:30|half past ten|At length, however, we went on board, and at half past ten were steaming down the Great Belt.|A Journey to the Centre of the Earth|Jules Verne|pm-cue|3.0|
22:45|a quarter to eleven|At a quarter to eleven Mrs. Morel was heard raking the fire.|Sons and Lovers|D. H. Lawrence|pm-cue|3.0|
22:50|ten minutes to eleven|At ten minutes to eleven in the evening, the electric light reappeared three miles to windward of the frigate, as pure, as intense as during the preceding night.|Twenty Thousand Leagues under the Sea|Jules Verne|evening|7.0|
23:00|eleven o'clock in the evening|In the council, held at eleven o'clock in the evening in Jim's dining-room, she backed up Waris's advice for immediate and vigorous action.|Lord Jim|Joseph Conrad|evening|7.0|
23:00|eleven o'clock|After these and all possible questions had been asked and answered twenty times over, they parted, undertaking to meet on the following night at half-past ten, for the purpose of fulfilling the appointment; which was for eleven o'clock.|Nicholas Nickleby|Charles Dickens|pm-cue|5.5|
23:00|eleven o'clock|As I shrank away from such a visitor, he came forward and seized my candle. "No candles after eleven o'clock, Miss Becky," said he.|Vanity Fair|William Makepeace Thackeray|pm-cue|5.5|
23:00|struck eleven|As the brilliant light of the lamp which burnt before its door, guided her to the spot, the clock struck eleven.|Oliver Twist|Charles Dickens|pm-cue|5.0|
23:00|eleven o'clock|It was late before we separated, for when Ada was going at eleven o'clock, Mr. Skimpole went to the piano and rattled hilariously that the best of all ways to lengthen our days was to steal a few hours from night, my dear!|Bleak House|Charles Dickens|pm-cue|5.0|
23:00|eleven o'clock|"Why, good gracious, gentlemen," says Mr. Snagsby, somewhat promptly backed away, "I was at this door last night betwixt ten and eleven o'clock in conversation with the young man who lodges here."|Bleak House|Charles Dickens|pm-cue|5.0|
23:00|eleven o'clock|It was past eleven o'clock - a late hour for the little village of Cobham - when Mr. Pickwick retired to the bedroom which had been prepared for his reception.|The Pickwick Papers|Charles Dickens|pm-cue|5.0|
23:00|eleven o'clock|Whenever such opportunities as these occurred, it was Squeers's custom to drive over to the market town, every evening, on pretence of urgent business, and stop till ten or eleven o'clock at a tavern he much affected.|Nicholas Nickleby|Charles Dickens|pm-cue|5.0|
23:00|eleven o'clock at night|All these proceedings occupied so long that it struck eleven o'clock at night as he came out at the Hospital Gate.|Little Dorrit|Charles Dickens|pm-cue|5.0|
23:00|eleven o'clock|I repeat, then, that the occurrence was immediately after his departure, and not later than eleven o'clock last night.|His last bow|Arthur Conan Doyle|pm-cue|5.0|
23:00|eleven o'clock|This was corroborated by his landlord, who had received by messenger the key of the house together with the rent due, in English money. This had been between ten and eleven o'clock last night.|Dracula|Bram Stoker|pm-cue|5.0|
23:00|eleven o'clock|It was eleven o'clock, and I announced my intention of going in and waiting for him; at which he immediately flung down his tools and accompanied me, in the office of watchdog, not as a substitute for the host.|Wuthering Heights|Emily Brontë|pm-cue|5.0|
23:00|struck eleven|The clock struck eleven. I looked at Adèle, whose head leant against my shoulder; her eyes were waxing heavy, so I took her up in my arms and carried her off to bed.|Jane Eyre: An Autobiography|Charlotte Brontë|pm-cue|5.0|
23:00|eleven o'clock|Soon after eleven o'clock - a very late hour in the Rue Fossette - the door unclosed, quietly but not stealthily; a lamp's flame invaded the moonlight; Madame Beck entered, with the same composed air, as if coming on an ordinary occasion, at an ordinary season.|Villette|Charlotte Brontë|pm-cue|5.0|
23:00|Eleven o'clock|"I ne'er sot up so i' my life, not to say as it warna a marr'in', or a christenin', or a wake, or th' harvest supper. Eleven o'clock's late."|Adam Bede|George Eliot|pm-cue|5.0|
23:00|eleven o'clock|At eleven o'clock that night, having secured a bed at one of the hotels and telegraphed his address to his father immediately on his arrival, he walked out into the streets of Sandbourne.|Tess of the d'Urbervilles: A Pure Woman|Thomas Hardy|pm-cue|5.0|
23:00|eleven o'clock|Laban departed as directed, and at eleven o'clock that night several of the villagers strolled along the road to Casterbridge and awaited his arrival - among them Oak, and nearly all the rest of Bathsheba's men.|Far from the Madding Crowd|Thomas Hardy|pm-cue|5.0|
23:00|eleven o'clock|Between ten and eleven o'clock, finding that neither Fairway nor anybody else came to him, he retired to rest, and despite his anxieties soon fell asleep.|The Return of the Native|Thomas Hardy|pm-cue|5.0|
23:00|eleven o'clock|At eleven o'clock, I rang the bell for Betteredge, and told Mr. Blake that he might at last prepare himself for bed.|The Moonstone|Wilkie Collins|pm-cue|5.0|
23:00|eleven o'clock|Let circumstances only favour us, and by ten or eleven o'clock we shall have landed on some spot of terra firma, alive or dead.|Twenty Thousand Leagues under the Sea|Jules Verne|pm-cue|5.0|
23:00|eleven o'clock at night|The electricians on board resolved to cut the cable before fishing it up, and at eleven o'clock at night they had recovered the damaged part.|Twenty Thousand Leagues under the Sea|Jules Verne|pm-cue|5.0|
23:00|strike eleven|Thereupon the cardinal, hearing the clock strike eleven, bowed low, asking permission of the king to retire, and supplicating him to come to a good understanding with the queen.|The three musketeers|Alexandre Dumas|pm-cue|5.0|
23:00|eleven o'clock|It was dark, but at eleven o'clock the moon rose in the midst of the ocean, whose every wave she silvered, and then, "ascending high," played in floods of pale light on the rocky hills of this second Pelion.|The Count of Monte Cristo|Alexandre Dumas|pm-cue|5.0|
23:00|eleven o'clock|By a chance, which added yet more to the intensity of the darkness, the moon, which was on the wane, did not rise until eleven o'clock, and the streets which the young man traversed were plunged in the deepest obscurity.|The Count of Monte Cristo|Alexandre Dumas|pm-cue|5.0|
23:00|eleven o'clock|At eleven o'clock Albert had not come back. Franz dressed himself, and went out, telling his host that he was going to pass the night at the Duke of Bracciano's.|The Count of Monte Cristo|Alexandre Dumas|pm-cue|5.0|
23:00|eleven o'clock|A nurse of the doctor's choice succeeded them, and never left till about ten or eleven o'clock, when Valentine was asleep.|The Count of Monte Cristo|Alexandre Dumas|pm-cue|5.0|
23:00|eleven o'clock|When at eleven o'clock Charles came back from the chemist's shop, whither he had gone after dinner to return the remainder of the sticking-plaster, he found his wife standing by the cradle.|Madame Bovary|Gustave Flaubert|pm-cue|5.0|
23:00|eleven o'clock in the evening|The monster had given her until eleven o'clock in the evening.|The Phantom of the Opera|Gaston Leroux|evening|5.0|
23:00|eleven o'clock|After reading a little more of the book on Egyptian hieroglyphics, and renewing his interest in it, Alexey Alexandrovitch went to bed at eleven o'clock, and recollecting as he lay in bed the incident with his wife, he saw it now in by no means such a gloomy light.|Anna Karenina|graf Leo Tolstoy|pm-cue|5.0|
23:00|eleven o'clock|As for your request, have no uneasiness, write just as I told you, or, better still, come to me there yourself in a day or two... to-morrow, indeed. I shall be there at eleven o'clock for certain.|Crime and Punishment|Fyodor Dostoyevsky|pm-cue|5.0|
23:00|eleven o'clock at night|It is, of course, perfectly evident that there was even more likelihood of causing scandal by going at eleven o'clock at night to a fashionable lady, a complete stranger, and perhaps rousing her from her bed to ask her an amazing question, than by going to Fyodor Pavlovitch.|The Brothers Karamazov|Fyodor Dostoyevsky|pm-cue|5.0|
23:00|striking eleven|Tea was served at once; Lebedeff had no doubt ordered it for himself and his family before the others arrived. It was striking eleven.|The Idiot|Fyodor Dostoyevsky|pm-cue|5.0|
23:00|eleven o'clock|Besides, I had felt ill since the morning; and by evening I was so weak that I took to my bed, and was in high fever at intervals, and even delirious. Colia sat with me until eleven o'clock.|The Idiot|Fyodor Dostoyevsky|pm-cue|5.0|
23:00|chimed eleven|At last he was satisfied that time had ceased and eternity begun; he began to doze, in spite of himself; the clock chimed eleven, but he did not hear it.|The Adventures of Tom Sawyer, Complete|Mark Twain|pm-cue|5.0|
23:00|eleven o'clock at night|The ice cream was delicious, Marilla, and it was so lovely and dissipated to be sitting there eating it at eleven o'clock at night.|Anne of Green Gables|L. M. Montgomery|pm-cue|5.0|
23:00|eleven o'clock at night|It's nice to be eating ice cream at brilliant restaurants at eleven o'clock at night once in a while; but as a regular thing I'd rather be in the east gable at eleven, sound asleep, but kind of knowing even in my sleep that the stars were shining outside and that the wind was blowing in the firs across the brook.|Anne of Green Gables|L. M. Montgomery|pm-cue|5.0|
23:00|eleven o'clock|At eleven o'clock of another evening, perhaps two weeks later, he was at the midnight offering of a loaf - waiting patiently.|Sister Carrie: A Novel|Theodore Dreiser|pm-cue|5.0|
23:00|eleven o'clock|They looked at the night, which was the same as the London night, only a good deal more transparent. Church bells down in the town were striking eleven o'clock.|Jacob's Room|Virginia Woolf|pm-cue|5.0|
23:00|eleven o'clock|It seemed to be the middle of the night when Dr. Stirling came back, but it was barely eleven o'clock, and people were only just returning from Hanbridge Theatre and Hanbridge Music Hall.|The Old Wives' Tale|Arnold Bennett|pm-cue|5.0|
23:00|eleven o'clock|He was careful not to allude to the subject again till, towards eleven o'clock, having, in his poetic phraseology, "looked upon the drink when it was yellow," he drew aside the blind, and gazed out into the street.|The Forsyte saga, Volume 1|John Galsworthy|pm-cue|5.0|
23:00|eleven o'clock|As young Mutlar showed no inclination to go, and it was approaching eleven o'clock, as a hint I reminded Lupin that he had to be up early to-morrow.|The Diary of a Nobody|George Grossmith|pm-cue|5.0|
23:00|eleven o'clock|It was months since we had met, and, as I saw him off towards eleven o'clock that Sunday night, I fancied it was for more months that we were saying good-by.|The Amateur Cracksman|E. W. Hornung|pm-cue|5.0|
23:00|eleven o'clock|"Aye, eleven o'clock's late - it's late," said old Martin. "I ne'er sot up so i' my life, not to say as it warna a marr'in', or a christenin', or a wake, or th' harvest supper.|Adam Bede|George Eliot|pm-cue|3.5|
23:00|eleven o'clock|His loss was not now what it had been while the General was at home; it lessened their gaiety, but did not ruin their comfort; and the two girls agreeing in occupation, and improving in intimacy, found themselves so well sufficient for the time to themselves, that it was eleven o'clock, rather a late hour at the abbey, before they quitted the supper-room on the day of Henry's departure.|Northanger Abbey|Jane Austen|pm-cue|3.0|
23:00|eleven o'clock|And thus it came to pass, that John Browdie declared, in the parlour after supper, to wit, and twenty minutes before eleven o'clock p.m., that he had never been so happy in all his days.|Nicholas Nickleby|Charles Dickens|pm-cue|3.0|
23:00|eleven o'clock|And now I think that a few hours' sleep would do us all good, for I do not propose to leave before eleven o'clock, and it is unlikely that we shall be back before morning.|The Return of Sherlock Holmes|Arthur Conan Doyle|pm-cue|3.0|
23:00|eleven o'clock|But as it was not eleven o'clock, he chose to walk in the brisk air towards the tower of St. Botolph's, Mr. Farebrother's church, which stood out dark, square, and massive against the starlight.|Middlemarch|George Eliot|pm-cue|3.0|
23:00|eleven o'clock|It was eleven o'clock when he came in, though he had not been further than the precincts of the garden.|The Return of the Native|Thomas Hardy|pm-cue|3.0|
23:00|eleven o'clock|At eleven o'clock he went to bed himself, smoked for some time in his bedroom, put out his light at half-past eleven, and then, as was his invariable custom, pulled up the blind before getting into bed, that he might see which way the wind blew on opening his eyes in the morning, his bedroom window commanding a view of the flagstaff and vane.|The Return of the Native|Thomas Hardy|pm-cue|3.0|
23:00|Eleven o'clock|Eleven o'clock sounded from all the clocks of the Faubourg St. Germain.|The three musketeers|Alexandre Dumas|pm-cue|3.0|
23:00|eleven o'clock|There's not a soul in the house. The neighbor never comes home until eleven o'clock.|Les Misérables|Victor Hugo|pm-cue|3.0|
23:00|eleven o'clock|One night towards eleven o'clock they were awakened by the noise of a horse pulling up outside their door.|Madame Bovary|Gustave Flaubert|pm-cue|3.0|
23:00|eleven o'clock|"Will you - " She seemed to reflect; then abruptly, "To-morrow at eleven o'clock in the cathedral."|Madame Bovary|Gustave Flaubert|pm-cue|3.0|
23:00|eleven o'clock|He had given her till eleven o'clock the next evening for reflection.|The Phantom of the Opera|Gaston Leroux|pm-cue|3.0|
23:00|eleven o'clock|"You have given me till eleven o'clock to-morrow evening, Erik."|The Phantom of the Opera|Gaston Leroux|pm-cue|3.0|
23:00|eleven o'clock|You are right, you are right; why wait till eleven o'clock to-morrow evening?|The Phantom of the Opera|Gaston Leroux|pm-cue|3.0|
23:00|eleven o'clock|For, after all, eleven o'clock to-morrow evening might be now, might be this very moment!|The Phantom of the Opera|Gaston Leroux|pm-cue|3.0|
23:00|eleven o'clock|"Be in the cemetery," Startsev read, "at eleven o'clock to-night, near the tomb of Demetti."|The Lady with the Dog and Other Stories|Anton Pavlovich Chekhov|pm-cue|3.0|
23:00|eleven o'clock|It was eleven o'clock that night when Mr. Pontellier returned from Klein's hotel.|The Awakening, and Selected Short Stories|Kate Chopin|pm-cue|3.0|
23:00|eleven o'clock|Then she would come out at eleven o'clock and see the carriages ranged about, waiting for the people.|Sister Carrie: A Novel|Theodore Dreiser|pm-cue|3.0|
23:00|eleven o'clock|By eleven o'clock Trina returned to the flat, her brown net reticule - once her mother's - full of parcels.|McTeague: A Story of San Francisco|Frank Norris|pm-cue|3.0|
23:00|eleven o'clock|The dentist crossed the city, going back to the music store. It was a little after eleven o'clock.|McTeague: A Story of San Francisco|Frank Norris|pm-cue|3.0|
23:00|eleven o'clock at night|Don't even seem surprised that the lawyer, despite being ill, still receives you at eleven o'clock at night.|The Trial|Franz Kafka|pm-cue|3.0|
23:00|eleven o'clock|The idea of a sermon, now, at eleven o'clock, on a workday, in hideous weather, was nonsense.|The Trial|Franz Kafka|pm-cue|3.0|
23:10|ten minutes past eleven|At ten minutes past eleven the gas gave a big jump and five minutes later went out.|Of Human Bondage|W. Somerset Maugham|pm-cue|3.0|
23:20|twenty minutes past eleven|It was then twenty minutes past eleven - late enough to make it quite easy for the Count to get rid of me by the excuse that he was in bed.|The Woman in White|Wilkie Collins|pm-cue|5.0|
23:20|twenty minutes past eleven|It was twenty minutes past eleven, by my watch, when the preparations were completed, and I took my place on the chair set apart at the bottom of the bed.|The Moonstone|Wilkie Collins|pm-cue|5.0|
23:20|twenty past eleven|It appeared afterwards that on the same evening, at twenty past eleven, he made another very eccentric and unexpected visit.|Crime and Punishment|Fyodor Dostoyevsky|pm-cue|5.0|
23:25|twenty-five minutes past eleven|The dark, dreadful minutes ticked themselves off on the mantelpiece until only five minutes separated Constance from the moment when she would not know what to do next. It was twenty-five minutes past eleven.|The Old Wives' Tale|Arnold Bennett|pm-cue|5.0|
23:25|twenty-five minutes past eleven|"Hearing a' illegal noise I went down the street at twenty-five minutes past eleven P.M. on the night of the fifth instinct, Hannah Dominy.|The Mayor of Casterbridge|Thomas Hardy|pm-cue|3.0|
23:30|eleven-thirty|It is inconceivable that it was taken after eleven-thirty at night, since I understand that Mr. Hope and his wife were both in the room from that hour until the loss was found out.|The Return of Sherlock Holmes|Arthur Conan Doyle|pm-cue|5.0|
23:30|half past eleven|If not inconvenient would you call on me in Grosvenor Square to-morrow, Sunday, at half past eleven.|The Way We Live Now|Anthony Trollope|pm-cue|3.0|
23:30|half past eleven|The suspicion that it was she had crossed the mind of D'Artagnan when she drew the handkerchief from her pocket; but what probability was there that Mme. Bonacieux, who had sent for M. Laporte in order to be reconducted to the Louvre, should be running about the streets of Paris at half past eleven at night, at the risk of being abducted a second time?|The three musketeers|Alexandre Dumas|pm-cue|3.0|
23:40|twenty minutes before twelve|I've opened the safe every morning all that time (Sundays excepted) as the clock struck nine, and gone over the house every night at half-past ten (except on Foreign Post nights, and then twenty minutes before twelve) to see the doors fastened, and the fires out.|Nicholas Nickleby|Charles Dickens|pm-cue|5.0|
23:40|twenty minutes before twelve|Having arrived at Liverpool at twenty minutes before twelve on the 21st of December, he had till a quarter before nine that evening to reach the Reform Club, that is, nine hours and a quarter; the journey from Liverpool to London was six hours.|Around the World in Eighty Days|Jules Verne|pm-cue|5.0|
23:40|twenty minutes to twelve|He would not allow himself to dwell long upon these conjectures, maxims, and hopes, and at twenty minutes to twelve he again went softly to the stable, harnessed the horse, and lit the lamps; whence, taking the horse by the head, he led him with the covered car out of the yard to a spot by the roadside some quarter of a mile below the inn.|The Return of the Native|Thomas Hardy|pm-cue|3.0|
23:45|quarter to twelve|Mr. Cunningham saw him from the bedroom window, and Mr. Alec Cunningham saw him from the back passage. It was quarter to twelve when the alarm broke out.|The Memoirs of Sherlock Holmes|Arthur Conan Doyle|pm-cue|5.0|
23:45|a quarter to twelve|What occurred during that time has not yet transpired, but at a quarter to twelve Police-constable Barrett, passing along Godolphin Street observed that the door of No. 16 was ajar.|The Return of Sherlock Holmes|Arthur Conan Doyle|pm-cue|5.0|
23:45|a quarter to twelve|I looked at the clock. It was a quarter to twelve. This could not be a visitor at so late an hour.|The Memoirs of Sherlock Holmes|Arthur Conan Doyle|pm-cue|3.0|
23:45|a quarter before twelve o'clock|It was just a quarter before twelve o'clock when we got into the churchyard over the low wall.|Dracula|Bram Stoker|pm-cue|3.0|
23:45|a quarter to twelve|I waited till a quarter to twelve, and found then that I was in All Souls'.|Far from the Madding Crowd|Thomas Hardy|pm-cue|3.0|
